city,corridor,zone,hour,day_of_week,vehicle_count,historical_avg_speed_kmh,is_tech_corridor,rain_factor,target_speed_kmh,congestion_level
Bengaluru,M.G. Road & Trinity Circle Corridor,BLR_CENTRAL,6,5,256,22.0,0,0.5,6.5,SEVERE
Bengaluru,M.G. Road & Trinity Circle Corridor,BLR_CENTRAL,8,1,467,22.0,0,1.0,5.0,SEVERE
Bengaluru,Central Silk Board Junction,BLR_SOUTH,7,3,133,18.0,1,1.0,12.9,HEAVY
Bengaluru,M.G. Road & Trinity Circle Corridor,BLR_CENTRAL,14,5,192,22.0,0,1.0,14.5,HEAVY
Bengaluru,M.G. Road & Trinity Circle Corridor,BLR_CENTRAL,14,1,566,22.0,0,1.0,6.2,SEVERE
Bengaluru,Tin Factory & K.R. Puram Junction,BLR_EAST,23,0,163,12.0,1,1.0,8.2,SEVERE
Bengaluru,Goraguntepalya Tumkur Road Junction,BLR_WEST,7,6,588,24.0,0,1.0,6.3,SEVERE
Bengaluru,Whitefield ITPB Main Road,BLR_EAST,20,5,227,16.0,1,1.0,4.1,SEVERE
Bengaluru,Electronic City Elevated Expressway,BLR_SOUTH,2,0,158,48.0,1,1.0,33.2,LOW
Bengaluru,M.G. Road & Trinity Circle Corridor,BLR_CENTRAL,17,3,195,22.0,0,1.0,8.5,SEVERE
Bengaluru,Outer Ring Road (Marathahalli - Bellandur),BLR_EAST,16,5,569,20.0,1,1.0,5.6,SEVERE
Bengaluru,Central Silk Board Junction,BLR_SOUTH,12,1,379,18.0,1,1.0,8.5,SEVERE
Bengaluru,Hebbal Flyover to Airport Expressway,BLR_NORTH,4,6,266,35.0,0,1.0,20.4,MODERATE
Bengaluru,Tin Factory & K.R. Puram Junction,BLR_EAST,11,5,315,12.0,1,1.0,4.0,SEVERE
Bengaluru,Central Silk Board Junction,BLR_SOUTH,7,5,547,18.0,1,1.0,5.5,SEVERE
Bengaluru,Hebbal Flyover to Airport Expressway,BLR_NORTH,5,5,492,35.0,0,1.0,12.5,HEAVY
Bengaluru,Outer Ring Road (Marathahalli - Bellandur),BLR_EAST,16,2,231,20.0,1,1.0,12.4,HEAVY
Bengaluru,Central Silk Board Junction,BLR_SOUTH,8,2,496,18.0,1,1.0,4.0,SEVERE
Bengaluru,Electronic City Elevated Expressway,BLR_SOUTH,5,6,469,48.0,1,1.0,18.3,HEAVY
Bengaluru,Goraguntepalya Tumkur Road Junction,BLR_WEST,6,1,598,24.0,0,1.0,6.0,SEVERE
Bengaluru,Electronic City Elevated Expressway,BLR_SOUTH,0,2,318,48.0,1,1.0,25.5,MODERATE
Bengaluru,Central Silk Board Junction,BLR_SOUTH,4,4,534,18.0,1,1.0,5.7,SEVERE
Bengaluru,Central Silk Board Junction,BLR_SOUTH,18,1,435,18.0,1,1.0,4.0,SEVERE
Bengaluru,Whitefield ITPB Main Road,BLR_EAST,7,3,320,16.0,1,0.5,4.2,SEVERE
Bengaluru,Outer Ring Road (Marathahalli - Bellandur),BLR_EAST,16,0,271,20.0,1,1.0,11.6,HEAVY
Bengaluru,Tin Factory & K.R. Puram Junction,BLR_EAST,5,4,229,12.0,1,1.0,7.5,SEVERE
Bengaluru,Electronic City Elevated Expressway,BLR_SOUTH,11,2,191,48.0,1,0.5,6.5,SEVERE
Bengaluru,Central Silk Board Junction,BLR_SOUTH,17,3,582,18.0,1,1.0,4.0,SEVERE
Bengaluru,Hebbal Flyover to Airport Expressway,BLR_NORTH,8,4,184,35.0,0,1.0,13.7,HEAVY
Bengaluru,M.G. Road & Trinity Circle Corridor,BLR_CENTRAL,2,5,424,22.0,0,0.5,4.7,SEVERE
Bengaluru,Hebbal Flyover to Airport Expressway,BLR_NORTH,19,0,155,35.0,0,1.0,14.3,HEAVY
Bengaluru,Whitefield ITPB Main Road,BLR_EAST,20,6,522,16.0,1,1.0,4.0,SEVERE
Bengaluru,Hebbal Flyover to Airport Expressway,BLR_NORTH,17,3,540,35.0,0,1.0,6.4,SEVERE
Bengaluru,Electronic City Elevated Expressway,BLR_SOUTH,5,1,284,48.0,1,1.0,27.2,MODERATE
Bengaluru,Tin Factory & K.R. Puram Junction,BLR_EAST,11,3,147,12.0,1,1.0,4.0,SEVERE
Bengaluru,Outer Ring Road (Marathahalli - Bellandur),BLR_EAST,3,6,386,20.0,1,1.0,9.3,SEVERE
Bengaluru,Electronic City Elevated Expressway,BLR_SOUTH,15,1,504,48.0,1,1.0,16.6,HEAVY
Bengaluru,Central Silk Board Junction,BLR_SOUTH,5,6,158,18.0,1,1.0,12.5,HEAVY
Bengaluru,Electronic City Elevated Expressway,BLR_SOUTH,0,0,225,48.0,1,0.5,15.0,HEAVY
Bengaluru,Central Silk Board Junction,BLR_SOUTH,3,3,97,18.0,1,1.0,13.6,HEAVY
Bengaluru,Goraguntepalya Tumkur Road Junction,BLR_WEST,9,4,289,24.0,0,1.0,7.9,SEVERE
Bengaluru,Whitefield ITPB Main Road,BLR_EAST,11,6,293,16.0,1,1.0,4.0,SEVERE
Bengaluru,Tin Factory & K.R. Puram Junction,BLR_EAST,5,3,549,12.0,1,1.0,4.0,SEVERE
Bengaluru,Hebbal Flyover to Airport Expressway,BLR_NORTH,7,2,204,35.0,0,1.0,22.6,MODERATE
Bengaluru,M.G. Road & Trinity Circle Corridor,BLR_CENTRAL,14,4,150,22.0,0,1.0,15.4,HEAVY
Bengaluru,Tin Factory & K.R. Puram Junction,BLR_EAST,9,5,201,12.0,1,1.0,4.0,SEVERE
Bengaluru,Electronic City Elevated Expressway,BLR_SOUTH,21,5,409,48.0,1,0.5,4.4,SEVERE
Bengaluru,Hebbal Flyover to Airport Expressway,BLR_NORTH,17,5,284,35.0,0,1.0,11.7,HEAVY
Bengaluru,Hebbal Flyover to Airport Expressway,BLR_NORTH,4,2,135,35.0,0,0.5,12.5,HEAVY
Bengaluru,Whitefield ITPB Main Road,BLR_EAST,16,3,248,16.0,1,1.0,9.6,SEVERE
Bengaluru,Whitefield ITPB Main Road,BLR_EAST,9,1,357,16.0,1,1.0,4.0,SEVERE
Bengaluru,Outer Ring Road (Marathahalli - Bellandur),BLR_EAST,10,6,298,20.0,1,0.5,4.0,SEVERE
Bengaluru,Tin Factory & K.R. Puram Junction,BLR_EAST,16,4,555,12.0,1,1.0,4.0,SEVERE
Bengaluru,Hebbal Flyover to Airport Expressway,BLR_NORTH,13,6,579,35.0,0,1.0,9.5,SEVERE
Bengaluru,Tin Factory & K.R. Puram Junction,BLR_EAST,1,1,450,12.0,1,1.0,4.8,SEVERE
Bengaluru,Tin Factory & K.R. Puram Junction,BLR_EAST,20,6,593,12.0,1,1.0,4.0,SEVERE
Bengaluru,Tin Factory & K.R. Puram Junction,BLR_EAST,2,1,254,12.0,1,1.0,7.2,SEVERE
Bengaluru,Electronic City Elevated Expressway,BLR_SOUTH,4,4,567,48.0,1,1.0,13.6,HEAVY
Bengaluru,Outer Ring Road (Marathahalli - Bellandur),BLR_EAST,14,6,164,20.0,1,1.0,13.7,HEAVY
Bengaluru,Central Silk Board Junction,BLR_SOUTH,17,6,241,18.0,1,1.0,4.5,SEVERE
Bengaluru,Electronic City Elevated Expressway,BLR_SOUTH,23,2,141,48.0,1,1.0,34.0,LOW
Bengaluru,Whitefield ITPB Main Road,BLR_EAST,20,0,65,16.0,1,0.5,4.0,SEVERE
Bengaluru,Whitefield ITPB Main Road,BLR_EAST,14,1,484,16.0,1,1.0,5.9,SEVERE
Bengaluru,Central Silk Board Junction,BLR_SOUTH,1,5,431,18.0,1,1.0,7.5,SEVERE
Bengaluru,Whitefield ITPB Main Road,BLR_EAST,6,5,404,16.0,1,1.0,7.1,SEVERE
Bengaluru,Outer Ring Road (Marathahalli - Bellandur),BLR_EAST,19,1,539,20.0,1,1.0,4.0,SEVERE
Bengaluru,Whitefield ITPB Main Road,BLR_EAST,11,6,593,16.0,1,1.0,4.0,SEVERE
Bengaluru,Tin Factory & K.R. Puram Junction,BLR_EAST,19,2,120,12.0,1,1.0,4.0,SEVERE
Bengaluru,Central Silk Board Junction,BLR_SOUTH,14,3,225,18.0,1,1.0,11.2,HEAVY
Bengaluru,Goraguntepalya Tumkur Road Junction,BLR_WEST,4,2,156,24.0,0,0.5,8.3,SEVERE
Bengaluru,Electronic City Elevated Expressway,BLR_SOUTH,11,4,147,48.0,1,1.0,13.9,HEAVY
Bengaluru,Hebbal Flyover to Airport Expressway,BLR_NORTH,9,6,507,35.0,0,1.0,7.1,SEVERE
Bengaluru,Central Silk Board Junction,BLR_SOUTH,21,4,284,18.0,1,1.0,4.2,SEVERE
Bengaluru,Central Silk Board Junction,BLR_SOUTH,6,4,123,18.0,1,0.5,6.5,SEVERE
Bengaluru,Tin Factory & K.R. Puram Junction,BLR_EAST,21,2,203,12.0,1,1.0,4.0,SEVERE
Bengaluru,Hebbal Flyover to Airport Expressway,BLR_NORTH,5,5,283,35.0,0,1.0,19.8,HEAVY
Bengaluru,Whitefield ITPB Main Road,BLR_EAST,23,4,456,16.0,1,1.0,6.3,SEVERE
Bengaluru,Tin Factory & K.R. Puram Junction,BLR_EAST,10,6,100,12.0,1,1.0,4.0,SEVERE
Bengaluru,Central Silk Board Junction,BLR_SOUTH,16,6,215,18.0,1,1.0,11.4,HEAVY
Bengaluru,Tin Factory & K.R. Puram Junction,BLR_EAST,5,4,490,12.0,1,1.0,4.3,SEVERE
Bengaluru,Outer Ring Road (Marathahalli - Bellandur),BLR_EAST,21,6,594,20.0,1,1.0,4.0,SEVERE
Bengaluru,Outer Ring Road (Marathahalli - Bellandur),BLR_EAST,23,2,403,20.0,1,1.0,8.9,SEVERE
Bengaluru,Whitefield ITPB Main Road,BLR_EAST,8,1,395,16.0,1,1.0,4.0,SEVERE
Bengaluru,Electronic City Elevated Expressway,BLR_SOUTH,14,1,176,48.0,1,1.0,32.4,LOW
Bengaluru,Outer Ring Road (Marathahalli - Bellandur),BLR_EAST,15,1,373,20.0,1,1.0,9.5,SEVERE
Bengaluru,Tin Factory & K.R. Puram Junction,BLR_EAST,20,4,233,12.0,1,1.0,4.0,SEVERE
Bengaluru,Tin Factory & K.R. Puram Junction,BLR_EAST,12,2,190,12.0,1,1.0,7.9,SEVERE
Bengaluru,Whitefield ITPB Main Road,BLR_EAST,9,6,192,16.0,1,1.0,4.3,SEVERE
Bengaluru,Whitefield ITPB Main Road,BLR_EAST,2,0,188,16.0,1,1.0,10.6,HEAVY
Bengaluru,Hebbal Flyover to Airport Expressway,BLR_NORTH,21,5,207,35.0,0,1.0,13.2,HEAVY
Bengaluru,Whitefield ITPB Main Road,BLR_EAST,4,1,209,16.0,1,1.0,10.3,HEAVY
Bengaluru,Tin Factory & K.R. Puram Junction,BLR_EAST,17,6,184,12.0,1,1.0,4.0,SEVERE
Bengaluru,Outer Ring Road (Marathahalli - Bellandur),BLR_EAST,18,3,490,20.0,1,1.0,4.0,SEVERE
Bengaluru,Tin Factory & K.R. Puram Junction,BLR_EAST,12,2,509,12.0,1,0.5,4.0,SEVERE
Bengaluru,Electronic City Elevated Expressway,BLR_SOUTH,20,4,590,48.0,1,1.0,5.1,SEVERE
Bengaluru,Outer Ring Road (Marathahalli - Bellandur),BLR_EAST,20,4,587,20.0,1,1.0,4.0,SEVERE
Bengaluru,Goraguntepalya Tumkur Road Junction,BLR_WEST,11,1,435,24.0,0,1.0,5.9,SEVERE
Bengaluru,Hebbal Flyover to Airport Expressway,BLR_NORTH,3,1,387,35.0,0,0.5,8.1,SEVERE
Bengaluru,Hebbal Flyover to Airport Expressway,BLR_NORTH,17,3,570,35.0,0,1.0,5.8,SEVERE
Bengaluru,Electronic City Elevated Expressway,BLR_SOUTH,15,5,588,48.0,1,1.0,12.6,HEAVY
Bengaluru,Goraguntepalya Tumkur Road Junction,BLR_WEST,22,6,480,24.0,0,1.0,8.9,SEVERE
Bengaluru,Goraguntepalya Tumkur Road Junction,BLR_WEST,21,4,385,24.0,0,1.0,6.6,SEVERE
Bengaluru,Whitefield ITPB Main Road,BLR_EAST,0,0,198,16.0,1,1.0,10.4,HEAVY
Bengaluru,Tin Factory & K.R. Puram Junction,BLR_EAST,15,0,149,12.0,1,1.0,8.4,SEVERE
Bengaluru,M.G. Road & Trinity Circle Corridor,BLR_CENTRAL,2,6,282,22.0,0,1.0,12.5,HEAVY
Bengaluru,M.G. Road & Trinity Circle Corridor,BLR_CENTRAL,8,6,365,22.0,0,1.0,6.3,SEVERE
Bengaluru,Whitefield ITPB Main Road,BLR_EAST,3,5,392,16.0,1,1.0,7.3,SEVERE
Bengaluru,M.G. Road & Trinity Circle Corridor,BLR_CENTRAL,7,6,81,22.0,0,0.5,8.5,SEVERE
Bengaluru,Central Silk Board Junction,BLR_SOUTH,0,4,343,18.0,1,1.0,9.1,SEVERE
Bengaluru,Central Silk Board Junction,BLR_SOUTH,17,4,565,18.0,1,1.0,4.0,SEVERE
Bengaluru,Tin Factory & K.R. Puram Junction,BLR_EAST,2,5,471,12.0,1,0.5,4.0,SEVERE
Bengaluru,Whitefield ITPB Main Road,BLR_EAST,0,2,261,16.0,1,0.5,4.7,SEVERE
Bengaluru,Goraguntepalya Tumkur Road Junction,BLR_WEST,20,1,581,24.0,0,1.0,4.0,SEVERE
Bengaluru,Tin Factory & K.R. Puram Junction,BLR_EAST,23,6,109,12.0,1,1.0,8.9,SEVERE
Bengaluru,Hebbal Flyover to Airport Expressway,BLR_NORTH,12,6,174,35.0,0,1.0,23.7,MODERATE
Bengaluru,Central Silk Board Junction,BLR_SOUTH,17,5,97,18.0,1,1.0,5.6,SEVERE
Bengaluru,Whitefield ITPB Main Road,BLR_EAST,7,4,479,16.0,1,1.0,5.9,SEVERE
Bengaluru,Electronic City Elevated Expressway,BLR_SOUTH,15,3,394,48.0,1,1.0,21.9,MODERATE
Bengaluru,Central Silk Board Junction,BLR_SOUTH,12,4,447,18.0,1,1.0,7.3,SEVERE
Bengaluru,M.G. Road & Trinity Circle Corridor,BLR_CENTRAL,19,1,570,22.0,0,1.0,4.0,SEVERE
Bengaluru,Electronic City Elevated Expressway,BLR_SOUTH,20,1,269,48.0,1,1.0,11.5,HEAVY
Bengaluru,Hebbal Flyover to Airport Expressway,BLR_NORTH,21,0,534,35.0,0,1.0,6.5,SEVERE
Bengaluru,Electronic City Elevated Expressway,BLR_SOUTH,17,6,157,48.0,1,0.5,6.8,SEVERE
Bengaluru,M.G. Road & Trinity Circle Corridor,BLR_CENTRAL,9,0,253,22.0,0,1.0,7.7,SEVERE
Bengaluru,Outer Ring Road (Marathahalli - Bellandur),BLR_EAST,15,6,236,20.0,1,1.0,12.3,HEAVY
Bengaluru,M.G. Road & Trinity Circle Corridor,BLR_CENTRAL,23,6,204,22.0,0,1.0,14.2,HEAVY
Bengaluru,Tin Factory & K.R. Puram Junction,BLR_EAST,5,1,256,12.0,1,1.0,7.1,SEVERE
Bengaluru,Electronic City Elevated Expressway,BLR_SOUTH,18,3,84,48.0,1,1.0,15.1,HEAVY
Bengaluru,Hebbal Flyover to Airport Expressway,BLR_NORTH,12,4,178,35.0,0,1.0,23.5,MODERATE
Bengaluru,Electronic City Elevated Expressway,BLR_SOUTH,22,3,192,48.0,1,1.0,31.6,LOW
Bengaluru,Electronic City Elevated Expressway,BLR_SOUTH,20,5,403,48.0,1,0.5,4.4,SEVERE
Bengaluru,Goraguntepalya Tumkur Road Junction,BLR_WEST,15,2,555,24.0,0,1.0,7.1,SEVERE
Bengaluru,Outer Ring Road (Marathahalli - Bellandur),BLR_EAST,14,3,432,20.0,1,1.0,8.4,SEVERE
Bengaluru,M.G. Road & Trinity Circle Corridor,BLR_CENTRAL,13,0,568,22.0,0,1.0,6.2,SEVERE
Bengaluru,Electronic City Elevated Expressway,BLR_SOUTH,19,6,324,48.0,1,1.0,10.4,HEAVY
Bengaluru,M.G. Road & Trinity Circle Corridor,BLR_CENTRAL,21,3,221,22.0,0,1.0,8.1,SEVERE
Bengaluru,Whitefield ITPB Main Road,BLR_EAST,0,2,141,16.0,1,0.5,5.7,SEVERE
Bengaluru,Tin Factory & K.R. Puram Junction,BLR_EAST,18,6,583,12.0,1,0.5,4.0,SEVERE
Bengaluru,Electronic City Elevated Expressway,BLR_SOUTH,15,5,521,48.0,1,1.0,15.8,HEAVY
Bengaluru,Whitefield ITPB Main Road,BLR_EAST,6,6,88,16.0,1,1.0,12.2,HEAVY
Bengaluru,Hebbal Flyover to Airport Expressway,BLR_NORTH,9,0,503,35.0,0,1.0,7.1,SEVERE
Bengaluru,Whitefield ITPB Main Road,BLR_EAST,11,5,349,16.0,1,0.5,4.0,SEVERE
Bengaluru,Central Silk Board Junction,BLR_SOUTH,2,3,433,18.0,1,1.0,7.5,SEVERE
Bengaluru,M.G. Road & Trinity Circle Corridor,BLR_CENTRAL,7,2,159,22.0,0,1.0,15.2,HEAVY
Bengaluru,Goraguntepalya Tumkur Road Junction,BLR_WEST,11,3,413,24.0,0,1.0,6.2,SEVERE
Bengaluru,Electronic City Elevated Expressway,BLR_SOUTH,3,2,449,48.0,1,1.0,19.2,HEAVY
Bengaluru,M.G. Road & Trinity Circle Corridor,BLR_CENTRAL,1,4,277,22.0,0,1.0,12.6,HEAVY
Bengaluru,M.G. Road & Trinity Circle Corridor,BLR_CENTRAL,5,3,400,22.0,0,1.0,9.9,SEVERE
Bengaluru,Central Silk Board Junction,BLR_SOUTH,1,4,413,18.0,1,1.0,7.9,SEVERE
Bengaluru,Goraguntepalya Tumkur Road Junction,BLR_WEST,15,0,121,24.0,0,1.0,17.5,HEAVY
Bengaluru,Goraguntepalya Tumkur Road Junction,BLR_WEST,18,0,267,24.0,0,1.0,8.2,SEVERE
Bengaluru,Central Silk Board Junction,BLR_SOUTH,14,2,287,18.0,1,1.0,10.1,HEAVY
Bengaluru,Central Silk Board Junction,BLR_SOUTH,15,1,258,18.0,1,1.0,10.7,HEAVY
Bengaluru,Electronic City Elevated Expressway,BLR_SOUTH,3,5,169,48.0,1,1.0,32.7,LOW
Bengaluru,Electronic City Elevated Expressway,BLR_SOUTH,21,5,129,48.0,1,1.0,14.3,HEAVY
Bengaluru,Whitefield ITPB Main Road,BLR_EAST,11,0,466,16.0,1,1.0,4.0,SEVERE
Bengaluru,Central Silk Board Junction,BLR_SOUTH,23,4,483,18.0,1,1.0,6.6,SEVERE
Bengaluru,Tin Factory & K.R. Puram Junction,BLR_EAST,22,3,471,12.0,1,1.0,4.5,SEVERE
Bengaluru,Tin Factory & K.R. Puram Junction,BLR_EAST,21,1,506,12.0,1,1.0,4.0,SEVERE
Bengaluru,Outer Ring Road (Marathahalli - Bellandur),BLR_EAST,23,4,513,20.0,1,1.0,6.7,SEVERE
Bengaluru,Central Silk Board Junction,BLR_SOUTH,18,3,181,18.0,1,1.0,5.0,SEVERE
Bengaluru,Central Silk Board Junction,BLR_SOUTH,22,3,414,18.0,1,1.0,7.8,SEVERE
Bengaluru,Goraguntepalya Tumkur Road Junction,BLR_WEST,19,2,547,24.0,0,1.0,4.3,SEVERE
Bengaluru,M.G. Road & Trinity Circle Corridor,BLR_CENTRAL,0,2,65,22.0,0,1.0,17.3,HEAVY
Bengaluru,Tin Factory & K.R. Puram Junction,BLR_EAST,23,3,598,12.0,1,0.5,4.0,SEVERE
Bengaluru,M.G. Road & Trinity Circle Corridor,BLR_CENTRAL,8,2,462,22.0,0,0.5,4.0,SEVERE
Bengaluru,Central Silk Board Junction,BLR_SOUTH,23,3,385,18.0,1,1.0,8.4,SEVERE
Bengaluru,Whitefield ITPB Main Road,BLR_EAST,18,3,566,16.0,1,1.0,4.0,SEVERE
Bengaluru,Outer Ring Road (Marathahalli - Bellandur),BLR_EAST,12,6,195,20.0,1,0.5,6.6,SEVERE
Bengaluru,Outer Ring Road (Marathahalli - Bellandur),BLR_EAST,9,2,520,20.0,1,1.0,4.0,SEVERE
Bengaluru,Goraguntepalya Tumkur Road Junction,BLR_WEST,19,2,75,24.0,0,1.0,10.9,HEAVY
Bengaluru,Hebbal Flyover to Airport Expressway,BLR_NORTH,16,2,278,35.0,0,0.5,10.0,HEAVY
Bengaluru,Electronic City Elevated Expressway,BLR_SOUTH,23,3,263,48.0,1,1.0,28.2,MODERATE
Bengaluru,Electronic City Elevated Expressway,BLR_SOUTH,5,4,339,48.0,1,1.0,24.5,MODERATE
Bengaluru,Whitefield ITPB Main Road,BLR_EAST,12,0,549,16.0,1,1.0,4.8,SEVERE
Bengaluru,Outer Ring Road (Marathahalli - Bellandur),BLR_EAST,1,0,557,20.0,1,1.0,5.9,SEVERE
Bengaluru,Outer Ring Road (Marathahalli - Bellandur),BLR_EAST,21,5,93,20.0,1,0.5,4.0,SEVERE
Bengaluru,Outer Ring Road (Marathahalli - Bellandur),BLR_EAST,14,4,383,20.0,1,1.0,9.3,SEVERE
Bengaluru,Goraguntepalya Tumkur Road Junction,BLR_WEST,21,3,541,24.0,0,1.0,4.4,SEVERE
Bengaluru,Outer Ring Road (Marathahalli - Bellandur),BLR_EAST,6,4,512,20.0,1,1.0,6.8,SEVERE
Bengaluru,Goraguntepalya Tumkur Road Junction,BLR_WEST,0,2,328,24.0,0,1.0,12.5,HEAVY
Bengaluru,Electronic City Elevated Expressway,BLR_SOUTH,17,4,481,48.0,1,1.0,7.3,SEVERE
Bengaluru,M.G. Road & Trinity Circle Corridor,BLR_CENTRAL,20,6,363,22.0,0,1.0,6.3,SEVERE
Bengaluru,Hebbal Flyover to Airport Expressway,BLR_NORTH,12,4,212,35.0,0,1.0,22.3,MODERATE
Bengaluru,Hebbal Flyover to Airport Expressway,BLR_NORTH,23,2,157,35.0,0,1.0,24.3,MODERATE
Bengaluru,Electronic City Elevated Expressway,BLR_SOUTH,21,2,468,48.0,1,1.0,7.6,SEVERE
Bengaluru,Goraguntepalya Tumkur Road Junction,BLR_WEST,14,6,465,24.0,0,0.5,4.6,SEVERE
Bengaluru,Whitefield ITPB Main Road,BLR_EAST,16,6,413,16.0,1,1.0,7.0,SEVERE
Bengaluru,Tin Factory & K.R. Puram Junction,BLR_EAST,2,1,64,12.0,1,1.0,9.4,SEVERE
Bengaluru,M.G. Road & Trinity Circle Corridor,BLR_CENTRAL,9,2,144,22.0,0,1.0,9.1,SEVERE
Bengaluru,Goraguntepalya Tumkur Road Junction,BLR_WEST,19,2,255,24.0,0,0.5,4.2,SEVERE
Bengaluru,Goraguntepalya Tumkur Road Junction,BLR_WEST,4,5,548,24.0,0,1.0,7.2,SEVERE
Bengaluru,Whitefield ITPB Main Road,BLR_EAST,13,1,477,16.0,1,1.0,6.0,SEVERE
Bengaluru,Goraguntepalya Tumkur Road Junction,BLR_WEST,12,1,587,24.0,0,1.0,6.3,SEVERE
Bengaluru,Hebbal Flyover to Airport Expressway,BLR_NORTH,9,4,475,35.0,0,0.5,4.0,SEVERE
Bengaluru,Goraguntepalya Tumkur Road Junction,BLR_WEST,1,0,457,24.0,0,1.0,9.4,SEVERE
Bengaluru,Outer Ring Road (Marathahalli - Bellandur),BLR_EAST,8,2,388,20.0,1,1.0,4.0,SEVERE
Bengaluru,Outer Ring Road (Marathahalli - Bellandur),BLR_EAST,19,1,371,20.0,1,1.0,4.0,SEVERE
Bengaluru,Electronic City Elevated Expressway,BLR_SOUTH,8,3,109,48.0,1,0.5,7.3,SEVERE
Bengaluru,Tin Factory & K.R. Puram Junction,BLR_EAST,6,5,452,12.0,1,1.0,4.8,SEVERE
Bengaluru,Central Silk Board Junction,BLR_SOUTH,10,5,438,18.0,1,1.0,4.0,SEVERE
Bengaluru,Goraguntepalya Tumkur Road Junction,BLR_WEST,5,0,409,24.0,0,1.0,10.6,HEAVY
Bengaluru,Goraguntepalya Tumkur Road Junction,BLR_WEST,2,2,389,24.0,0,0.5,5.5,SEVERE
Bengaluru,Outer Ring Road (Marathahalli - Bellandur),BLR_EAST,2,3,592,20.0,1,1.0,5.2,SEVERE
Bengaluru,M.G. Road & Trinity Circle Corridor,BLR_CENTRAL,9,5,234,22.0,0,1.0,8.0,SEVERE
Bengaluru,Goraguntepalya Tumkur Road Junction,BLR_WEST,3,5,378,24.0,0,1.0,11.3,HEAVY
Bengaluru,Goraguntepalya Tumkur Road Junction,BLR_WEST,19,5,511,24.0,0,1.0,4.8,SEVERE
Bengaluru,Electronic City Elevated Expressway,BLR_SOUTH,15,1,529,48.0,1,1.0,15.4,HEAVY
Bengaluru,Outer Ring Road (Marathahalli - Bellandur),BLR_EAST,4,1,400,20.0,1,1.0,9.0,SEVERE
Bengaluru,Electronic City Elevated Expressway,BLR_SOUTH,12,4,195,48.0,1,1.0,31.4,LOW
Bengaluru,Tin Factory & K.R. Puram Junction,BLR_EAST,15,5,427,12.0,1,1.0,5.1,SEVERE
Bengaluru,Electronic City Elevated Expressway,BLR_SOUTH,23,4,390,48.0,1,0.5,11.0,HEAVY
Bengaluru,Whitefield ITPB Main Road,BLR_EAST,6,6,296,16.0,1,1.0,8.9,SEVERE
Bengaluru,Tin Factory & K.R. Puram Junction,BLR_EAST,10,5,516,12.0,1,1.0,4.0,SEVERE
Bengaluru,Electronic City Elevated Expressway,BLR_SOUTH,15,4,485,48.0,1,1.0,17.5,HEAVY
Bengaluru,Tin Factory & K.R. Puram Junction,BLR_EAST,23,5,70,12.0,1,1.0,9.4,SEVERE
Bengaluru,Outer Ring Road (Marathahalli - Bellandur),BLR_EAST,1,5,138,20.0,1,0.5,7.1,SEVERE
Bengaluru,Whitefield ITPB Main Road,BLR_EAST,12,3,341,16.0,1,1.0,8.1,SEVERE
Bengaluru,Outer Ring Road (Marathahalli - Bellandur),BLR_EAST,4,5,468,20.0,1,1.0,7.6,SEVERE
Bengaluru,Goraguntepalya Tumkur Road Junction,BLR_WEST,22,5,330,24.0,0,1.0,12.5,HEAVY
Bengaluru,Outer Ring Road (Marathahalli - Bellandur),BLR_EAST,10,0,311,20.0,1,0.5,4.0,SEVERE
Bengaluru,M.G. Road & Trinity Circle Corridor,BLR_CENTRAL,0,2,524,22.0,0,1.0,7.2,SEVERE
Bengaluru,Goraguntepalya Tumkur Road Junction,BLR_WEST,13,4,146,24.0,0,1.0,16.9,HEAVY
Bengaluru,Whitefield ITPB Main Road,BLR_EAST,19,0,62,16.0,1,0.5,4.0,SEVERE
Bengaluru,Hebbal Flyover to Airport Expressway,BLR_NORTH,12,2,87,35.0,0,1.0,26.7,MODERATE
Bengaluru,Tin Factory & K.R. Puram Junction,BLR_EAST,18,3,130,12.0,1,1.0,4.0,SEVERE
Bengaluru,Tin Factory & K.R. Puram Junction,BLR_EAST,20,2,115,12.0,1,1.0,4.0,SEVERE
Bengaluru,Whitefield ITPB Main Road,BLR_EAST,3,0,345,16.0,1,1.0,8.1,SEVERE
Bengaluru,Whitefield ITPB Main Road,BLR_EAST,12,3,348,16.0,1,1.0,8.0,SEVERE
Bengaluru,Electronic City Elevated Expressway,BLR_SOUTH,0,3,276,48.0,1,0.5,13.8,HEAVY
Bengaluru,Electronic City Elevated Expressway,BLR_SOUTH,1,2,436,48.0,1,1.0,19.9,HEAVY
Bengaluru,Hebbal Flyover to Airport Expressway,BLR_NORTH,7,1,401,35.0,0,1.0,15.7,HEAVY
Bengaluru,Central Silk Board Junction,BLR_SOUTH,17,0,320,18.0,1,1.0,4.0,SEVERE
Bengaluru,Central Silk Board Junction,BLR_SOUTH,5,0,522,18.0,1,1.0,5.9,SEVERE
Bengaluru,Hebbal Flyover to Airport Expressway,BLR_NORTH,10,0,235,35.0,0,1.0,12.7,HEAVY
Bengaluru,Goraguntepalya Tumkur Road Junction,BLR_WEST,10,2,498,24.0,0,1.0,5.0,SEVERE
Bengaluru,Hebbal Flyover to Airport Expressway,BLR_NORTH,22,4,268,35.0,0,1.0,20.4,MODERATE
Bengaluru,Whitefield ITPB Main Road,BLR_EAST,21,5,463,16.0,1,1.0,4.0,SEVERE
Bengaluru,Electronic City Elevated Expressway,BLR_SOUTH,9,0,208,48.0,1,1.0,12.7,HEAVY
Bengaluru,Goraguntepalya Tumkur Road Junction,BLR_WEST,4,2,184,24.0,0,1.0,16.0,HEAVY
Bengaluru,Outer Ring Road (Marathahalli - Bellandur),BLR_EAST,22,0,340,20.0,1,1.0,10.2,HEAVY
Bengaluru,M.G. Road & Trinity Circle Corridor,BLR_CENTRAL,16,0,60,22.0,0,1.0,17.4,HEAVY
Bengaluru,M.G. Road & Trinity Circle Corridor,BLR_CENTRAL,20,6,453,22.0,0,1.0,5.1,SEVERE
Bengaluru,Electronic City Elevated Expressway,BLR_SOUTH,14,1,572,48.0,1,1.0,13.3,HEAVY
Bengaluru,Tin Factory & K.R. Puram Junction,BLR_EAST,4,6,369,12.0,1,0.5,4.0,SEVERE
Bengaluru,Whitefield ITPB Main Road,BLR_EAST,8,2,545,16.0,1,1.0,4.0,SEVERE
Bengaluru,Central Silk Board Junction,BLR_SOUTH,12,1,572,18.0,1,1.0,5.0,SEVERE
Bengaluru,Hebbal Flyover to Airport Expressway,BLR_NORTH,7,1,247,35.0,0,1.0,21.1,MODERATE
Bengaluru,Whitefield ITPB Main Road,BLR_EAST,10,5,91,16.0,1,1.0,5.0,SEVERE
Bengaluru,Whitefield ITPB Main Road,BLR_EAST,1,6,561,16.0,1,1.0,4.6,SEVERE
Bengaluru,Goraguntepalya Tumkur Road Junction,BLR_WEST,6,2,303,24.0,0,0.5,6.6,SEVERE
Bengaluru,Tin Factory & K.R. Puram Junction,BLR_EAST,18,1,312,12.0,1,1.0,4.0,SEVERE
Bengaluru,Hebbal Flyover to Airport Expressway,BLR_NORTH,11,4,360,35.0,0,1.0,10.1,HEAVY
Bengaluru,Whitefield ITPB Main Road,BLR_EAST,16,4,155,16.0,1,1.0,11.1,HEAVY
Bengaluru,Central Silk Board Junction,BLR_SOUTH,12,2,336,18.0,1,1.0,9.3,SEVERE
Bengaluru,Electronic City Elevated Expressway,BLR_SOUTH,12,3,182,48.0,1,0.5,16.0,HEAVY
Bengaluru,Outer Ring Road (Marathahalli - Bellandur),BLR_EAST,16,4,493,20.0,1,1.0,7.1,SEVERE
Bengaluru,Hebbal Flyover to Airport Expressway,BLR_NORTH,2,5,518,35.0,0,1.0,11.6,HEAVY
Bengaluru,Central Silk Board Junction,BLR_SOUTH,19,0,210,18.0,1,1.0,4.7,SEVERE
Bengaluru,Central Silk Board Junction,BLR_SOUTH,17,6,321,18.0,1,0.5,4.0,SEVERE
Bengaluru,Goraguntepalya Tumkur Road Junction,BLR_WEST,20,3,260,24.0,0,1.0,8.3,SEVERE
Bengaluru,Central Silk Board Junction,BLR_SOUTH,23,2,76,18.0,1,1.0,13.9,HEAVY
Bengaluru,M.G. Road & Trinity Circle Corridor,BLR_CENTRAL,1,5,568,22.0,0,1.0,6.2,SEVERE
Bengaluru,Central Silk Board Junction,BLR_SOUTH,8,1,541,18.0,1,0.5,4.0,SEVERE
Bengaluru,Goraguntepalya Tumkur Road Junction,BLR_WEST,17,4,437,24.0,0,1.0,5.8,SEVERE
Bengaluru,Hebbal Flyover to Airport Expressway,BLR_NORTH,6,1,171,35.0,0,1.0,23.8,MODERATE
Bengaluru,M.G. Road & Trinity Circle Corridor,BLR_CENTRAL,9,1,468,22.0,0,1.0,4.9,SEVERE
Bengaluru,Central Silk Board Junction,BLR_SOUTH,17,2,574,18.0,1,1.0,4.0,SEVERE
Bengaluru,M.G. Road & Trinity Circle Corridor,BLR_CENTRAL,1,5,521,22.0,0,1.0,7.2,SEVERE
Bengaluru,Outer Ring Road (Marathahalli - Bellandur),BLR_EAST,7,5,140,20.0,1,1.0,14.2,HEAVY
Bengaluru,Central Silk Board Junction,BLR_SOUTH,22,0,374,18.0,1,1.0,8.6,SEVERE
Bengaluru,Tin Factory & K.R. Puram Junction,BLR_EAST,17,2,209,12.0,1,0.5,4.0,SEVERE
Bengaluru,Outer Ring Road (Marathahalli - Bellandur),BLR_EAST,15,3,565,20.0,1,1.0,5.7,SEVERE
Bengaluru,Whitefield ITPB Main Road,BLR_EAST,1,3,596,16.0,1,0.5,4.0,SEVERE
Bengaluru,Hebbal Flyover to Airport Expressway,BLR_NORTH,4,5,169,35.0,0,1.0,23.8,MODERATE
Bengaluru,Central Silk Board Junction,BLR_SOUTH,5,0,196,18.0,1,1.0,11.8,HEAVY
Bengaluru,Tin Factory & K.R. Puram Junction,BLR_EAST,12,3,153,12.0,1,1.0,8.4,SEVERE
Bengaluru,Outer Ring Road (Marathahalli - Bellandur),BLR_EAST,3,5,198,20.0,1,1.0,13.0,HEAVY
Bengaluru,Goraguntepalya Tumkur Road Junction,BLR_WEST,0,0,250,24.0,0,1.0,14.4,HEAVY
Bengaluru,Tin Factory & K.R. Puram Junction,BLR_EAST,21,0,90,12.0,1,1.0,4.0,SEVERE
Bengaluru,Outer Ring Road (Marathahalli - Bellandur),BLR_EAST,20,1,438,20.0,1,0.5,4.0,SEVERE
Bengaluru,Whitefield ITPB Main Road,BLR_EAST,3,1,430,16.0,1,1.0,6.7,SEVERE
Bengaluru,Hebbal Flyover to Airport Expressway,BLR_NORTH,14,6,554,35.0,0,1.0,10.4,HEAVY
Bengaluru,Goraguntepalya Tumkur Road Junction,BLR_WEST,2,6,589,24.0,0,1.0,6.3,SEVERE
Bengaluru,Hebbal Flyover to Airport Expressway,BLR_NORTH,9,2,184,35.0,0,1.0,13.7,HEAVY
Bengaluru,Whitefield ITPB Main Road,BLR_EAST,14,2,342,16.0,1,1.0,8.1,SEVERE
Bengaluru,Tin Factory & K.R. Puram Junction,BLR_EAST,17,6,212,12.0,1,1.0,4.0,SEVERE
Bengaluru,Electronic City Elevated Expressway,BLR_SOUTH,9,4,65,48.0,1,1.0,15.5,HEAVY
Bengaluru,M.G. Road & Trinity Circle Corridor,BLR_CENTRAL,5,2,164,22.0,0,1.0,15.1,HEAVY
Bengaluru,Hebbal Flyover to Airport Expressway,BLR_NORTH,9,0,290,35.0,0,1.0,11.5,HEAVY
Bengaluru,Outer Ring Road (Marathahalli - Bellandur),BLR_EAST,22,5,154,20.0,1,1.0,13.9,HEAVY
Bengaluru,Electronic City Elevated Expressway,BLR_SOUTH,5,5,222,48.0,1,1.0,30.1,LOW
Bengaluru,Whitefield ITPB Main Road,BLR_EAST,0,3,584,16.0,1,1.0,4.3,SEVERE
Bengaluru,Whitefield ITPB Main Road,BLR_EAST,9,5,408,16.0,1,1.0,4.0,SEVERE
Bengaluru,Whitefield ITPB Main Road,BLR_EAST,12,1,514,16.0,1,1.0,5.4,SEVERE
Bengaluru,Tin Factory & K.R. Puram Junction,BLR_EAST,19,2,205,12.0,1,1.0,4.0,SEVERE
Bengaluru,Tin Factory & K.R. Puram Junction,BLR_EAST,6,4,148,12.0,1,1.0,8.4,SEVERE
Bengaluru,M.G. Road & Trinity Circle Corridor,BLR_CENTRAL,9,6,237,22.0,0,1.0,7.9,SEVERE
Bengaluru,Hebbal Flyover to Airport Expressway,BLR_NORTH,12,4,94,35.0,0,0.5,13.2,HEAVY
Bengaluru,Goraguntepalya Tumkur Road Junction,BLR_WEST,17,1,397,24.0,0,1.0,6.4,SEVERE
Bengaluru,Outer Ring Road (Marathahalli - Bellandur),BLR_EAST,5,0,263,20.0,1,1.0,11.7,HEAVY
Bengaluru,Whitefield ITPB Main Road,BLR_EAST,3,1,360,16.0,1,0.5,4.0,SEVERE
Bengaluru,Outer Ring Road (Marathahalli - Bellandur),BLR_EAST,18,2,206,20.0,1,1.0,5.3,SEVERE
Bengaluru,Goraguntepalya Tumkur Road Junction,BLR_WEST,23,4,402,24.0,0,1.0,10.8,HEAVY
Bengaluru,Central Silk Board Junction,BLR_SOUTH,10,6,216,18.0,1,0.5,4.0,SEVERE
Bengaluru,Electronic City Elevated Expressway,BLR_SOUTH,9,1,61,48.0,1,1.0,15.6,HEAVY
Bengaluru,Whitefield ITPB Main Road,BLR_EAST,9,4,255,16.0,1,1.0,4.0,SEVERE
Bengaluru,Tin Factory & K.R. Puram Junction,BLR_EAST,23,4,222,12.0,1,1.0,7.5,SEVERE
Bengaluru,Goraguntepalya Tumkur Road Junction,BLR_WEST,1,1,240,24.0,0,1.0,14.6,HEAVY
Bengaluru,Hebbal Flyover to Airport Expressway,BLR_NORTH,10,6,461,35.0,0,1.0,8.0,SEVERE
Bengaluru,Goraguntepalya Tumkur Road Junction,BLR_WEST,8,3,443,24.0,0,1.0,5.7,SEVERE
Bengaluru,Outer Ring Road (Marathahalli - Bellandur),BLR_EAST,16,3,505,20.0,1,0.5,4.0,SEVERE
Bengaluru,Hebbal Flyover to Airport Expressway,BLR_NORTH,5,5,500,35.0,0,0.5,6.1,SEVERE
Bengaluru,Whitefield ITPB Main Road,BLR_EAST,22,1,65,16.0,1,1.0,12.6,HEAVY
Bengaluru,Outer Ring Road (Marathahalli - Bellandur),BLR_EAST,4,1,163,20.0,1,0.5,6.9,SEVERE
Bengaluru,Central Silk Board Junction,BLR_SOUTH,18,6,427,18.0,1,1.0,4.0,SEVERE
Bengaluru,Tin Factory & K.R. Puram Junction,BLR_EAST,14,4,584,12.0,1,1.0,4.0,SEVERE
Bengaluru,Central Silk Board Junction,BLR_SOUTH,12,5,249,18.0,1,1.0,10.8,HEAVY
Bengaluru,Electronic City Elevated Expressway,BLR_SOUTH,8,2,308,48.0,1,1.0,10.7,HEAVY
Bengaluru,M.G. Road & Trinity Circle Corridor,BLR_CENTRAL,12,1,431,22.0,0,1.0,9.2,SEVERE
Bengaluru,Goraguntepalya Tumkur Road Junction,BLR_WEST,16,3,408,24.0,0,1.0,10.6,HEAVY
Bengaluru,Outer Ring Road (Marathahalli - Bellandur),BLR_EAST,1,5,260,20.0,1,0.5,5.9,SEVERE
Bengaluru,M.G. Road & Trinity Circle Corridor,BLR_CENTRAL,15,1,203,22.0,0,1.0,14.2,HEAVY
Bengaluru,Goraguntepalya Tumkur Road Junction,BLR_WEST,16,3,176,24.0,0,1.0,16.2,HEAVY
Bengaluru,Central Silk Board Junction,BLR_SOUTH,4,3,152,18.0,1,1.0,12.6,HEAVY
Bengaluru,M.G. Road & Trinity Circle Corridor,BLR_CENTRAL,22,0,311,22.0,0,1.0,11.9,HEAVY
Bengaluru,Electronic City Elevated Expressway,BLR_SOUTH,13,2,518,48.0,1,0.5,8.0,SEVERE
Bengaluru,Whitefield ITPB Main Road,BLR_EAST,11,2,531,16.0,1,1.0,4.0,SEVERE
Bengaluru,Goraguntepalya Tumkur Road Junction,BLR_WEST,23,1,573,24.0,0,1.0,6.6,SEVERE
Bengaluru,Electronic City Elevated Expressway,BLR_SOUTH,2,5,582,48.0,1,0.5,6.4,SEVERE
Bengaluru,Outer Ring Road (Marathahalli - Bellandur),BLR_EAST,18,4,241,20.0,1,1.0,5.0,SEVERE
Bengaluru,Hebbal Flyover to Airport Expressway,BLR_NORTH,19,6,234,35.0,0,1.0,12.7,HEAVY
Bengaluru,Whitefield ITPB Main Road,BLR_EAST,21,4,414,16.0,1,0.5,4.0,SEVERE
Bengaluru,M.G. Road & Trinity Circle Corridor,BLR_CENTRAL,0,0,324,22.0,0,0.5,5.8,SEVERE
Bengaluru,Central Silk Board Junction,BLR_SOUTH,4,5,265,18.0,1,1.0,10.5,HEAVY
Bengaluru,Hebbal Flyover to Airport Expressway,BLR_NORTH,19,0,183,35.0,0,0.5,6.9,SEVERE
Bengaluru,Central Silk Board Junction,BLR_SOUTH,16,2,305,18.0,1,1.0,9.8,SEVERE
Bengaluru,M.G. Road & Trinity Circle Corridor,BLR_CENTRAL,13,2,223,22.0,0,0.5,6.9,SEVERE
Bengaluru,Central Silk Board Junction,BLR_SOUTH,18,5,149,18.0,1,1.0,5.2,SEVERE
Bengaluru,Outer Ring Road (Marathahalli - Bellandur),BLR_EAST,20,6,360,20.0,1,1.0,4.0,SEVERE
Bengaluru,Whitefield ITPB Main Road,BLR_EAST,16,4,254,16.0,1,1.0,9.5,SEVERE
Bengaluru,Electronic City Elevated Expressway,BLR_SOUTH,4,6,134,48.0,1,1.0,34.4,LOW
Bengaluru,Electronic City Elevated Expressway,BLR_SOUTH,3,6,585,48.0,1,0.5,6.4,SEVERE
Bengaluru,Goraguntepalya Tumkur Road Junction,BLR_WEST,11,1,584,24.0,0,1.0,4.0,SEVERE
Bengaluru,Central Silk Board Junction,BLR_SOUTH,13,1,558,18.0,1,1.0,5.3,SEVERE
Bengaluru,Whitefield ITPB Main Road,BLR_EAST,18,0,362,16.0,1,1.0,4.0,SEVERE
Bengaluru,Electronic City Elevated Expressway,BLR_SOUTH,11,6,246,48.0,1,0.5,6.0,SEVERE
Bengaluru,Outer Ring Road (Marathahalli - Bellandur),BLR_EAST,17,4,293,20.0,1,1.0,4.6,SEVERE
Bengaluru,Whitefield ITPB Main Road,BLR_EAST,6,3,135,16.0,1,1.0,11.4,HEAVY
Bengaluru,Outer Ring Road (Marathahalli - Bellandur),BLR_EAST,0,2,519,20.0,1,1.0,6.6,SEVERE
Bengaluru,Tin Factory & K.R. Puram Junction,BLR_EAST,23,2,415,12.0,1,1.0,5.2,SEVERE
Bengaluru,Hebbal Flyover to Airport Expressway,BLR_NORTH,1,5,444,35.0,0,1.0,14.2,HEAVY
Bengaluru,Electronic City Elevated Expressway,BLR_SOUTH,11,2,304,48.0,1,1.0,10.8,HEAVY
Bengaluru,Goraguntepalya Tumkur Road Junction,BLR_WEST,19,3,420,24.0,0,1.0,6.1,SEVERE
Bengaluru,Whitefield ITPB Main Road,BLR_EAST,0,3,404,16.0,1,1.0,7.1,SEVERE
Bengaluru,Hebbal Flyover to Airport Expressway,BLR_NORTH,7,4,181,35.0,0,1.0,23.4,MODERATE
Bengaluru,Central Silk Board Junction,BLR_SOUTH,18,2,85,18.0,1,0.5,4.0,SEVERE
Bengaluru,Electronic City Elevated Expressway,BLR_SOUTH,4,1,89,48.0,1,1.0,36.5,LOW
Bengaluru,Central Silk Board Junction,BLR_SOUTH,14,6,157,18.0,1,0.5,6.2,SEVERE
Bengaluru,Central Silk Board Junction,BLR_SOUTH,6,5,597,18.0,1,1.0,4.6,SEVERE
Bengaluru,Outer Ring Road (Marathahalli - Bellandur),BLR_EAST,19,4,201,20.0,1,0.5,4.0,SEVERE
Bengaluru,Outer Ring Road (Marathahalli - Bellandur),BLR_EAST,8,3,552,20.0,1,1.0,4.0,SEVERE
Bengaluru,Goraguntepalya Tumkur Road Junction,BLR_WEST,23,2,552,24.0,0,1.0,7.2,SEVERE
Bengaluru,Outer Ring Road (Marathahalli - Bellandur),BLR_EAST,21,3,78,20.0,1,1.0,6.4,SEVERE
Bengaluru,M.G. Road & Trinity Circle Corridor,BLR_CENTRAL,2,4,410,22.0,0,1.0,9.7,SEVERE
Bengaluru,Tin Factory & K.R. Puram Junction,BLR_EAST,9,3,334,12.0,1,1.0,4.0,SEVERE
Bengaluru,Tin Factory & K.R. Puram Junction,BLR_EAST,4,2,414,12.0,1,1.0,5.2,SEVERE
Bengaluru,Electronic City Elevated Expressway,BLR_SOUTH,9,1,351,48.0,1,1.0,9.9,SEVERE
Bengaluru,Outer Ring Road (Marathahalli - Bellandur),BLR_EAST,15,1,129,20.0,1,0.5,7.2,SEVERE
Bengaluru,Electronic City Elevated Expressway,BLR_SOUTH,21,0,416,48.0,1,0.5,4.3,SEVERE
Bengaluru,M.G. Road & Trinity Circle Corridor,BLR_CENTRAL,16,3,102,22.0,0,1.0,16.5,HEAVY
Bengaluru,Electronic City Elevated Expressway,BLR_SOUTH,22,5,234,48.0,1,1.0,29.6,MODERATE
Bengaluru,Hebbal Flyover to Airport Expressway,BLR_NORTH,13,5,465,35.0,0,1.0,13.5,HEAVY
Bengaluru,Goraguntepalya Tumkur Road Junction,BLR_WEST,11,3,277,24.0,0,0.5,4.0,SEVERE
Bengaluru,Tin Factory & K.R. Puram Junction,BLR_EAST,8,0,485,12.0,1,1.0,4.0,SEVERE
Bengaluru,Goraguntepalya Tumkur Road Junction,BLR_WEST,12,5,585,24.0,0,1.0,6.4,SEVERE
Bengaluru,Central Silk Board Junction,BLR_SOUTH,3,6,405,18.0,1,0.5,4.0,SEVERE
Bengaluru,Hebbal Flyover to Airport Expressway,BLR_NORTH,8,4,444,35.0,0,1.0,8.4,SEVERE
Bengaluru,Electronic City Elevated Expressway,BLR_SOUTH,13,6,365,48.0,1,1.0,23.3,MODERATE
Bengaluru,Hebbal Flyover to Airport Expressway,BLR_NORTH,12,1,157,35.0,0,1.0,24.3,MODERATE
Bengaluru,M.G. Road & Trinity Circle Corridor,BLR_CENTRAL,15,2,185,22.0,0,1.0,14.6,HEAVY
Bengaluru,Electronic City Elevated Expressway,BLR_SOUTH,22,2,524,48.0,1,1.0,15.6,HEAVY
Bengaluru,Central Silk Board Junction,BLR_SOUTH,3,3,134,18.0,1,1.0,12.9,HEAVY
Bengaluru,Goraguntepalya Tumkur Road Junction,BLR_WEST,22,0,525,24.0,0,1.0,7.8,SEVERE
Bengaluru,Electronic City Elevated Expressway,BLR_SOUTH,13,0,416,48.0,1,1.0,20.8,MODERATE
Bengaluru,Goraguntepalya Tumkur Road Junction,BLR_WEST,22,2,233,24.0,0,0.5,7.4,SEVERE
Bengaluru,Central Silk Board Junction,BLR_SOUTH,22,6,324,18.0,1,0.5,4.7,SEVERE
Bengaluru,Outer Ring Road (Marathahalli - Bellandur),BLR_EAST,23,1,558,20.0,1,1.0,5.8,SEVERE
Bengaluru,Goraguntepalya Tumkur Road Junction,BLR_WEST,18,4,259,24.0,0,1.0,8.3,SEVERE
Bengaluru,Electronic City Elevated Expressway,BLR_SOUTH,8,6,224,48.0,1,1.0,12.4,HEAVY
Bengaluru,Hebbal Flyover to Airport Expressway,BLR_NORTH,11,4,436,35.0,0,1.0,8.5,SEVERE
Bengaluru,Electronic City Elevated Expressway,BLR_SOUTH,10,3,106,48.0,1,1.0,14.7,HEAVY
Bengaluru,Hebbal Flyover to Airport Expressway,BLR_NORTH,14,5,513,35.0,0,1.0,11.8,HEAVY
Bengaluru,M.G. Road & Trinity Circle Corridor,BLR_CENTRAL,12,3,267,22.0,0,1.0,12.8,HEAVY
Bengaluru,Central Silk Board Junction,BLR_SOUTH,21,5,296,18.0,1,0.5,4.0,SEVERE
Bengaluru,Electronic City Elevated Expressway,BLR_SOUTH,9,1,138,48.0,1,1.0,14.1,HEAVY
Bengaluru,Goraguntepalya Tumkur Road Junction,BLR_WEST,7,6,544,24.0,0,1.0,7.3,SEVERE
Bengaluru,Tin Factory & K.R. Puram Junction,BLR_EAST,5,2,131,12.0,1,1.0,8.6,SEVERE
Bengaluru,Electronic City Elevated Expressway,BLR_SOUTH,4,6,104,48.0,1,1.0,35.8,LOW
Bengaluru,Hebbal Flyover to Airport Expressway,BLR_NORTH,4,3,227,35.0,0,1.0,21.8,MODERATE
Bengaluru,Tin Factory & K.R. Puram Junction,BLR_EAST,10,5,392,12.0,1,1.0,4.0,SEVERE
Bengaluru,Tin Factory & K.R. Puram Junction,BLR_EAST,0,1,445,12.0,1,0.5,4.0,SEVERE
Bengaluru,Outer Ring Road (Marathahalli - Bellandur),BLR_EAST,19,2,102,20.0,1,0.5,4.0,SEVERE
Bengaluru,M.G. Road & Trinity Circle Corridor,BLR_CENTRAL,19,6,289,22.0,0,0.5,4.0,SEVERE
Bengaluru,M.G. Road & Trinity Circle Corridor,BLR_CENTRAL,13,2,470,22.0,0,1.0,8.4,SEVERE
Bengaluru,Tin Factory & K.R. Puram Junction,BLR_EAST,15,5,201,12.0,1,1.0,7.8,SEVERE
Bengaluru,Central Silk Board Junction,BLR_SOUTH,8,6,346,18.0,1,1.0,4.0,SEVERE
Bengaluru,Outer Ring Road (Marathahalli - Bellandur),BLR_EAST,13,0,362,20.0,1,1.0,9.8,SEVERE
Bengaluru,Goraguntepalya Tumkur Road Junction,BLR_WEST,19,3,295,24.0,0,1.0,7.8,SEVERE
Bengaluru,Hebbal Flyover to Airport Expressway,BLR_NORTH,9,5,62,35.0,0,1.0,16.2,HEAVY
Bengaluru,Whitefield ITPB Main Road,BLR_EAST,1,2,277,16.0,1,1.0,9.2,SEVERE
Bengaluru,Central Silk Board Junction,BLR_SOUTH,16,2,144,18.0,1,0.5,6.4,SEVERE
Bengaluru,Central Silk Board Junction,BLR_SOUTH,19,2,218,18.0,1,0.5,4.0,SEVERE
Bengaluru,Electronic City Elevated Expressway,BLR_SOUTH,22,2,364,48.0,1,1.0,23.3,MODERATE
Bengaluru,Hebbal Flyover to Airport Expressway,BLR_NORTH,15,3,516,35.0,0,1.0,11.7,HEAVY
Bengaluru,Goraguntepalya Tumkur Road Junction,BLR_WEST,6,3,592,24.0,0,1.0,6.2,SEVERE
Bengaluru,Goraguntepalya Tumkur Road Junction,BLR_WEST,11,1,61,24.0,0,0.5,5.6,SEVERE
Bengaluru,Outer Ring Road (Marathahalli - Bellandur),BLR_EAST,11,4,150,20.0,1,1.0,5.8,SEVERE
Bengaluru,M.G. Road & Trinity Circle Corridor,BLR_CENTRAL,13,2,518,22.0,0,1.0,7.3,SEVERE
Bengaluru,Outer Ring Road (Marathahalli - Bellandur),BLR_EAST,7,6,201,20.0,1,1.0,13.0,HEAVY
Bengaluru,Whitefield ITPB Main Road,BLR_EAST,16,1,157,16.0,1,1.0,11.1,HEAVY
Bengaluru,M.G. Road & Trinity Circle Corridor,BLR_CENTRAL,20,4,548,22.0,0,0.5,4.0,SEVERE
Bengaluru,Goraguntepalya Tumkur Road Junction,BLR_WEST,17,1,283,24.0,0,1.0,8.0,SEVERE
Bengaluru,Central Silk Board Junction,BLR_SOUTH,18,5,157,18.0,1,1.0,5.1,SEVERE
Bengaluru,M.G. Road & Trinity Circle Corridor,BLR_CENTRAL,14,5,129,22.0,0,0.5,7.9,SEVERE
Bengaluru,M.G. Road & Trinity Circle Corridor,BLR_CENTRAL,23,6,335,22.0,0,0.5,5.7,SEVERE
Bengaluru,Hebbal Flyover to Airport Expressway,BLR_NORTH,9,5,414,35.0,0,1.0,9.0,SEVERE
Bengaluru,M.G. Road & Trinity Circle Corridor,BLR_CENTRAL,11,5,530,22.0,0,1.0,4.1,SEVERE
Bengaluru,Goraguntepalya Tumkur Road Junction,BLR_WEST,19,4,268,24.0,0,1.0,8.2,SEVERE
Bengaluru,Goraguntepalya Tumkur Road Junction,BLR_WEST,15,0,330,24.0,0,1.0,12.5,HEAVY
Bengaluru,Outer Ring Road (Marathahalli - Bellandur),BLR_EAST,18,2,510,20.0,1,1.0,4.0,SEVERE
Bengaluru,Outer Ring Road (Marathahalli - Bellandur),BLR_EAST,22,3,94,20.0,1,1.0,15.1,HEAVY
Bengaluru,Goraguntepalya Tumkur Road Junction,BLR_WEST,4,4,580,24.0,0,1.0,6.5,SEVERE
Bengaluru,Electronic City Elevated Expressway,BLR_SOUTH,22,4,405,48.0,1,1.0,21.4,MODERATE
Bengaluru,Hebbal Flyover to Airport Expressway,BLR_NORTH,4,1,393,35.0,0,1.0,16.0,HEAVY
Bengaluru,M.G. Road & Trinity Circle Corridor,BLR_CENTRAL,12,4,146,22.0,0,0.5,7.7,SEVERE
Bengaluru,Electronic City Elevated Expressway,BLR_SOUTH,15,1,196,48.0,1,1.0,31.4,LOW
Bengaluru,M.G. Road & Trinity Circle Corridor,BLR_CENTRAL,21,5,180,22.0,0,1.0,8.7,SEVERE
Bengaluru,Goraguntepalya Tumkur Road Junction,BLR_WEST,16,1,548,24.0,0,0.5,4.0,SEVERE
Bengaluru,Whitefield ITPB Main Road,BLR_EAST,10,5,195,16.0,1,0.5,4.0,SEVERE
Bengaluru,Whitefield ITPB Main Road,BLR_EAST,3,5,164,16.0,1,1.0,11.0,HEAVY
Bengaluru,Tin Factory & K.R. Puram Junction,BLR_EAST,14,4,306,12.0,1,1.0,6.5,SEVERE
Bengaluru,Hebbal Flyover to Airport Expressway,BLR_NORTH,6,2,94,35.0,0,1.0,26.5,MODERATE
Bengaluru,Electronic City Elevated Expressway,BLR_SOUTH,23,6,507,48.0,1,1.0,16.5,HEAVY
Bengaluru,Electronic City Elevated Expressway,BLR_SOUTH,14,5,201,48.0,1,1.0,31.2,LOW
Bengaluru,Outer Ring Road (Marathahalli - Bellandur),BLR_EAST,17,4,331,20.0,1,1.0,4.3,SEVERE
Bengaluru,Tin Factory & K.R. Puram Junction,BLR_EAST,0,4,245,12.0,1,1.0,7.3,SEVERE
Bengaluru,Whitefield ITPB Main Road,BLR_EAST,5,0,150,16.0,1,1.0,11.2,HEAVY
Bengaluru,Electronic City Elevated Expressway,BLR_SOUTH,19,1,314,48.0,1,1.0,10.6,HEAVY
Bengaluru,Whitefield ITPB Main Road,BLR_EAST,5,6,300,16.0,1,1.0,8.8,SEVERE
Bengaluru,Whitefield ITPB Main Road,BLR_EAST,21,2,380,16.0,1,1.0,4.0,SEVERE
Bengaluru,Central Silk Board Junction,BLR_SOUTH,14,2,508,18.0,1,1.0,6.2,SEVERE
Bengaluru,M.G. Road & Trinity Circle Corridor,BLR_CENTRAL,1,2,326,22.0,0,1.0,11.5,HEAVY
Bengaluru,Tin Factory & K.R. Puram Junction,BLR_EAST,0,0,137,12.0,1,1.0,8.6,SEVERE
Bengaluru,Outer Ring Road (Marathahalli - Bellandur),BLR_EAST,8,2,213,20.0,1,1.0,5.2,SEVERE
Bengaluru,Hebbal Flyover to Airport Expressway,BLR_NORTH,18,4,502,35.0,0,1.0,7.2,SEVERE
Bengaluru,Tin Factory & K.R. Puram Junction,BLR_EAST,0,2,424,12.0,1,1.0,5.1,SEVERE
Bengaluru,Goraguntepalya Tumkur Road Junction,BLR_WEST,20,2,172,24.0,0,0.5,4.8,SEVERE
Bengaluru,Whitefield ITPB Main Road,BLR_EAST,8,3,408,16.0,1,0.5,4.0,SEVERE
Bengaluru,Hebbal Flyover to Airport Expressway,BLR_NORTH,8,3,583,35.0,0,1.0,5.5,SEVERE
Bengaluru,M.G. Road & Trinity Circle Corridor,BLR_CENTRAL,11,6,223,22.0,0,1.0,8.1,SEVERE
Bengaluru,Hebbal Flyover to Airport Expressway,BLR_NORTH,5,0,176,35.0,0,1.0,23.6,MODERATE
Bengaluru,M.G. Road & Trinity Circle Corridor,BLR_CENTRAL,7,5,204,22.0,0,0.5,7.1,SEVERE
Bengaluru,M.G. Road & Trinity Circle Corridor,BLR_CENTRAL,20,4,70,22.0,0,0.5,5.0,SEVERE
Bengaluru,M.G. Road & Trinity Circle Corridor,BLR_CENTRAL,13,1,314,22.0,0,1.0,11.8,HEAVY
Bengaluru,Outer Ring Road (Marathahalli - Bellandur),BLR_EAST,20,1,74,20.0,1,1.0,6.4,SEVERE
Bengaluru,Goraguntepalya Tumkur Road Junction,BLR_WEST,23,6,600,24.0,0,1.0,6.0,SEVERE
Bengaluru,Electronic City Elevated Expressway,BLR_SOUTH,2,2,489,48.0,1,1.0,17.3,HEAVY
Bengaluru,Central Silk Board Junction,BLR_SOUTH,4,5,588,18.0,1,1.0,4.7,SEVERE
Bengaluru,M.G. Road & Trinity Circle Corridor,BLR_CENTRAL,14,5,528,22.0,0,1.0,7.1,SEVERE
Bengaluru,Tin Factory & K.R. Puram Junction,BLR_EAST,23,6,98,12.0,1,1.0,9.0,SEVERE
Bengaluru,Central Silk Board Junction,BLR_SOUTH,11,6,517,18.0,1,1.0,4.0,SEVERE
Bengaluru,Central Silk Board Junction,BLR_SOUTH,18,6,195,18.0,1,1.0,4.9,SEVERE
Bengaluru,Hebbal Flyover to Airport Expressway,BLR_NORTH,21,2,559,35.0,0,1.0,6.0,SEVERE
Bengaluru,M.G. Road & Trinity Circle Corridor,BLR_CENTRAL,1,1,597,22.0,0,1.0,5.6,SEVERE
Bengaluru,Central Silk Board Junction,BLR_SOUTH,12,1,197,18.0,1,1.0,11.8,HEAVY
Bengaluru,Goraguntepalya Tumkur Road Junction,BLR_WEST,19,3,87,24.0,0,1.0,10.8,HEAVY
Bengaluru,Hebbal Flyover to Airport Expressway,BLR_NORTH,18,1,473,35.0,0,1.0,7.8,SEVERE
Bengaluru,Electronic City Elevated Expressway,BLR_SOUTH,4,2,478,48.0,1,1.0,17.9,HEAVY
Bengaluru,Electronic City Elevated Expressway,BLR_SOUTH,13,3,328,48.0,1,1.0,25.1,MODERATE
Bengaluru,Outer Ring Road (Marathahalli - Bellandur),BLR_EAST,22,4,291,20.0,1,1.0,11.2,HEAVY
Bengaluru,Goraguntepalya Tumkur Road Junction,BLR_WEST,19,1,464,24.0,0,1.0,5.4,SEVERE
Bengaluru,Goraguntepalya Tumkur Road Junction,BLR_WEST,3,5,91,24.0,0,1.0,18.2,HEAVY
Bengaluru,Electronic City Elevated Expressway,BLR_SOUTH,7,1,402,48.0,1,1.0,21.5,MODERATE
Bengaluru,Hebbal Flyover to Airport Expressway,BLR_NORTH,21,2,267,35.0,0,0.5,6.0,SEVERE
Bengaluru,Tin Factory & K.R. Puram Junction,BLR_EAST,13,0,552,12.0,1,1.0,4.0,SEVERE
Bengaluru,M.G. Road & Trinity Circle Corridor,BLR_CENTRAL,16,6,322,22.0,0,1.0,11.6,HEAVY
Bengaluru,Goraguntepalya Tumkur Road Junction,BLR_WEST,22,2,342,24.0,0,1.0,12.2,HEAVY
Bengaluru,Outer Ring Road (Marathahalli - Bellandur),BLR_EAST,23,0,407,20.0,1,1.0,8.9,SEVERE
Bengaluru,Hebbal Flyover to Airport Expressway,BLR_NORTH,0,5,503,35.0,0,1.0,12.1,HEAVY
Bengaluru,Whitefield ITPB Main Road,BLR_EAST,22,0,182,16.0,1,0.5,5.3,SEVERE
Bengaluru,Tin Factory & K.R. Puram Junction,BLR_EAST,4,2,143,12.0,1,1.0,8.5,SEVERE
Bengaluru,Electronic City Elevated Expressway,BLR_SOUTH,19,0,379,48.0,1,1.0,9.3,SEVERE
Bengaluru,Hebbal Flyover to Airport Expressway,BLR_NORTH,17,3,374,35.0,0,0.5,4.9,SEVERE
Bengaluru,Hebbal Flyover to Airport Expressway,BLR_NORTH,2,6,383,35.0,0,1.0,16.3,HEAVY
Bengaluru,Electronic City Elevated Expressway,BLR_SOUTH,15,4,321,48.0,1,1.0,25.4,MODERATE
Bengaluru,Central Silk Board Junction,BLR_SOUTH,11,5,306,18.0,1,1.0,4.0,SEVERE
Bengaluru,Goraguntepalya Tumkur Road Junction,BLR_WEST,18,5,126,24.0,0,1.0,10.2,HEAVY
Bengaluru,Central Silk Board Junction,BLR_SOUTH,18,0,593,18.0,1,0.5,4.0,SEVERE
Bengaluru,Electronic City Elevated Expressway,BLR_SOUTH,3,5,210,48.0,1,1.0,30.7,LOW
Bengaluru,Central Silk Board Junction,BLR_SOUTH,9,2,297,18.0,1,1.0,4.1,SEVERE
Bengaluru,Electronic City Elevated Expressway,BLR_SOUTH,12,4,365,48.0,1,0.5,11.6,HEAVY
Bengaluru,Whitefield ITPB Main Road,BLR_EAST,23,3,593,16.0,1,1.0,4.1,SEVERE
Bengaluru,Tin Factory & K.R. Puram Junction,BLR_EAST,10,6,180,12.0,1,0.5,4.0,SEVERE
Bengaluru,Outer Ring Road (Marathahalli - Bellandur),BLR_EAST,19,6,390,20.0,1,1.0,4.0,SEVERE
Bengaluru,Goraguntepalya Tumkur Road Junction,BLR_WEST,8,0,592,24.0,0,1.0,4.0,SEVERE
Bengaluru,Whitefield ITPB Main Road,BLR_EAST,7,0,174,16.0,1,1.0,10.8,HEAVY
Bengaluru,Whitefield ITPB Main Road,BLR_EAST,19,5,151,16.0,1,1.0,4.6,SEVERE
Bengaluru,Goraguntepalya Tumkur Road Junction,BLR_WEST,2,1,462,24.0,0,0.5,4.7,SEVERE
Bengaluru,Central Silk Board Junction,BLR_SOUTH,14,6,447,18.0,1,1.0,7.3,SEVERE
Bengaluru,Goraguntepalya Tumkur Road Junction,BLR_WEST,12,6,241,24.0,0,1.0,14.6,HEAVY
Bengaluru,Electronic City Elevated Expressway,BLR_SOUTH,4,0,98,48.0,1,1.0,36.1,LOW
Bengaluru,Hebbal Flyover to Airport Expressway,BLR_NORTH,12,6,106,35.0,0,1.0,26.0,MODERATE
Bengaluru,M.G. Road & Trinity Circle Corridor,BLR_CENTRAL,17,5,83,22.0,0,1.0,9.9,SEVERE
Bengaluru,Tin Factory & K.R. Puram Junction,BLR_EAST,23,4,139,12.0,1,0.5,4.3,SEVERE
Bengaluru,Electronic City Elevated Expressway,BLR_SOUTH,1,2,317,48.0,1,0.5,12.8,HEAVY
Bengaluru,Whitefield ITPB Main Road,BLR_EAST,11,5,298,16.0,1,0.5,4.0,SEVERE
Bengaluru,Central Silk Board Junction,BLR_SOUTH,3,6,80,18.0,1,1.0,13.9,HEAVY
Bengaluru,Tin Factory & K.R. Puram Junction,BLR_EAST,22,0,415,12.0,1,0.5,4.0,SEVERE
Bengaluru,Central Silk Board Junction,BLR_SOUTH,17,2,334,18.0,1,0.5,4.0,SEVERE
Bengaluru,Central Silk Board Junction,BLR_SOUTH,6,5,447,18.0,1,1.0,7.3,SEVERE
Bengaluru,Tin Factory & K.R. Puram Junction,BLR_EAST,22,2,178,12.0,1,1.0,8.1,SEVERE
Bengaluru,Goraguntepalya Tumkur Road Junction,BLR_WEST,16,5,592,24.0,0,1.0,6.2,SEVERE
Bengaluru,Outer Ring Road (Marathahalli - Bellandur),BLR_EAST,11,0,540,20.0,1,1.0,4.0,SEVERE
Bengaluru,Central Silk Board Junction,BLR_SOUTH,14,5,266,18.0,1,1.0,10.5,HEAVY
Bengaluru,Electronic City Elevated Expressway,BLR_SOUTH,2,2,258,48.0,1,0.5,14.2,HEAVY
Bengaluru,Central Silk Board Junction,BLR_SOUTH,17,5,156,18.0,1,1.0,5.1,SEVERE
Bengaluru,Goraguntepalya Tumkur Road Junction,BLR_WEST,18,3,380,24.0,0,1.0,6.6,SEVERE
Bengaluru,Goraguntepalya Tumkur Road Junction,BLR_WEST,12,5,137,24.0,0,1.0,17.1,HEAVY
Bengaluru,Goraguntepalya Tumkur Road Junction,BLR_WEST,12,3,580,24.0,0,1.0,6.5,SEVERE
Bengaluru,Tin Factory & K.R. Puram Junction,BLR_EAST,10,6,467,12.0,1,1.0,4.0,SEVERE
Bengaluru,Goraguntepalya Tumkur Road Junction,BLR_WEST,13,3,259,24.0,0,1.0,14.2,HEAVY
Bengaluru,Hebbal Flyover to Airport Expressway,BLR_NORTH,14,5,478,35.0,0,1.0,13.0,HEAVY
Bengaluru,Goraguntepalya Tumkur Road Junction,BLR_WEST,9,0,118,24.0,0,1.0,10.3,HEAVY
Bengaluru,Whitefield ITPB Main Road,BLR_EAST,17,0,203,16.0,1,1.0,4.3,SEVERE
Bengaluru,M.G. Road & Trinity Circle Corridor,BLR_CENTRAL,12,5,535,22.0,0,1.0,6.9,SEVERE
Bengaluru,Central Silk Board Junction,BLR_SOUTH,20,0,129,18.0,1,1.0,5.3,SEVERE
Bengaluru,Whitefield ITPB Main Road,BLR_EAST,1,2,225,16.0,1,1.0,10.0,HEAVY
Bengaluru,Goraguntepalya Tumkur Road Junction,BLR_WEST,9,4,599,24.0,0,0.5,4.0,SEVERE
Bengaluru,Goraguntepalya Tumkur Road Junction,BLR_WEST,12,3,368,24.0,0,1.0,11.6,HEAVY
Bengaluru,M.G. Road & Trinity Circle Corridor,BLR_CENTRAL,11,2,272,22.0,0,1.0,7.5,SEVERE
Bengaluru,Tin Factory & K.R. Puram Junction,BLR_EAST,21,5,515,12.0,1,1.0,4.0,SEVERE
Bengaluru,Central Silk Board Junction,BLR_SOUTH,10,1,121,18.0,1,1.0,5.4,SEVERE
Bengaluru,Central Silk Board Junction,BLR_SOUTH,10,5,488,18.0,1,0.5,4.0,SEVERE
Bengaluru,Hebbal Flyover to Airport Expressway,BLR_NORTH,12,5,170,35.0,0,1.0,23.8,MODERATE
Bengaluru,Central Silk Board Junction,BLR_SOUTH,13,5,430,18.0,1,1.0,7.6,SEVERE
Bengaluru,Outer Ring Road (Marathahalli - Bellandur),BLR_EAST,6,6,397,20.0,1,1.0,9.1,SEVERE
Bengaluru,M.G. Road & Trinity Circle Corridor,BLR_CENTRAL,3,6,548,22.0,0,0.5,4.0,SEVERE
Bengaluru,Central Silk Board Junction,BLR_SOUTH,13,1,243,18.0,1,1.0,10.9,HEAVY
Bengaluru,Tin Factory & K.R. Puram Junction,BLR_EAST,8,1,144,12.0,1,1.0,4.0,SEVERE
Bengaluru,Whitefield ITPB Main Road,BLR_EAST,14,4,436,16.0,1,1.0,6.6,SEVERE
Bengaluru,Tin Factory & K.R. Puram Junction,BLR_EAST,1,5,334,12.0,1,1.0,6.2,SEVERE
Bengaluru,Central Silk Board Junction,BLR_SOUTH,2,1,395,18.0,1,0.5,4.1,SEVERE
Bengaluru,Central Silk Board Junction,BLR_SOUTH,5,6,172,18.0,1,1.0,12.2,HEAVY
Bengaluru,Goraguntepalya Tumkur Road Junction,BLR_WEST,20,6,99,24.0,0,1.0,10.6,HEAVY
Bengaluru,Whitefield ITPB Main Road,BLR_EAST,0,6,224,16.0,1,1.0,10.0,HEAVY
Bengaluru,Whitefield ITPB Main Road,BLR_EAST,6,1,360,16.0,1,0.5,4.0,SEVERE
Bengaluru,M.G. Road & Trinity Circle Corridor,BLR_CENTRAL,20,0,532,22.0,0,0.5,4.0,SEVERE
Bengaluru,M.G. Road & Trinity Circle Corridor,BLR_CENTRAL,5,0,186,22.0,0,1.0,14.6,HEAVY
Bengaluru,Electronic City Elevated Expressway,BLR_SOUTH,22,6,182,48.0,1,1.0,32.1,LOW
Bengaluru,Outer Ring Road (Marathahalli - Bellandur),BLR_EAST,6,4,79,20.0,1,1.0,15.4,HEAVY
Bengaluru,Outer Ring Road (Marathahalli - Bellandur),BLR_EAST,10,3,81,20.0,1,1.0,6.3,SEVERE
Bengaluru,Whitefield ITPB Main Road,BLR_EAST,12,3,457,16.0,1,1.0,6.3,SEVERE
Bengaluru,Electronic City Elevated Expressway,BLR_SOUTH,9,0,318,48.0,1,1.0,10.5,HEAVY
Bengaluru,Central Silk Board Junction,BLR_SOUTH,23,1,573,18.0,1,1.0,5.0,SEVERE
Bengaluru,Hebbal Flyover to Airport Expressway,BLR_NORTH,0,6,365,35.0,0,0.5,8.5,SEVERE
Bengaluru,Hebbal Flyover to Airport Expressway,BLR_NORTH,7,6,195,35.0,0,1.0,22.9,MODERATE
Bengaluru,Tin Factory & K.R. Puram Junction,BLR_EAST,17,5,284,12.0,1,1.0,4.0,SEVERE
Bengaluru,Outer Ring Road (Marathahalli - Bellandur),BLR_EAST,0,5,296,20.0,1,1.0,11.1,HEAVY
Bengaluru,Central Silk Board Junction,BLR_SOUTH,12,0,541,18.0,1,0.5,4.0,SEVERE
Bengaluru,Electronic City Elevated Expressway,BLR_SOUTH,19,3,417,48.0,1,1.0,8.6,SEVERE
Bengaluru,M.G. Road & Trinity Circle Corridor,BLR_CENTRAL,10,2,149,22.0,0,1.0,9.1,SEVERE
Bengaluru,Tin Factory & K.R. Puram Junction,BLR_EAST,0,6,320,12.0,1,1.0,6.4,SEVERE
Bengaluru,Outer Ring Road (Marathahalli - Bellandur),BLR_EAST,17,6,355,20.0,1,1.0,4.1,SEVERE
Bengaluru,Electronic City Elevated Expressway,BLR_SOUTH,14,6,172,48.0,1,1.0,32.5,LOW
Bengaluru,Hebbal Flyover to Airport Expressway,BLR_NORTH,18,3,194,35.0,0,1.0,13.5,HEAVY
Bengaluru,Central Silk Board Junction,BLR_SOUTH,16,3,195,18.0,1,0.5,5.9,SEVERE
Bengaluru,M.G. Road & Trinity Circle Corridor,BLR_CENTRAL,22,5,439,22.0,0,1.0,9.0,SEVERE
Bengaluru,Outer Ring Road (Marathahalli - Bellandur),BLR_EAST,13,5,247,20.0,1,1.0,12.1,HEAVY
Bengaluru,Whitefield ITPB Main Road,BLR_EAST,12,0,150,16.0,1,1.0,11.2,HEAVY
Bengaluru,Central Silk Board Junction,BLR_SOUTH,1,3,395,18.0,1,0.5,4.1,SEVERE
Bengaluru,Whitefield ITPB Main Road,BLR_EAST,22,6,210,16.0,1,1.0,10.2,HEAVY
Bengaluru,Central Silk Board Junction,BLR_SOUTH,2,4,353,18.0,1,1.0,8.9,SEVERE
Bengaluru,Outer Ring Road (Marathahalli - Bellandur),BLR_EAST,14,5,163,20.0,1,1.0,13.7,HEAVY
Bengaluru,Outer Ring Road (Marathahalli - Bellandur),BLR_EAST,14,0,549,20.0,1,1.0,6.0,SEVERE
Bengaluru,Goraguntepalya Tumkur Road Junction,BLR_WEST,14,0,240,24.0,0,1.0,14.6,HEAVY
Bengaluru,Electronic City Elevated Expressway,BLR_SOUTH,6,4,566,48.0,1,0.5,6.8,SEVERE
Bengaluru,Outer Ring Road (Marathahalli - Bellandur),BLR_EAST,16,5,336,20.0,1,0.5,5.1,SEVERE
Bengaluru,Tin Factory & K.R. Puram Junction,BLR_EAST,21,1,493,12.0,1,1.0,4.0,SEVERE
Bengaluru,M.G. Road & Trinity Circle Corridor,BLR_CENTRAL,2,1,419,22.0,0,1.0,9.5,SEVERE
Bengaluru,Goraguntepalya Tumkur Road Junction,BLR_WEST,22,4,573,24.0,0,1.0,6.6,SEVERE
Bengaluru,Central Silk Board Junction,BLR_SOUTH,5,2,442,18.0,1,0.5,4.0,SEVERE
Bengaluru,Goraguntepalya Tumkur Road Junction,BLR_WEST,2,1,128,24.0,0,1.0,17.3,HEAVY
Bengaluru,Goraguntepalya Tumkur Road Junction,BLR_WEST,0,6,80,24.0,0,0.5,9.2,SEVERE
Bengaluru,Goraguntepalya Tumkur Road Junction,BLR_WEST,9,1,109,24.0,0,1.0,10.5,HEAVY
Bengaluru,Tin Factory & K.R. Puram Junction,BLR_EAST,9,5,196,12.0,1,1.0,4.0,SEVERE
Bengaluru,Electronic City Elevated Expressway,BLR_SOUTH,13,6,214,48.0,1,1.0,30.5,LOW
Bengaluru,Outer Ring Road (Marathahalli - Bellandur),BLR_EAST,16,3,254,20.0,1,1.0,11.9,HEAVY
Bengaluru,Central Silk Board Junction,BLR_SOUTH,17,1,538,18.0,1,0.5,4.0,SEVERE
Bengaluru,Central Silk Board Junction,BLR_SOUTH,18,5,126,18.0,1,1.0,5.4,SEVERE
Bengaluru,Electronic City Elevated Expressway,BLR_SOUTH,8,0,319,48.0,1,1.0,10.5,HEAVY
Bengaluru,Central Silk Board Junction,BLR_SOUTH,19,0,574,18.0,1,1.0,4.0,SEVERE
Bengaluru,Central Silk Board Junction,BLR_SOUTH,22,1,163,18.0,1,1.0,12.4,HEAVY
Bengaluru,Hebbal Flyover to Airport Expressway,BLR_NORTH,15,1,183,35.0,0,1.0,23.3,MODERATE
Bengaluru,M.G. Road & Trinity Circle Corridor,BLR_CENTRAL,22,3,509,22.0,0,1.0,7.5,SEVERE
Bengaluru,Goraguntepalya Tumkur Road Junction,BLR_WEST,13,5,586,24.0,0,1.0,6.3,SEVERE
Bengaluru,M.G. Road & Trinity Circle Corridor,BLR_CENTRAL,2,3,600,22.0,0,1.0,5.5,SEVERE
Bengaluru,Whitefield ITPB Main Road,BLR_EAST,17,5,212,16.0,1,0.5,4.0,SEVERE
Bengaluru,Hebbal Flyover to Airport Expressway,BLR_NORTH,19,6,389,35.0,0,0.5,4.7,SEVERE
Bengaluru,Goraguntepalya Tumkur Road Junction,BLR_WEST,8,5,507,24.0,0,1.0,4.8,SEVERE
Bengaluru,Tin Factory & K.R. Puram Junction,BLR_EAST,11,2,401,12.0,1,1.0,4.0,SEVERE
Bengaluru,Electronic City Elevated Expressway,BLR_SOUTH,7,1,401,48.0,1,1.0,21.6,MODERATE
Bengaluru,Outer Ring Road (Marathahalli - Bellandur),BLR_EAST,22,3,550,20.0,1,1.0,6.0,SEVERE
Bengaluru,Hebbal Flyover to Airport Expressway,BLR_NORTH,8,0,453,35.0,0,1.0,8.2,SEVERE
Bengaluru,Central Silk Board Junction,BLR_SOUTH,10,2,529,18.0,1,0.5,4.0,SEVERE
Bengaluru,M.G. Road & Trinity Circle Corridor,BLR_CENTRAL,23,6,424,22.0,0,1.0,9.4,SEVERE
Bengaluru,Outer Ring Road (Marathahalli - Bellandur),BLR_EAST,3,3,355,20.0,1,1.0,9.9,SEVERE
Bengaluru,Electronic City Elevated Expressway,BLR_SOUTH,5,4,395,48.0,1,1.0,21.8,MODERATE
Bengaluru,M.G. Road & Trinity Circle Corridor,BLR_CENTRAL,21,0,274,22.0,0,0.5,4.0,SEVERE
Bengaluru,Central Silk Board Junction,BLR_SOUTH,2,5,556,18.0,1,1.0,5.3,SEVERE
Bengaluru,Outer Ring Road (Marathahalli - Bellandur),BLR_EAST,13,1,470,20.0,1,1.0,7.6,SEVERE
Bengaluru,Outer Ring Road (Marathahalli - Bellandur),BLR_EAST,5,2,353,20.0,1,1.0,9.9,SEVERE
Bengaluru,M.G. Road & Trinity Circle Corridor,BLR_CENTRAL,1,1,278,22.0,0,1.0,12.6,HEAVY
Bengaluru,Electronic City Elevated Expressway,BLR_SOUTH,17,0,324,48.0,1,1.0,10.4,HEAVY
Bengaluru,Central Silk Board Junction,BLR_SOUTH,18,4,599,18.0,1,0.5,4.0,SEVERE
Bengaluru,Central Silk Board Junction,BLR_SOUTH,18,6,80,18.0,1,1.0,5.7,SEVERE
Bengaluru,Goraguntepalya Tumkur Road Junction,BLR_WEST,18,6,101,24.0,0,1.0,10.6,HEAVY
Bengaluru,Electronic City Elevated Expressway,BLR_SOUTH,18,5,592,48.0,1,0.5,4.0,SEVERE
Bengaluru,M.G. Road & Trinity Circle Corridor,BLR_CENTRAL,1,0,294,22.0,0,0.5,6.1,SEVERE
Bengaluru,M.G. Road & Trinity Circle Corridor,BLR_CENTRAL,7,3,571,22.0,0,0.5,4.0,SEVERE
Bengaluru,M.G. Road & Trinity Circle Corridor,BLR_CENTRAL,0,1,112,22.0,0,1.0,16.2,HEAVY
Bengaluru,Central Silk Board Junction,BLR_SOUTH,9,2,350,18.0,1,1.0,4.0,SEVERE
Bengaluru,Goraguntepalya Tumkur Road Junction,BLR_WEST,18,4,308,24.0,0,1.0,7.7,SEVERE
Bengaluru,Outer Ring Road (Marathahalli - Bellandur),BLR_EAST,19,5,71,20.0,1,1.0,6.4,SEVERE
Bengaluru,Outer Ring Road (Marathahalli - Bellandur),BLR_EAST,10,0,491,20.0,1,1.0,4.0,SEVERE
Bengaluru,M.G. Road & Trinity Circle Corridor,BLR_CENTRAL,0,1,419,22.0,0,1.0,9.5,SEVERE
Bengaluru,Whitefield ITPB Main Road,BLR_EAST,18,4,528,16.0,1,1.0,4.0,SEVERE
Bengaluru,Whitefield ITPB Main Road,BLR_EAST,6,4,313,16.0,1,1.0,8.6,SEVERE
Bengaluru,M.G. Road & Trinity Circle Corridor,BLR_CENTRAL,11,1,187,22.0,0,1.0,8.6,SEVERE
Bengaluru,Electronic City Elevated Expressway,BLR_SOUTH,19,1,469,48.0,1,1.0,7.5,SEVERE
Bengaluru,M.G. Road & Trinity Circle Corridor,BLR_CENTRAL,23,0,229,22.0,0,1.0,13.7,HEAVY
Bengaluru,Central Silk Board Junction,BLR_SOUTH,16,3,95,18.0,1,1.0,13.6,HEAVY
Bengaluru,Outer Ring Road (Marathahalli - Bellandur),BLR_EAST,7,6,408,20.0,1,0.5,4.4,SEVERE
Bengaluru,Hebbal Flyover to Airport Expressway,BLR_NORTH,21,3,556,35.0,0,1.0,6.1,SEVERE
Bengaluru,Goraguntepalya Tumkur Road Junction,BLR_WEST,4,1,503,24.0,0,1.0,8.3,SEVERE
Bengaluru,Central Silk Board Junction,BLR_SOUTH,14,1,213,18.0,1,1.0,11.5,HEAVY
Bengaluru,Central Silk Board Junction,BLR_SOUTH,9,0,529,18.0,1,1.0,4.0,SEVERE
Bengaluru,Central Silk Board Junction,BLR_SOUTH,23,6,114,18.0,1,1.0,13.2,HEAVY
Bengaluru,Central Silk Board Junction,BLR_SOUTH,20,0,198,18.0,1,1.0,4.8,SEVERE
Bengaluru,M.G. Road & Trinity Circle Corridor,BLR_CENTRAL,1,3,500,22.0,0,1.0,7.7,SEVERE
Bengaluru,Goraguntepalya Tumkur Road Junction,BLR_WEST,10,5,124,24.0,0,1.0,10.2,HEAVY
Bengaluru,Outer Ring Road (Marathahalli - Bellandur),BLR_EAST,10,4,302,20.0,1,1.0,4.5,SEVERE
Bengaluru,Tin Factory & K.R. Puram Junction,BLR_EAST,8,3,323,12.0,1,1.0,4.0,SEVERE
Bengaluru,Tin Factory & K.R. Puram Junction,BLR_EAST,14,1,374,12.0,1,1.0,5.7,SEVERE
Bengaluru,Whitefield ITPB Main Road,BLR_EAST,5,0,102,16.0,1,1.0,12.0,HEAVY
Bengaluru,Outer Ring Road (Marathahalli - Bellandur),BLR_EAST,10,6,261,20.0,1,0.5,4.0,SEVERE
Bengaluru,Goraguntepalya Tumkur Road Junction,BLR_WEST,5,5,486,24.0,0,1.0,8.7,SEVERE
Bengaluru,Goraguntepalya Tumkur Road Junction,BLR_WEST,11,2,128,24.0,0,0.5,5.1,SEVERE
Bengaluru,Central Silk Board Junction,BLR_SOUTH,16,5,171,18.0,1,0.5,6.1,SEVERE
Bengaluru,Hebbal Flyover to Airport Expressway,BLR_NORTH,16,4,151,35.0,0,1.0,24.5,MODERATE
Bengaluru,Electronic City Elevated Expressway,BLR_SOUTH,10,5,129,48.0,1,1.0,14.3,HEAVY
Bengaluru,M.G. Road & Trinity Circle Corridor,BLR_CENTRAL,9,3,585,22.0,0,1.0,4.0,SEVERE
Bengaluru,Hebbal Flyover to Airport Expressway,BLR_NORTH,19,4,62,35.0,0,1.0,16.2,HEAVY
Bengaluru,Whitefield ITPB Main Road,BLR_EAST,22,6,509,16.0,1,0.5,4.0,SEVERE
Bengaluru,Goraguntepalya Tumkur Road Junction,BLR_WEST,4,6,500,24.0,0,1.0,8.4,SEVERE
Bengaluru,Hebbal Flyover to Airport Expressway,BLR_NORTH,21,6,582,35.0,0,1.0,5.5,SEVERE
Bengaluru,M.G. Road & Trinity Circle Corridor,BLR_CENTRAL,9,5,273,22.0,0,1.0,7.5,SEVERE
Bengaluru,Tin Factory & K.R. Puram Junction,BLR_EAST,0,1,548,12.0,1,1.0,4.0,SEVERE
Bengaluru,Electronic City Elevated Expressway,BLR_SOUTH,18,6,179,48.0,1,0.5,6.6,SEVERE
Bengaluru,Goraguntepalya Tumkur Road Junction,BLR_WEST,19,0,355,24.0,0,1.0,7.0,SEVERE
Bengaluru,M.G. Road & Trinity Circle Corridor,BLR_CENTRAL,20,5,61,22.0,0,1.0,10.2,HEAVY
Bengaluru,Outer Ring Road (Marathahalli - Bellandur),BLR_EAST,13,3,368,20.0,1,1.0,9.6,SEVERE
Bengaluru,Goraguntepalya Tumkur Road Junction,BLR_WEST,12,6,403,24.0,0,1.0,10.7,HEAVY
Bengaluru,M.G. Road & Trinity Circle Corridor,BLR_CENTRAL,14,0,65,22.0,0,1.0,17.3,HEAVY
Bengaluru,Outer Ring Road (Marathahalli - Bellandur),BLR_EAST,18,3,350,20.0,1,1.0,4.1,SEVERE
Bengaluru,Central Silk Board Junction,BLR_SOUTH,22,6,266,18.0,1,1.0,10.5,HEAVY
Bengaluru,Electronic City Elevated Expressway,BLR_SOUTH,12,4,466,48.0,1,1.0,18.4,HEAVY
Bengaluru,Whitefield ITPB Main Road,BLR_EAST,17,1,472,16.0,1,1.0,4.0,SEVERE
Bengaluru,Goraguntepalya Tumkur Road Junction,BLR_WEST,22,2,586,24.0,0,1.0,6.3,SEVERE
Bengaluru,Tin Factory & K.R. Puram Junction,BLR_EAST,0,1,447,12.0,1,1.0,4.8,SEVERE
Bengaluru,Hebbal Flyover to Airport Expressway,BLR_NORTH,18,3,334,35.0,0,1.0,10.6,HEAVY
Bengaluru,Electronic City Elevated Expressway,BLR_SOUTH,9,2,124,48.0,1,1.0,14.3,HEAVY
Bengaluru,Electronic City Elevated Expressway,BLR_SOUTH,17,6,232,48.0,1,1.0,12.2,HEAVY
Bengaluru,Hebbal Flyover to Airport Expressway,BLR_NORTH,22,4,178,35.0,0,0.5,11.8,HEAVY
Bengaluru,M.G. Road & Trinity Circle Corridor,BLR_CENTRAL,3,0,198,22.0,0,1.0,14.3,HEAVY
Bengaluru,Outer Ring Road (Marathahalli - Bellandur),BLR_EAST,11,1,553,20.0,1,1.0,4.0,SEVERE
Bengaluru,Electronic City Elevated Expressway,BLR_SOUTH,18,3,189,48.0,1,1.0,13.1,HEAVY
Bengaluru,Tin Factory & K.R. Puram Junction,BLR_EAST,4,5,522,12.0,1,1.0,4.0,SEVERE
Bengaluru,Hebbal Flyover to Airport Expressway,BLR_NORTH,12,0,503,35.0,0,1.0,12.1,HEAVY
Bengaluru,Whitefield ITPB Main Road,BLR_EAST,2,6,158,16.0,1,1.0,11.1,HEAVY
Bengaluru,Whitefield ITPB Main Road,BLR_EAST,17,5,320,16.0,1,0.5,4.0,SEVERE
Bengaluru,Tin Factory & K.R. Puram Junction,BLR_EAST,16,0,303,12.0,1,1.0,6.6,SEVERE
Bengaluru,Whitefield ITPB Main Road,BLR_EAST,9,2,121,16.0,1,1.0,4.8,SEVERE
Bengaluru,Outer Ring Road (Marathahalli - Bellandur),BLR_EAST,10,3,227,20.0,1,1.0,5.1,SEVERE
Bengaluru,Electronic City Elevated Expressway,BLR_SOUTH,7,1,496,48.0,1,1.0,17.0,HEAVY
Bengaluru,Whitefield ITPB Main Road,BLR_EAST,2,1,569,16.0,1,1.0,4.5,SEVERE
Bengaluru,Tin Factory & K.R. Puram Junction,BLR_EAST,15,5,181,12.0,1,1.0,8.0,SEVERE
Bengaluru,Central Silk Board Junction,BLR_SOUTH,11,4,323,18.0,1,1.0,4.0,SEVERE
Bengaluru,Outer Ring Road (Marathahalli - Bellandur),BLR_EAST,10,5,104,20.0,1,1.0,6.1,SEVERE
Bengaluru,Central Silk Board Junction,BLR_SOUTH,15,3,144,18.0,1,1.0,12.7,HEAVY
Bengaluru,Whitefield ITPB Main Road,BLR_EAST,22,4,438,16.0,1,1.0,6.6,SEVERE
Bengaluru,Whitefield ITPB Main Road,BLR_EAST,8,6,192,16.0,1,1.0,4.3,SEVERE
Bengaluru,Hebbal Flyover to Airport Expressway,BLR_NORTH,21,0,545,35.0,0,0.5,4.0,SEVERE
Bengaluru,Hebbal Flyover to Airport Expressway,BLR_NORTH,4,2,567,35.0,0,0.5,5.0,SEVERE
Bengaluru,Electronic City Elevated Expressway,BLR_SOUTH,5,5,231,48.0,1,1.0,29.7,MODERATE
Bengaluru,Outer Ring Road (Marathahalli - Bellandur),BLR_EAST,2,5,340,20.0,1,0.5,5.1,SEVERE
Bengaluru,Tin Factory & K.R. Puram Junction,BLR_EAST,8,3,134,12.0,1,1.0,4.0,SEVERE
Bengaluru,Central Silk Board Junction,BLR_SOUTH,3,5,570,18.0,1,1.0,5.0,SEVERE
Bengaluru,Outer Ring Road (Marathahalli - Bellandur),BLR_EAST,1,1,339,20.0,1,1.0,10.2,HEAVY
Bengaluru,M.G. Road & Trinity Circle Corridor,BLR_CENTRAL,11,4,338,22.0,0,1.0,6.6,SEVERE
Bengaluru,Hebbal Flyover to Airport Expressway,BLR_NORTH,5,2,401,35.0,0,1.0,15.7,HEAVY
Bengaluru,Goraguntepalya Tumkur Road Junction,BLR_WEST,18,1,303,24.0,0,1.0,7.7,SEVERE
Bengaluru,M.G. Road & Trinity Circle Corridor,BLR_CENTRAL,13,2,541,22.0,0,1.0,6.8,SEVERE
Bengaluru,Electronic City Elevated Expressway,BLR_SOUTH,15,5,78,48.0,1,0.5,18.5,HEAVY
Bengaluru,Goraguntepalya Tumkur Road Junction,BLR_WEST,14,1,154,24.0,0,1.0,16.7,HEAVY
Bengaluru,Tin Factory & K.R. Puram Junction,BLR_EAST,14,0,595,12.0,1,1.0,4.0,SEVERE
Bengaluru,Outer Ring Road (Marathahalli - Bellandur),BLR_EAST,19,6,148,20.0,1,1.0,5.8,SEVERE
Bengaluru,Outer Ring Road (Marathahalli - Bellandur),BLR_EAST,15,2,174,20.0,1,1.0,13.5,HEAVY
Bengaluru,Central Silk Board Junction,BLR_SOUTH,2,1,326,18.0,1,0.5,4.7,SEVERE
Bengaluru,Tin Factory & K.R. Puram Junction,BLR_EAST,14,1,416,12.0,1,1.0,5.2,SEVERE
Bengaluru,Central Silk Board Junction,BLR_SOUTH,11,3,345,18.0,1,1.0,4.0,SEVERE
Bengaluru,Tin Factory & K.R. Puram Junction,BLR_EAST,14,2,80,12.0,1,1.0,9.2,SEVERE
Bengaluru,Outer Ring Road (Marathahalli - Bellandur),BLR_EAST,2,3,412,20.0,1,1.0,8.8,SEVERE
Bengaluru,Outer Ring Road (Marathahalli - Bellandur),BLR_EAST,7,0,579,20.0,1,1.0,5.4,SEVERE
Bengaluru,Whitefield ITPB Main Road,BLR_EAST,12,6,580,16.0,1,1.0,4.3,SEVERE
Bengaluru,M.G. Road & Trinity Circle Corridor,BLR_CENTRAL,1,2,69,22.0,0,1.0,17.2,HEAVY
Bengaluru,M.G. Road & Trinity Circle Corridor,BLR_CENTRAL,10,1,136,22.0,0,1.0,9.2,SEVERE
Bengaluru,Goraguntepalya Tumkur Road Junction,BLR_WEST,20,2,319,24.0,0,0.5,4.0,SEVERE
Bengaluru,Whitefield ITPB Main Road,BLR_EAST,0,3,294,16.0,1,1.0,8.9,SEVERE
Bengaluru,Goraguntepalya Tumkur Road Junction,BLR_WEST,18,0,409,24.0,0,1.0,6.2,SEVERE
Bengaluru,Electronic City Elevated Expressway,BLR_SOUTH,12,3,566,48.0,1,1.0,13.6,HEAVY
Bengaluru,Electronic City Elevated Expressway,BLR_SOUTH,23,0,370,48.0,1,1.0,23.0,MODERATE
Bengaluru,Tin Factory & K.R. Puram Junction,BLR_EAST,9,1,578,12.0,1,1.0,4.0,SEVERE
Bengaluru,Goraguntepalya Tumkur Road Junction,BLR_WEST,19,1,337,24.0,0,1.0,7.2,SEVERE
Bengaluru,Outer Ring Road (Marathahalli - Bellandur),BLR_EAST,14,6,516,20.0,1,1.0,6.7,SEVERE
Bengaluru,M.G. Road & Trinity Circle Corridor,BLR_CENTRAL,8,4,294,22.0,0,0.5,4.0,SEVERE
Bengaluru,Goraguntepalya Tumkur Road Junction,BLR_WEST,1,0,155,24.0,0,1.0,16.7,HEAVY
Bengaluru,Tin Factory & K.R. Puram Junction,BLR_EAST,2,4,175,12.0,1,0.5,4.0,SEVERE
Bengaluru,Central Silk Board Junction,BLR_SOUTH,18,5,236,18.0,1,1.0,4.6,SEVERE
Bengaluru,Hebbal Flyover to Airport Expressway,BLR_NORTH,16,4,267,35.0,0,0.5,10.2,HEAVY
Bengaluru,Central Silk Board Junction,BLR_SOUTH,16,4,275,18.0,1,1.0,10.3,HEAVY
Bengaluru,Central Silk Board Junction,BLR_SOUTH,11,4,150,18.0,1,1.0,5.2,SEVERE
Bengaluru,Whitefield ITPB Main Road,BLR_EAST,21,0,525,16.0,1,1.0,4.0,SEVERE
Bengaluru,Hebbal Flyover to Airport Expressway,BLR_NORTH,20,1,76,35.0,0,1.0,15.9,HEAVY
Bengaluru,Hebbal Flyover to Airport Expressway,BLR_NORTH,15,4,286,35.0,0,1.0,19.7,HEAVY
Bengaluru,Tin Factory & K.R. Puram Junction,BLR_EAST,13,0,593,12.0,1,1.0,4.0,SEVERE
Bengaluru,Whitefield ITPB Main Road,BLR_EAST,9,0,416,16.0,1,1.0,4.0,SEVERE
Bengaluru,Central Silk Board Junction,BLR_SOUTH,2,4,564,18.0,1,1.0,5.1,SEVERE
Bengaluru,Hebbal Flyover to Airport Expressway,BLR_NORTH,19,4,392,35.0,0,1.0,9.4,SEVERE
Bengaluru,Central Silk Board Junction,BLR_SOUTH,2,1,266,18.0,1,0.5,5.3,SEVERE
Bengaluru,Hebbal Flyover to Airport Expressway,BLR_NORTH,21,1,379,35.0,0,1.0,9.7,SEVERE
Bengaluru,Electronic City Elevated Expressway,BLR_SOUTH,9,6,252,48.0,1,1.0,11.8,HEAVY
Bengaluru,Whitefield ITPB Main Road,BLR_EAST,12,4,383,16.0,1,1.0,7.5,SEVERE
Bengaluru,Central Silk Board Junction,BLR_SOUTH,12,4,568,18.0,1,1.0,5.1,SEVERE
Bengaluru,Central Silk Board Junction,BLR_SOUTH,5,2,116,18.0,1,1.0,13.2,HEAVY
Bengaluru,Central Silk Board Junction,BLR_SOUTH,5,6,315,18.0,1,1.0,9.6,SEVERE
Bengaluru,Tin Factory & K.R. Puram Junction,BLR_EAST,7,1,277,12.0,1,1.0,6.9,SEVERE
Bengaluru,Tin Factory & K.R. Puram Junction,BLR_EAST,4,3,463,12.0,1,1.0,4.6,SEVERE
Bengaluru,Goraguntepalya Tumkur Road Junction,BLR_WEST,7,1,578,24.0,0,1.0,6.5,SEVERE
Bengaluru,Goraguntepalya Tumkur Road Junction,BLR_WEST,10,4,211,24.0,0,1.0,9.0,SEVERE
Bengaluru,Electronic City Elevated Expressway,BLR_SOUTH,6,5,450,48.0,1,1.0,19.2,HEAVY
Bengaluru,Outer Ring Road (Marathahalli - Bellandur),BLR_EAST,23,2,82,20.0,1,1.0,15.4,HEAVY
Bengaluru,Electronic City Elevated Expressway,BLR_SOUTH,15,5,257,48.0,1,1.0,28.5,MODERATE
Bengaluru,Tin Factory & K.R. Puram Junction,BLR_EAST,13,1,127,12.0,1,0.5,4.3,SEVERE
Bengaluru,Whitefield ITPB Main Road,BLR_EAST,9,1,406,16.0,1,1.0,4.0,SEVERE
Bengaluru,Goraguntepalya Tumkur Road Junction,BLR_WEST,18,6,97,24.0,0,1.0,10.6,HEAVY
Bengaluru,Goraguntepalya Tumkur Road Junction,BLR_WEST,18,4,517,24.0,0,1.0,4.7,SEVERE
Bengaluru,Central Silk Board Junction,BLR_SOUTH,5,3,457,18.0,1,1.0,7.1,SEVERE
Bengaluru,Goraguntepalya Tumkur Road Junction,BLR_WEST,2,3,110,24.0,0,1.0,17.8,HEAVY
Bengaluru,Tin Factory & K.R. Puram Junction,BLR_EAST,13,4,399,12.0,1,0.5,4.0,SEVERE
Bengaluru,Electronic City Elevated Expressway,BLR_SOUTH,6,0,277,48.0,1,1.0,27.5,MODERATE
Bengaluru,Hebbal Flyover to Airport Expressway,BLR_NORTH,12,1,537,35.0,0,1.0,11.0,HEAVY
Bengaluru,Whitefield ITPB Main Road,BLR_EAST,2,0,545,16.0,1,1.0,4.9,SEVERE
Bengaluru,Electronic City Elevated Expressway,BLR_SOUTH,12,2,186,48.0,1,1.0,31.9,LOW
Bengaluru,Electronic City Elevated Expressway,BLR_SOUTH,16,6,395,48.0,1,1.0,21.8,MODERATE
Bengaluru,Electronic City Elevated Expressway,BLR_SOUTH,15,4,172,48.0,1,0.5,16.3,HEAVY
Bengaluru,Whitefield ITPB Main Road,BLR_EAST,14,0,419,16.0,1,1.0,6.9,SEVERE
Bengaluru,Tin Factory & K.R. Puram Junction,BLR_EAST,21,0,524,12.0,1,1.0,4.0,SEVERE
Bengaluru,Goraguntepalya Tumkur Road Junction,BLR_WEST,6,1,222,24.0,0,0.5,7.5,SEVERE
Bengaluru,Electronic City Elevated Expressway,BLR_SOUTH,20,0,564,48.0,1,1.0,5.7,SEVERE
Bengaluru,Electronic City Elevated Expressway,BLR_SOUTH,21,0,544,48.0,1,1.0,6.0,SEVERE
Bengaluru,Outer Ring Road (Marathahalli - Bellandur),BLR_EAST,12,4,162,20.0,1,1.0,13.8,HEAVY
Bengaluru,Whitefield ITPB Main Road,BLR_EAST,4,6,274,16.0,1,0.5,4.6,SEVERE
Bengaluru,Whitefield ITPB Main Road,BLR_EAST,15,2,280,16.0,1,0.5,4.6,SEVERE
Bengaluru,Whitefield ITPB Main Road,BLR_EAST,2,1,168,16.0,1,1.0,10.9,HEAVY
Bengaluru,M.G. Road & Trinity Circle Corridor,BLR_CENTRAL,8,6,359,22.0,0,0.5,4.0,SEVERE
Bengaluru,Central Silk Board Junction,BLR_SOUTH,19,1,117,18.0,1,1.0,5.4,SEVERE
Bengaluru,Outer Ring Road (Marathahalli - Bellandur),BLR_EAST,14,1,159,20.0,1,1.0,13.8,HEAVY
Bengaluru,Goraguntepalya Tumkur Road Junction,BLR_WEST,8,3,236,24.0,0,1.0,8.7,SEVERE
Bengaluru,Outer Ring Road (Marathahalli - Bellandur),BLR_EAST,20,5,247,20.0,1,0.5,4.0,SEVERE
Bengaluru,Hebbal Flyover to Airport Expressway,BLR_NORTH,5,5,98,35.0,0,1.0,26.3,MODERATE
Bengaluru,Hebbal Flyover to Airport Expressway,BLR_NORTH,2,5,442,35.0,0,1.0,14.3,HEAVY
Bengaluru,M.G. Road & Trinity Circle Corridor,BLR_CENTRAL,20,5,495,22.0,0,0.5,4.0,SEVERE
Bengaluru,Goraguntepalya Tumkur Road Junction,BLR_WEST,5,3,143,24.0,0,1.0,17.0,HEAVY
Bengaluru,Tin Factory & K.R. Puram Junction,BLR_EAST,13,5,156,12.0,1,1.0,8.3,SEVERE
Bengaluru,Whitefield ITPB Main Road,BLR_EAST,12,0,499,16.0,1,0.5,4.0,SEVERE
Bengaluru,Central Silk Board Junction,BLR_SOUTH,17,6,300,18.0,1,1.0,4.1,SEVERE
Bengaluru,Goraguntepalya Tumkur Road Junction,BLR_WEST,17,6,408,24.0,0,1.0,6.2,SEVERE
Bengaluru,Electronic City Elevated Expressway,BLR_SOUTH,14,6,217,48.0,1,1.0,30.4,LOW
Bengaluru,Outer Ring Road (Marathahalli - Bellandur),BLR_EAST,1,4,264,20.0,1,1.0,11.7,HEAVY
Bengaluru,Hebbal Flyover to Airport Expressway,BLR_NORTH,23,4,131,35.0,0,1.0,25.2,MODERATE
Bengaluru,M.G. Road & Trinity Circle Corridor,BLR_CENTRAL,21,5,531,22.0,0,1.0,4.1,SEVERE
Bengaluru,Hebbal Flyover to Airport Expressway,BLR_NORTH,3,6,600,35.0,0,1.0,8.7,SEVERE
Bengaluru,Whitefield ITPB Main Road,BLR_EAST,3,0,291,16.0,1,1.0,8.9,SEVERE
Bengaluru,M.G. Road & Trinity Circle Corridor,BLR_CENTRAL,10,0,369,22.0,0,1.0,6.2,SEVERE
Bengaluru,Outer Ring Road (Marathahalli - Bellandur),BLR_EAST,1,4,504,20.0,1,0.5,4.0,SEVERE
Bengaluru,M.G. Road & Trinity Circle Corridor,BLR_CENTRAL,16,5,375,22.0,0,1.0,10.4,HEAVY
Bengaluru,M.G. Road & Trinity Circle Corridor,BLR_CENTRAL,6,4,61,22.0,0,0.5,8.7,SEVERE
Bengaluru,Whitefield ITPB Main Road,BLR_EAST,6,5,276,16.0,1,0.5,4.6,SEVERE
Bengaluru,Outer Ring Road (Marathahalli - Bellandur),BLR_EAST,5,2,206,20.0,1,1.0,12.9,HEAVY
Bengaluru,Electronic City Elevated Expressway,BLR_SOUTH,17,5,224,48.0,1,1.0,12.4,HEAVY
Bengaluru,Tin Factory & K.R. Puram Junction,BLR_EAST,15,1,100,12.0,1,1.0,9.0,SEVERE
Bengaluru,Whitefield ITPB Main Road,BLR_EAST,22,2,491,16.0,1,0.5,4.0,SEVERE
Bengaluru,Electronic City Elevated Expressway,BLR_SOUTH,19,2,159,48.0,1,1.0,13.7,HEAVY
Bengaluru,Whitefield ITPB Main Road,BLR_EAST,12,1,142,16.0,1,1.0,11.3,HEAVY
Bengaluru,Goraguntepalya Tumkur Road Junction,BLR_WEST,5,1,320,24.0,0,1.0,12.7,HEAVY
Bengaluru,M.G. Road & Trinity Circle Corridor,BLR_CENTRAL,1,6,350,22.0,0,1.0,11.0,HEAVY
Bengaluru,Electronic City Elevated Expressway,BLR_SOUTH,20,5,495,48.0,1,1.0,7.0,SEVERE
Bengaluru,Whitefield ITPB Main Road,BLR_EAST,21,6,91,16.0,1,1.0,5.0,SEVERE
Bengaluru,M.G. Road & Trinity Circle Corridor,BLR_CENTRAL,16,4,140,22.0,0,1.0,15.6,HEAVY
Bengaluru,Whitefield ITPB Main Road,BLR_EAST,11,2,71,16.0,1,1.0,5.1,SEVERE
Bengaluru,Goraguntepalya Tumkur Road Junction,BLR_WEST,9,0,193,24.0,0,1.0,9.3,SEVERE
Bengaluru,Central Silk Board Junction,BLR_SOUTH,4,0,254,18.0,1,0.5,5.4,SEVERE
Bengaluru,Central Silk Board Junction,BLR_SOUTH,1,4,103,18.0,1,1.0,13.4,HEAVY
Bengaluru,Tin Factory & K.R. Puram Junction,BLR_EAST,0,1,319,12.0,1,0.5,4.0,SEVERE
Bengaluru,Goraguntepalya Tumkur Road Junction,BLR_WEST,16,6,63,24.0,0,1.0,18.9,HEAVY
Bengaluru,Tin Factory & K.R. Puram Junction,BLR_EAST,8,2,401,12.0,1,0.5,4.0,SEVERE
Bengaluru,M.G. Road & Trinity Circle Corridor,BLR_CENTRAL,22,1,497,22.0,0,0.5,4.0,SEVERE
Bengaluru,Goraguntepalya Tumkur Road Junction,BLR_WEST,19,6,225,24.0,0,1.0,8.8,SEVERE
Bengaluru,Outer Ring Road (Marathahalli - Bellandur),BLR_EAST,1,1,100,20.0,1,1.0,15.0,HEAVY
Bengaluru,Electronic City Elevated Expressway,BLR_SOUTH,4,6,233,48.0,1,1.0,29.6,MODERATE
Bengaluru,Outer Ring Road (Marathahalli - Bellandur),BLR_EAST,20,4,321,20.0,1,1.0,4.4,SEVERE
Bengaluru,Hebbal Flyover to Airport Expressway,BLR_NORTH,19,4,365,35.0,0,1.0,10.0,HEAVY
Bengaluru,Tin Factory & K.R. Puram Junction,BLR_EAST,22,1,588,12.0,1,0.5,4.0,SEVERE
Bengaluru,Electronic City Elevated Expressway,BLR_SOUTH,3,1,167,48.0,1,1.0,32.8,LOW
Bengaluru,Outer Ring Road (Marathahalli - Bellandur),BLR_EAST,21,3,247,20.0,1,1.0,5.0,SEVERE
Bengaluru,Hebbal Flyover to Airport Expressway,BLR_NORTH,6,0,203,35.0,0,1.0,22.6,MODERATE
Bengaluru,Central Silk Board Junction,BLR_SOUTH,0,6,316,18.0,1,1.0,9.6,SEVERE
Bengaluru,M.G. Road & Trinity Circle Corridor,BLR_CENTRAL,0,3,241,22.0,0,1.0,13.4,HEAVY
Bengaluru,Outer Ring Road (Marathahalli - Bellandur),BLR_EAST,4,0,512,20.0,1,0.5,4.0,SEVERE
Bengaluru,Electronic City Elevated Expressway,BLR_SOUTH,7,4,160,48.0,1,0.5,16.6,HEAVY
Bengaluru,Outer Ring Road (Marathahalli - Bellandur),BLR_EAST,3,1,276,20.0,1,1.0,11.5,HEAVY
Bengaluru,Electronic City Elevated Expressway,BLR_SOUTH,13,5,443,48.0,1,1.0,19.5,HEAVY
Bengaluru,Goraguntepalya Tumkur Road Junction,BLR_WEST,15,3,201,24.0,0,1.0,15.6,HEAVY
Bengaluru,Goraguntepalya Tumkur Road Junction,BLR_WEST,5,6,456,24.0,0,1.0,9.5,SEVERE
Bengaluru,Whitefield ITPB Main Road,BLR_EAST,13,0,397,16.0,1,1.0,7.2,SEVERE
Bengaluru,Whitefield ITPB Main Road,BLR_EAST,0,3,442,16.0,1,0.5,4.0,SEVERE
Bengaluru,Outer Ring Road (Marathahalli - Bellandur),BLR_EAST,22,6,336,20.0,1,0.5,5.1,SEVERE
Bengaluru,Goraguntepalya Tumkur Road Junction,BLR_WEST,8,1,399,24.0,0,1.0,6.4,SEVERE
Bengaluru,Hebbal Flyover to Airport Expressway,BLR_NORTH,5,5,432,35.0,0,0.5,7.3,SEVERE
Bengaluru,Tin Factory & K.R. Puram Junction,BLR_EAST,8,6,389,12.0,1,1.0,4.0,SEVERE
Bengaluru,Tin Factory & K.R. Puram Junction,BLR_EAST,20,6,553,12.0,1,1.0,4.0,SEVERE
Bengaluru,Whitefield ITPB Main Road,BLR_EAST,6,2,232,16.0,1,1.0,9.9,SEVERE
Bengaluru,Central Silk Board Junction,BLR_SOUTH,7,0,306,18.0,1,1.0,9.8,SEVERE
Bengaluru,M.G. Road & Trinity Circle Corridor,BLR_CENTRAL,0,1,164,22.0,0,1.0,15.1,HEAVY
Bengaluru,Electronic City Elevated Expressway,BLR_SOUTH,6,3,316,48.0,1,1.0,25.6,MODERATE
Bengaluru,Tin Factory & K.R. Puram Junction,BLR_EAST,11,3,494,12.0,1,1.0,4.0,SEVERE
Bengaluru,Central Silk Board Junction,BLR_SOUTH,5,5,499,18.0,1,1.0,6.3,SEVERE
Bengaluru,Tin Factory & K.R. Puram Junction,BLR_EAST,18,3,239,12.0,1,1.0,4.0,SEVERE
Bengaluru,Central Silk Board Junction,BLR_SOUTH,13,2,465,18.0,1,0.5,4.0,SEVERE
Bengaluru,Central Silk Board Junction,BLR_SOUTH,13,4,360,18.0,1,0.5,4.4,SEVERE
Bengaluru,Hebbal Flyover to Airport Expressway,BLR_NORTH,9,6,230,35.0,0,1.0,12.8,HEAVY
Bengaluru,Whitefield ITPB Main Road,BLR_EAST,10,5,514,16.0,1,1.0,4.0,SEVERE
Bengaluru,Goraguntepalya Tumkur Road Junction,BLR_WEST,2,3,99,24.0,0,1.0,18.0,HEAVY
Bengaluru,Whitefield ITPB Main Road,BLR_EAST,11,6,184,16.0,1,0.5,4.0,SEVERE
Bengaluru,Whitefield ITPB Main Road,BLR_EAST,17,1,87,16.0,1,1.0,5.0,SEVERE
Bengaluru,Whitefield ITPB Main Road,BLR_EAST,1,1,264,16.0,1,1.0,9.4,SEVERE
Bengaluru,Hebbal Flyover to Airport Expressway,BLR_NORTH,19,5,464,35.0,0,1.0,7.9,SEVERE
Bengaluru,Whitefield ITPB Main Road,BLR_EAST,18,3,327,16.0,1,1.0,4.0,SEVERE
Bengaluru,Electronic City Elevated Expressway,BLR_SOUTH,11,0,242,48.0,1,1.0,12.0,HEAVY
Bengaluru,Tin Factory & K.R. Puram Junction,BLR_EAST,9,2,485,12.0,1,1.0,4.0,SEVERE
Bengaluru,Whitefield ITPB Main Road,BLR_EAST,15,1,211,16.0,1,1.0,10.2,HEAVY
Bengaluru,Goraguntepalya Tumkur Road Junction,BLR_WEST,11,2,138,24.0,0,1.0,10.1,HEAVY
Bengaluru,M.G. Road & Trinity Circle Corridor,BLR_CENTRAL,16,2,255,22.0,0,1.0,13.1,HEAVY
Bengaluru,Tin Factory & K.R. Puram Junction,BLR_EAST,18,4,370,12.0,1,0.5,4.0,SEVERE
Bengaluru,Outer Ring Road (Marathahalli - Bellandur),BLR_EAST,19,3,326,20.0,1,1.0,4.3,SEVERE
Bengaluru,Outer Ring Road (Marathahalli - Bellandur),BLR_EAST,8,5,414,20.0,1,1.0,4.0,SEVERE
Bengaluru,Outer Ring Road (Marathahalli - Bellandur),BLR_EAST,10,4,396,20.0,1,0.5,4.0,SEVERE
Bengaluru,Outer Ring Road (Marathahalli - Bellandur),BLR_EAST,11,6,385,20.0,1,1.0,4.0,SEVERE
Bengaluru,Hebbal Flyover to Airport Expressway,BLR_NORTH,14,5,536,35.0,0,1.0,11.0,HEAVY
Bengaluru,Central Silk Board Junction,BLR_SOUTH,11,6,79,18.0,1,1.0,5.7,SEVERE
Bengaluru,Hebbal Flyover to Airport Expressway,BLR_NORTH,19,6,540,35.0,0,1.0,6.4,SEVERE
Bengaluru,M.G. Road & Trinity Circle Corridor,BLR_CENTRAL,4,6,198,22.0,0,1.0,14.3,HEAVY
Bengaluru,Goraguntepalya Tumkur Road Junction,BLR_WEST,8,3,507,24.0,0,1.0,4.8,SEVERE
Bengaluru,Hebbal Flyover to Airport Expressway,BLR_NORTH,21,4,595,35.0,0,1.0,5.3,SEVERE
Bengaluru,Hebbal Flyover to Airport Expressway,BLR_NORTH,20,3,298,35.0,0,1.0,11.4,HEAVY
Bengaluru,Goraguntepalya Tumkur Road Junction,BLR_WEST,6,6,179,24.0,0,0.5,8.1,SEVERE
Bengaluru,Goraguntepalya Tumkur Road Junction,BLR_WEST,11,2,141,24.0,0,1.0,10.0,HEAVY
Bengaluru,Hebbal Flyover to Airport Expressway,BLR_NORTH,14,6,581,35.0,0,1.0,9.4,SEVERE
Bengaluru,Tin Factory & K.R. Puram Junction,BLR_EAST,23,0,389,12.0,1,1.0,5.5,SEVERE
Bengaluru,Goraguntepalya Tumkur Road Junction,BLR_WEST,11,3,463,24.0,0,1.0,5.5,SEVERE
Bengaluru,Central Silk Board Junction,BLR_SOUTH,18,3,212,18.0,1,1.0,4.7,SEVERE
Bengaluru,Electronic City Elevated Expressway,BLR_SOUTH,5,0,240,48.0,1,1.0,29.3,MODERATE
Bengaluru,Central Silk Board Junction,BLR_SOUTH,4,6,337,18.0,1,0.5,4.6,SEVERE
Bengaluru,Outer Ring Road (Marathahalli - Bellandur),BLR_EAST,14,2,271,20.0,1,1.0,11.6,HEAVY
Bengaluru,Tin Factory & K.R. Puram Junction,BLR_EAST,15,3,285,12.0,1,0.5,4.0,SEVERE
Bengaluru,M.G. Road & Trinity Circle Corridor,BLR_CENTRAL,19,0,385,22.0,0,1.0,6.0,SEVERE
Bengaluru,Goraguntepalya Tumkur Road Junction,BLR_WEST,4,4,563,24.0,0,0.5,4.0,SEVERE
Bengaluru,Central Silk Board Junction,BLR_SOUTH,3,3,90,18.0,1,1.0,13.7,HEAVY
Bengaluru,Whitefield ITPB Main Road,BLR_EAST,6,1,445,16.0,1,0.5,4.0,SEVERE
Bengaluru,Goraguntepalya Tumkur Road Junction,BLR_WEST,0,6,376,24.0,0,0.5,5.7,SEVERE
Bengaluru,Central Silk Board Junction,BLR_SOUTH,11,1,239,18.0,1,1.0,4.5,SEVERE
Bengaluru,Tin Factory & K.R. Puram Junction,BLR_EAST,6,2,477,12.0,1,1.0,4.5,SEVERE
Bengaluru,Electronic City Elevated Expressway,BLR_SOUTH,22,6,360,48.0,1,1.0,23.5,MODERATE
Bengaluru,Outer Ring Road (Marathahalli - Bellandur),BLR_EAST,4,5,325,20.0,1,1.0,10.5,HEAVY
Bengaluru,Tin Factory & K.R. Puram Junction,BLR_EAST,20,2,354,12.0,1,0.5,4.0,SEVERE
Bengaluru,Outer Ring Road (Marathahalli - Bellandur),BLR_EAST,13,4,276,20.0,1,1.0,11.5,HEAVY
Bengaluru,M.G. Road & Trinity Circle Corridor,BLR_CENTRAL,5,1,241,22.0,0,0.5,6.7,SEVERE
Bengaluru,Tin Factory & K.R. Puram Junction,BLR_EAST,6,4,360,12.0,1,0.5,4.0,SEVERE
Bengaluru,M.G. Road & Trinity Circle Corridor,BLR_CENTRAL,21,2,227,22.0,0,1.0,8.1,SEVERE
Bengaluru,Electronic City Elevated Expressway,BLR_SOUTH,5,2,85,48.0,1,1.0,36.7,LOW
Bengaluru,Whitefield ITPB Main Road,BLR_EAST,6,0,474,16.0,1,1.0,6.0,SEVERE
Bengaluru,Outer Ring Road (Marathahalli - Bellandur),BLR_EAST,11,1,352,20.0,1,1.0,4.1,SEVERE
Bengaluru,Electronic City Elevated Expressway,BLR_SOUTH,0,6,225,48.0,1,1.0,30.0,LOW
Bengaluru,M.G. Road & Trinity Circle Corridor,BLR_CENTRAL,15,2,70,22.0,0,1.0,17.2,HEAVY
Bengaluru,Goraguntepalya Tumkur Road Junction,BLR_WEST,4,3,155,24.0,0,1.0,16.7,HEAVY
Bengaluru,Central Silk Board Junction,BLR_SOUTH,1,4,391,18.0,1,1.0,8.3,SEVERE
Bengaluru,Goraguntepalya Tumkur Road Junction,BLR_WEST,18,1,500,24.0,0,1.0,4.9,SEVERE
Bengaluru,Tin Factory & K.R. Puram Junction,BLR_EAST,10,0,175,12.0,1,1.0,4.0,SEVERE
Bengaluru,Tin Factory & K.R. Puram Junction,BLR_EAST,19,6,429,12.0,1,1.0,4.0,SEVERE
Bengaluru,M.G. Road & Trinity Circle Corridor,BLR_CENTRAL,16,1,323,22.0,0,1.0,11.6,HEAVY
Bengaluru,Goraguntepalya Tumkur Road Junction,BLR_WEST,15,1,292,24.0,0,1.0,13.4,HEAVY
Bengaluru,Electronic City Elevated Expressway,BLR_SOUTH,1,3,220,48.0,1,1.0,30.2,LOW
Bengaluru,Electronic City Elevated Expressway,BLR_SOUTH,6,2,226,48.0,1,1.0,30.0,LOW
Bengaluru,Outer Ring Road (Marathahalli - Bellandur),BLR_EAST,17,6,131,20.0,1,1.0,5.9,SEVERE
Bengaluru,Outer Ring Road (Marathahalli - Bellandur),BLR_EAST,6,6,114,20.0,1,0.5,7.4,SEVERE
Bengaluru,Outer Ring Road (Marathahalli - Bellandur),BLR_EAST,4,0,490,20.0,1,1.0,7.2,SEVERE
Bengaluru,M.G. Road & Trinity Circle Corridor,BLR_CENTRAL,21,6,234,22.0,0,1.0,8.0,SEVERE
Bengaluru,Central Silk Board Junction,BLR_SOUTH,14,1,535,18.0,1,1.0,5.7,SEVERE
Bengaluru,Goraguntepalya Tumkur Road Junction,BLR_WEST,13,6,590,24.0,0,0.5,4.0,SEVERE
Bengaluru,Whitefield ITPB Main Road,BLR_EAST,1,4,316,16.0,1,1.0,8.5,SEVERE
Bengaluru,Electronic City Elevated Expressway,BLR_SOUTH,22,3,96,48.0,1,1.0,36.2,LOW
Bengaluru,M.G. Road & Trinity Circle Corridor,BLR_CENTRAL,5,2,390,22.0,0,1.0,10.1,HEAVY
Bengaluru,Outer Ring Road (Marathahalli - Bellandur),BLR_EAST,18,3,246,20.0,1,0.5,4.0,SEVERE
Bengaluru,Tin Factory & K.R. Puram Junction,BLR_EAST,10,4,181,12.0,1,1.0,4.0,SEVERE
Bengaluru,Tin Factory & K.R. Puram Junction,BLR_EAST,10,0,167,12.0,1,0.5,4.0,SEVERE
Bengaluru,Central Silk Board Junction,BLR_SOUTH,8,5,282,18.0,1,0.5,4.0,SEVERE
Bengaluru,Central Silk Board Junction,BLR_SOUTH,3,0,565,18.0,1,0.5,4.0,SEVERE
Bengaluru,Goraguntepalya Tumkur Road Junction,BLR_WEST,5,2,111,24.0,0,1.0,17.7,HEAVY
Bengaluru,Hebbal Flyover to Airport Expressway,BLR_NORTH,0,5,150,35.0,0,1.0,24.5,MODERATE
Bengaluru,Tin Factory & K.R. Puram Junction,BLR_EAST,14,6,70,12.0,1,1.0,9.4,SEVERE
Bengaluru,Electronic City Elevated Expressway,BLR_SOUTH,17,2,365,48.0,1,1.0,9.6,SEVERE
Bengaluru,Goraguntepalya Tumkur Road Junction,BLR_WEST,11,5,331,24.0,0,1.0,7.3,SEVERE
Bengaluru,Hebbal Flyover to Airport Expressway,BLR_NORTH,14,4,423,35.0,0,0.5,7.5,SEVERE
Bengaluru,Outer Ring Road (Marathahalli - Bellandur),BLR_EAST,14,3,537,20.0,1,0.5,4.0,SEVERE
Bengaluru,Electronic City Elevated Expressway,BLR_SOUTH,9,2,415,48.0,1,0.5,4.3,SEVERE
Bengaluru,Central Silk Board Junction,BLR_SOUTH,0,1,491,18.0,1,1.0,6.5,SEVERE
Bengaluru,Electronic City Elevated Expressway,BLR_SOUTH,11,6,84,48.0,1,1.0,15.1,HEAVY
Bengaluru,Goraguntepalya Tumkur Road Junction,BLR_WEST,21,5,277,24.0,0,1.0,8.1,SEVERE
Bengaluru,Whitefield ITPB Main Road,BLR_EAST,17,2,579,16.0,1,0.5,4.0,SEVERE
Bengaluru,Hebbal Flyover to Airport Expressway,BLR_NORTH,17,2,370,35.0,0,1.0,9.9,SEVERE
Bengaluru,Hebbal Flyover to Airport Expressway,BLR_NORTH,14,1,415,35.0,0,1.0,15.2,HEAVY
Bengaluru,Hebbal Flyover to Airport Expressway,BLR_NORTH,13,1,298,35.0,0,1.0,19.3,HEAVY
Bengaluru,Central Silk Board Junction,BLR_SOUTH,22,6,599,18.0,1,1.0,4.5,SEVERE
Bengaluru,Central Silk Board Junction,BLR_SOUTH,14,0,435,18.0,1,1.0,7.5,SEVERE
Bengaluru,Hebbal Flyover to Airport Expressway,BLR_NORTH,4,1,412,35.0,0,1.0,15.3,HEAVY
Bengaluru,Goraguntepalya Tumkur Road Junction,BLR_WEST,12,0,530,24.0,0,1.0,7.7,SEVERE
Bengaluru,Whitefield ITPB Main Road,BLR_EAST,1,5,114,16.0,1,1.0,11.8,HEAVY
Bengaluru,Tin Factory & K.R. Puram Junction,BLR_EAST,16,0,257,12.0,1,1.0,7.1,SEVERE
Bengaluru,M.G. Road & Trinity Circle Corridor,BLR_CENTRAL,7,1,200,22.0,0,1.0,14.3,HEAVY
Bengaluru,M.G. Road & Trinity Circle Corridor,BLR_CENTRAL,16,1,381,22.0,0,1.0,10.3,HEAVY
Bengaluru,M.G. Road & Trinity Circle Corridor,BLR_CENTRAL,10,1,400,22.0,0,1.0,5.8,SEVERE
Bengaluru,M.G. Road & Trinity Circle Corridor,BLR_CENTRAL,11,1,331,22.0,0,1.0,6.7,SEVERE
Bengaluru,Outer Ring Road (Marathahalli - Bellandur),BLR_EAST,10,5,313,20.0,1,1.0,4.4,SEVERE
Bengaluru,Central Silk Board Junction,BLR_SOUTH,5,0,389,18.0,1,1.0,8.3,SEVERE
Bengaluru,Tin Factory & K.R. Puram Junction,BLR_EAST,13,0,113,12.0,1,1.0,8.8,SEVERE
Bengaluru,Electronic City Elevated Expressway,BLR_SOUTH,5,1,465,48.0,1,1.0,18.5,HEAVY
Bengaluru,Goraguntepalya Tumkur Road Junction,BLR_WEST,11,0,560,24.0,0,1.0,4.1,SEVERE
Bengaluru,Tin Factory & K.R. Puram Junction,BLR_EAST,23,1,87,12.0,1,1.0,9.2,SEVERE
Bengaluru,Tin Factory & K.R. Puram Junction,BLR_EAST,6,5,477,12.0,1,1.0,4.5,SEVERE
Bengaluru,Tin Factory & K.R. Puram Junction,BLR_EAST,9,4,143,12.0,1,0.5,4.0,SEVERE
Bengaluru,Hebbal Flyover to Airport Expressway,BLR_NORTH,16,5,563,35.0,0,1.0,10.0,HEAVY
Bengaluru,M.G. Road & Trinity Circle Corridor,BLR_CENTRAL,10,0,337,22.0,0,1.0,6.6,SEVERE
Bengaluru,Hebbal Flyover to Airport Expressway,BLR_NORTH,17,4,475,35.0,0,1.0,7.7,SEVERE
Bengaluru,Goraguntepalya Tumkur Road Junction,BLR_WEST,22,3,206,24.0,0,0.5,7.7,SEVERE
Bengaluru,M.G. Road & Trinity Circle Corridor,BLR_CENTRAL,10,1,117,22.0,0,1.0,9.5,SEVERE
Bengaluru,Electronic City Elevated Expressway,BLR_SOUTH,5,4,348,48.0,1,1.0,24.1,MODERATE
Bengaluru,Central Silk Board Junction,BLR_SOUTH,5,6,103,18.0,1,1.0,13.4,HEAVY
Bengaluru,M.G. Road & Trinity Circle Corridor,BLR_CENTRAL,18,0,506,22.0,0,1.0,4.5,SEVERE
Bengaluru,M.G. Road & Trinity Circle Corridor,BLR_CENTRAL,1,1,270,22.0,0,0.5,6.4,SEVERE
Bengaluru,Goraguntepalya Tumkur Road Junction,BLR_WEST,0,4,247,24.0,0,0.5,7.2,SEVERE
Bengaluru,Tin Factory & K.R. Puram Junction,BLR_EAST,9,1,263,12.0,1,1.0,4.0,SEVERE
Bengaluru,Electronic City Elevated Expressway,BLR_SOUTH,9,6,310,48.0,1,0.5,5.3,SEVERE
Bengaluru,Outer Ring Road (Marathahalli - Bellandur),BLR_EAST,13,6,393,20.0,1,1.0,9.1,SEVERE
Bengaluru,Hebbal Flyover to Airport Expressway,BLR_NORTH,15,3,288,35.0,0,1.0,19.7,HEAVY
Bengaluru,Central Silk Board Junction,BLR_SOUTH,2,2,586,18.0,1,1.0,4.8,SEVERE
Bengaluru,Electronic City Elevated Expressway,BLR_SOUTH,2,4,596,48.0,1,1.0,12.2,HEAVY
Bengaluru,M.G. Road & Trinity Circle Corridor,BLR_CENTRAL,1,2,524,22.0,0,0.5,4.0,SEVERE
Bengaluru,Outer Ring Road (Marathahalli - Bellandur),BLR_EAST,5,2,110,20.0,1,1.0,14.8,HEAVY
Bengaluru,Goraguntepalya Tumkur Road Junction,BLR_WEST,5,6,480,24.0,0,1.0,8.9,SEVERE
Bengaluru,Goraguntepalya Tumkur Road Junction,BLR_WEST,0,2,556,24.0,0,1.0,7.1,SEVERE
Bengaluru,Hebbal Flyover to Airport Expressway,BLR_NORTH,7,6,472,35.0,0,1.0,13.2,HEAVY
Bengaluru,Tin Factory & K.R. Puram Junction,BLR_EAST,20,2,334,12.0,1,1.0,4.0,SEVERE
Bengaluru,Hebbal Flyover to Airport Expressway,BLR_NORTH,6,4,187,35.0,0,1.0,23.2,MODERATE
Bengaluru,Whitefield ITPB Main Road,BLR_EAST,8,4,215,16.0,1,1.0,4.2,SEVERE
Bengaluru,Electronic City Elevated Expressway,BLR_SOUTH,3,6,316,48.0,1,0.5,12.8,HEAVY
Bengaluru,Hebbal Flyover to Airport Expressway,BLR_NORTH,19,0,336,35.0,0,1.0,10.6,HEAVY
Bengaluru,Goraguntepalya Tumkur Road Junction,BLR_WEST,22,4,464,24.0,0,0.5,4.6,SEVERE
Bengaluru,Outer Ring Road (Marathahalli - Bellandur),BLR_EAST,23,3,425,20.0,1,1.0,8.5,SEVERE
Bengaluru,Tin Factory & K.R. Puram Junction,BLR_EAST,21,2,595,12.0,1,1.0,4.0,SEVERE
Bengaluru,Electronic City Elevated Expressway,BLR_SOUTH,9,3,541,48.0,1,1.0,6.1,SEVERE
Bengaluru,Hebbal Flyover to Airport Expressway,BLR_NORTH,13,1,265,35.0,0,1.0,20.5,MODERATE
Bengaluru,Hebbal Flyover to Airport Expressway,BLR_NORTH,8,4,220,35.0,0,1.0,13.0,HEAVY
Bengaluru,M.G. Road & Trinity Circle Corridor,BLR_CENTRAL,1,0,267,22.0,0,1.0,12.8,HEAVY
Bengaluru,Tin Factory & K.R. Puram Junction,BLR_EAST,12,2,519,12.0,1,1.0,4.0,SEVERE
Bengaluru,Tin Factory & K.R. Puram Junction,BLR_EAST,10,6,64,12.0,1,1.0,4.0,SEVERE
Bengaluru,Outer Ring Road (Marathahalli - Bellandur),BLR_EAST,2,5,90,20.0,1,1.0,15.2,HEAVY
Bengaluru,Hebbal Flyover to Airport Expressway,BLR_NORTH,19,3,225,35.0,0,0.5,6.4,SEVERE
Bengaluru,Whitefield ITPB Main Road,BLR_EAST,7,6,115,16.0,1,1.0,11.8,HEAVY
Bengaluru,Hebbal Flyover to Airport Expressway,BLR_NORTH,6,0,180,35.0,0,1.0,23.4,MODERATE
Bengaluru,Goraguntepalya Tumkur Road Junction,BLR_WEST,6,6,467,24.0,0,1.0,9.2,SEVERE
Bengaluru,Electronic City Elevated Expressway,BLR_SOUTH,20,0,573,48.0,1,0.5,4.0,SEVERE
Bengaluru,Central Silk Board Junction,BLR_SOUTH,15,3,177,18.0,1,0.5,6.1,SEVERE
Bengaluru,Electronic City Elevated Expressway,BLR_SOUTH,23,1,135,48.0,1,1.0,34.3,LOW
Bengaluru,Tin Factory & K.R. Puram Junction,BLR_EAST,9,4,84,12.0,1,1.0,4.0,SEVERE
Bengaluru,Tin Factory & K.R. Puram Junction,BLR_EAST,7,1,531,12.0,1,1.0,4.0,SEVERE
Bengaluru,Tin Factory & K.R. Puram Junction,BLR_EAST,23,2,241,12.0,1,1.0,7.3,SEVERE
Bengaluru,Tin Factory & K.R. Puram Junction,BLR_EAST,17,1,73,12.0,1,1.0,4.0,SEVERE
Bengaluru,Goraguntepalya Tumkur Road Junction,BLR_WEST,21,5,257,24.0,0,1.0,8.4,SEVERE
Bengaluru,Tin Factory & K.R. Puram Junction,BLR_EAST,19,5,72,12.0,1,1.0,4.0,SEVERE
Bengaluru,Outer Ring Road (Marathahalli - Bellandur),BLR_EAST,12,5,257,20.0,1,0.5,5.9,SEVERE
Bengaluru,Whitefield ITPB Main Road,BLR_EAST,16,5,247,16.0,1,1.0,9.6,SEVERE
Bengaluru,Outer Ring Road (Marathahalli - Bellandur),BLR_EAST,0,0,359,20.0,1,0.5,4.9,SEVERE
Bengaluru,Electronic City Elevated Expressway,BLR_SOUTH,10,6,219,48.0,1,1.0,12.5,HEAVY
Bengaluru,Tin Factory & K.R. Puram Junction,BLR_EAST,13,4,128,12.0,1,1.0,8.7,SEVERE
Bengaluru,Tin Factory & K.R. Puram Junction,BLR_EAST,19,4,90,12.0,1,1.0,4.0,SEVERE
Bengaluru,Outer Ring Road (Marathahalli - Bellandur),BLR_EAST,15,5,82,20.0,1,1.0,15.4,HEAVY
Bengaluru,M.G. Road & Trinity Circle Corridor,BLR_CENTRAL,8,6,73,22.0,0,0.5,5.0,SEVERE
Bengaluru,Tin Factory & K.R. Puram Junction,BLR_EAST,0,5,430,12.0,1,1.0,5.0,SEVERE
Bengaluru,Hebbal Flyover to Airport Expressway,BLR_NORTH,8,6,249,35.0,0,0.5,6.2,SEVERE
Bengaluru,Central Silk Board Junction,BLR_SOUTH,7,5,530,18.0,1,1.0,5.8,SEVERE
Bengaluru,Hebbal Flyover to Airport Expressway,BLR_NORTH,13,2,550,35.0,0,1.0,10.5,HEAVY
Bengaluru,Central Silk Board Junction,BLR_SOUTH,12,2,270,18.0,1,1.0,10.4,HEAVY
Bengaluru,Tin Factory & K.R. Puram Junction,BLR_EAST,8,2,567,12.0,1,1.0,4.0,SEVERE
Bengaluru,Central Silk Board Junction,BLR_SOUTH,0,5,531,18.0,1,1.0,5.7,SEVERE
Bengaluru,Central Silk Board Junction,BLR_SOUTH,23,0,518,18.0,1,1.0,6.0,SEVERE
Bengaluru,Outer Ring Road (Marathahalli - Bellandur),BLR_EAST,6,5,144,20.0,1,1.0,14.1,HEAVY
Bengaluru,Whitefield ITPB Main Road,BLR_EAST,1,5,283,16.0,1,1.0,9.1,SEVERE
Bengaluru,Outer Ring Road (Marathahalli - Bellandur),BLR_EAST,8,5,497,20.0,1,1.0,4.0,SEVERE
Bengaluru,Tin Factory & K.R. Puram Junction,BLR_EAST,7,5,537,12.0,1,1.0,4.0,SEVERE
Bengaluru,Outer Ring Road (Marathahalli - Bellandur),BLR_EAST,3,3,463,20.0,1,1.0,7.7,SEVERE
Bengaluru,Outer Ring Road (Marathahalli - Bellandur),BLR_EAST,23,4,172,20.0,1,1.0,13.6,HEAVY
Bengaluru,Electronic City Elevated Expressway,BLR_SOUTH,3,1,86,48.0,1,1.0,36.7,LOW
Bengaluru,Outer Ring Road (Marathahalli - Bellandur),BLR_EAST,18,3,338,20.0,1,1.0,4.2,SEVERE
Bengaluru,Whitefield ITPB Main Road,BLR_EAST,11,4,136,16.0,1,1.0,4.7,SEVERE
Bengaluru,Outer Ring Road (Marathahalli - Bellandur),BLR_EAST,12,6,582,20.0,1,1.0,5.4,SEVERE
Bengaluru,Central Silk Board Junction,BLR_SOUTH,9,2,144,18.0,1,1.0,5.2,SEVERE
Bengaluru,Tin Factory & K.R. Puram Junction,BLR_EAST,21,6,341,12.0,1,1.0,4.0,SEVERE
Bengaluru,Central Silk Board Junction,BLR_SOUTH,5,2,536,18.0,1,1.0,5.7,SEVERE
Bengaluru,Whitefield ITPB Main Road,BLR_EAST,15,0,236,16.0,1,0.5,4.9,SEVERE
Bengaluru,Central Silk Board Junction,BLR_SOUTH,0,0,264,18.0,1,1.0,10.5,HEAVY
Bengaluru,Central Silk Board Junction,BLR_SOUTH,1,4,527,18.0,1,1.0,5.8,SEVERE
Bengaluru,M.G. Road & Trinity Circle Corridor,BLR_CENTRAL,20,2,73,22.0,0,1.0,10.1,HEAVY
Bengaluru,Hebbal Flyover to Airport Expressway,BLR_NORTH,0,4,493,35.0,0,0.5,6.2,SEVERE
Bengaluru,Tin Factory & K.R. Puram Junction,BLR_EAST,10,2,517,12.0,1,0.5,4.0,SEVERE
Bengaluru,Whitefield ITPB Main Road,BLR_EAST,17,4,453,16.0,1,1.0,4.0,SEVERE
Bengaluru,Electronic City Elevated Expressway,BLR_SOUTH,20,1,594,48.0,1,1.0,5.1,SEVERE
Bengaluru,Whitefield ITPB Main Road,BLR_EAST,9,2,248,16.0,1,0.5,4.0,SEVERE
Bengaluru,Whitefield ITPB Main Road,BLR_EAST,13,1,262,16.0,1,1.0,9.4,SEVERE
Bengaluru,Hebbal Flyover to Airport Expressway,BLR_NORTH,22,3,229,35.0,0,0.5,10.9,HEAVY
Bengaluru,Outer Ring Road (Marathahalli - Bellandur),BLR_EAST,8,6,98,20.0,1,1.0,6.2,SEVERE
Bengaluru,Goraguntepalya Tumkur Road Junction,BLR_WEST,1,6,391,24.0,0,1.0,11.0,HEAVY
Bengaluru,M.G. Road & Trinity Circle Corridor,BLR_CENTRAL,6,3,512,22.0,0,1.0,7.4,SEVERE
Bengaluru,Hebbal Flyover to Airport Expressway,BLR_NORTH,7,3,416,35.0,0,1.0,15.2,HEAVY
Bengaluru,Hebbal Flyover to Airport Expressway,BLR_NORTH,10,6,252,35.0,0,1.0,12.3,HEAVY
Bengaluru,Hebbal Flyover to Airport Expressway,BLR_NORTH,16,2,141,35.0,0,1.0,24.8,MODERATE
Bengaluru,Electronic City Elevated Expressway,BLR_SOUTH,15,2,288,48.0,1,0.5,13.5,HEAVY
Bengaluru,M.G. Road & Trinity Circle Corridor,BLR_CENTRAL,9,3,201,22.0,0,1.0,8.4,SEVERE
Bengaluru,Electronic City Elevated Expressway,BLR_SOUTH,17,4,481,48.0,1,1.0,7.3,SEVERE
Bengaluru,Hebbal Flyover to Airport Expressway,BLR_NORTH,20,0,126,35.0,0,1.0,14.9,HEAVY
Bengaluru,Tin Factory & K.R. Puram Junction,BLR_EAST,7,1,361,12.0,1,0.5,4.0,SEVERE
Bengaluru,Whitefield ITPB Main Road,BLR_EAST,15,1,135,16.0,1,1.0,11.4,HEAVY
Bengaluru,Goraguntepalya Tumkur Road Junction,BLR_WEST,2,0,576,24.0,0,1.0,6.6,SEVERE
Bengaluru,Whitefield ITPB Main Road,BLR_EAST,20,3,585,16.0,1,1.0,4.0,SEVERE
Bengaluru,Central Silk Board Junction,BLR_SOUTH,1,3,63,18.0,1,1.0,14.2,HEAVY
Bengaluru,Central Silk Board Junction,BLR_SOUTH,13,0,185,18.0,1,1.0,12.0,HEAVY
Bengaluru,Goraguntepalya Tumkur Road Junction,BLR_WEST,13,2,268,24.0,0,1.0,14.0,HEAVY
Bengaluru,Hebbal Flyover to Airport Expressway,BLR_NORTH,22,5,226,35.0,0,1.0,21.8,MODERATE
Bengaluru,Outer Ring Road (Marathahalli - Bellandur),BLR_EAST,3,0,64,20.0,1,1.0,15.7,HEAVY
Bengaluru,Whitefield ITPB Main Road,BLR_EAST,21,3,86,16.0,1,1.0,5.0,SEVERE
Bengaluru,Hebbal Flyover to Airport Expressway,BLR_NORTH,13,1,391,35.0,0,1.0,16.1,HEAVY
Bengaluru,Goraguntepalya Tumkur Road Junction,BLR_WEST,19,3,566,24.0,0,1.0,4.0,SEVERE
Bengaluru,M.G. Road & Trinity Circle Corridor,BLR_CENTRAL,20,2,452,22.0,0,1.0,5.2,SEVERE
Bengaluru,Goraguntepalya Tumkur Road Junction,BLR_WEST,4,2,412,24.0,0,1.0,10.5,HEAVY
Bengaluru,Hebbal Flyover to Airport Expressway,BLR_NORTH,0,6,585,35.0,0,1.0,9.3,SEVERE
Bengaluru,M.G. Road & Trinity Circle Corridor,BLR_CENTRAL,6,5,202,22.0,0,0.5,7.1,SEVERE
Bengaluru,Central Silk Board Junction,BLR_SOUTH,2,0,586,18.0,1,1.0,4.8,SEVERE
Bengaluru,Whitefield ITPB Main Road,BLR_EAST,9,5,517,16.0,1,1.0,4.0,SEVERE
Bengaluru,Electronic City Elevated Expressway,BLR_SOUTH,7,0,432,48.0,1,0.5,10.0,HEAVY
Bengaluru,Electronic City Elevated Expressway,BLR_SOUTH,14,6,452,48.0,1,1.0,19.1,HEAVY
Bengaluru,Goraguntepalya Tumkur Road Junction,BLR_WEST,3,0,66,24.0,0,1.0,18.8,HEAVY
Bengaluru,M.G. Road & Trinity Circle Corridor,BLR_CENTRAL,9,2,561,22.0,0,0.5,4.0,SEVERE
Bengaluru,M.G. Road & Trinity Circle Corridor,BLR_CENTRAL,21,0,241,22.0,0,1.0,7.9,SEVERE
Bengaluru,Outer Ring Road (Marathahalli - Bellandur),BLR_EAST,1,5,382,20.0,1,1.0,9.4,SEVERE
Bengaluru,Central Silk Board Junction,BLR_SOUTH,2,1,91,18.0,1,1.0,13.7,HEAVY
Bengaluru,Whitefield ITPB Main Road,BLR_EAST,10,2,84,16.0,1,1.0,5.0,SEVERE
Bengaluru,Electronic City Elevated Expressway,BLR_SOUTH,9,1,336,48.0,1,1.0,10.2,HEAVY
Bengaluru,Tin Factory & K.R. Puram Junction,BLR_EAST,18,6,371,12.0,1,1.0,4.0,SEVERE
Bengaluru,Electronic City Elevated Expressway,BLR_SOUTH,17,1,191,48.0,1,1.0,13.0,HEAVY
Bengaluru,Goraguntepalya Tumkur Road Junction,BLR_WEST,20,0,303,24.0,0,0.5,4.0,SEVERE
Bengaluru,Goraguntepalya Tumkur Road Junction,BLR_WEST,15,3,531,24.0,0,1.0,7.7,SEVERE
Bengaluru,Goraguntepalya Tumkur Road Junction,BLR_WEST,2,0,156,24.0,0,1.0,16.7,HEAVY
Bengaluru,Whitefield ITPB Main Road,BLR_EAST,10,1,232,16.0,1,1.0,4.1,SEVERE
Bengaluru,Central Silk Board Junction,BLR_SOUTH,11,2,155,18.0,1,1.0,5.2,SEVERE
Bengaluru,M.G. Road & Trinity Circle Corridor,BLR_CENTRAL,3,3,402,22.0,0,1.0,9.9,SEVERE
Bengaluru,Hebbal Flyover to Airport Expressway,BLR_NORTH,4,5,180,35.0,0,1.0,23.4,MODERATE
Bengaluru,Central Silk Board Junction,BLR_SOUTH,23,5,509,18.0,1,1.0,6.1,SEVERE
Bengaluru,Electronic City Elevated Expressway,BLR_SOUTH,17,1,233,48.0,1,1.0,12.2,HEAVY
Bengaluru,Hebbal Flyover to Airport Expressway,BLR_NORTH,6,2,92,35.0,0,1.0,26.5,MODERATE
Bengaluru,M.G. Road & Trinity Circle Corridor,BLR_CENTRAL,13,3,376,22.0,0,1.0,10.4,HEAVY
Bengaluru,Electronic City Elevated Expressway,BLR_SOUTH,12,3,359,48.0,1,0.5,11.8,HEAVY
Bengaluru,Hebbal Flyover to Airport Expressway,BLR_NORTH,18,1,300,35.0,0,0.5,5.7,SEVERE
Bengaluru,Electronic City Elevated Expressway,BLR_SOUTH,20,3,379,48.0,1,1.0,9.3,SEVERE
Bengaluru,Hebbal Flyover to Airport Expressway,BLR_NORTH,16,2,312,35.0,0,1.0,18.8,HEAVY
Bengaluru,Hebbal Flyover to Airport Expressway,BLR_NORTH,20,2,590,35.0,0,1.0,5.4,SEVERE
Bengaluru,Tin Factory & K.R. Puram Junction,BLR_EAST,20,4,491,12.0,1,1.0,4.0,SEVERE
Bengaluru,Hebbal Flyover to Airport Expressway,BLR_NORTH,8,3,200,35.0,0,1.0,13.4,HEAVY
Bengaluru,Goraguntepalya Tumkur Road Junction,BLR_WEST,3,1,89,24.0,0,1.0,18.3,HEAVY
Bengaluru,M.G. Road & Trinity Circle Corridor,BLR_CENTRAL,7,4,123,22.0,0,1.0,16.0,HEAVY
Bengaluru,Goraguntepalya Tumkur Road Junction,BLR_WEST,15,5,92,24.0,0,1.0,18.2,HEAVY
Bengaluru,Central Silk Board Junction,BLR_SOUTH,2,5,90,18.0,1,0.5,6.8,SEVERE
Bengaluru,Tin Factory & K.R. Puram Junction,BLR_EAST,23,3,374,12.0,1,1.0,5.7,SEVERE
Bengaluru,Goraguntepalya Tumkur Road Junction,BLR_WEST,16,5,455,24.0,0,0.5,4.7,SEVERE
Bengaluru,Outer Ring Road (Marathahalli - Bellandur),BLR_EAST,11,1,133,20.0,1,0.5,4.0,SEVERE
Bengaluru,Whitefield ITPB Main Road,BLR_EAST,19,1,467,16.0,1,1.0,4.0,SEVERE
Bengaluru,Electronic City Elevated Expressway,BLR_SOUTH,23,6,279,48.0,1,0.5,13.7,HEAVY
Bengaluru,Goraguntepalya Tumkur Road Junction,BLR_WEST,7,4,361,24.0,0,1.0,11.7,HEAVY
Bengaluru,Goraguntepalya Tumkur Road Junction,BLR_WEST,2,1,284,24.0,0,1.0,13.6,HEAVY
Bengaluru,Whitefield ITPB Main Road,BLR_EAST,21,1,92,16.0,1,1.0,5.0,SEVERE
Bengaluru,Goraguntepalya Tumkur Road Junction,BLR_WEST,20,3,555,24.0,0,1.0,4.2,SEVERE
Bengaluru,M.G. Road & Trinity Circle Corridor,BLR_CENTRAL,3,2,476,22.0,0,1.0,8.2,SEVERE
Bengaluru,Hebbal Flyover to Airport Expressway,BLR_NORTH,11,1,263,35.0,0,1.0,12.1,HEAVY
Bengaluru,Whitefield ITPB Main Road,BLR_EAST,21,5,581,16.0,1,1.0,4.0,SEVERE
Bengaluru,Whitefield ITPB Main Road,BLR_EAST,4,2,584,16.0,1,1.0,4.3,SEVERE
Bengaluru,Central Silk Board Junction,BLR_SOUTH,6,4,308,18.0,1,1.0,9.8,SEVERE
Bengaluru,Goraguntepalya Tumkur Road Junction,BLR_WEST,7,2,204,24.0,0,0.5,7.8,SEVERE
Bengaluru,Goraguntepalya Tumkur Road Junction,BLR_WEST,0,0,460,24.0,0,1.0,9.4,SEVERE
Bengaluru,Whitefield ITPB Main Road,BLR_EAST,15,6,522,16.0,1,0.5,4.0,SEVERE
Bengaluru,Goraguntepalya Tumkur Road Junction,BLR_WEST,15,4,585,24.0,0,1.0,6.4,SEVERE
Bengaluru,Outer Ring Road (Marathahalli - Bellandur),BLR_EAST,4,3,581,20.0,1,0.5,4.0,SEVERE
Bengaluru,Tin Factory & K.R. Puram Junction,BLR_EAST,3,3,340,12.0,1,0.5,4.0,SEVERE
Bengaluru,M.G. Road & Trinity Circle Corridor,BLR_CENTRAL,17,4,148,22.0,0,1.0,9.1,SEVERE
Bengaluru,Whitefield ITPB Main Road,BLR_EAST,1,1,248,16.0,1,0.5,4.8,SEVERE
Bengaluru,Central Silk Board Junction,BLR_SOUTH,6,0,172,18.0,1,1.0,12.2,HEAVY
Bengaluru,Goraguntepalya Tumkur Road Junction,BLR_WEST,10,2,406,24.0,0,1.0,6.3,SEVERE
Bengaluru,M.G. Road & Trinity Circle Corridor,BLR_CENTRAL,12,3,257,22.0,0,1.0,13.0,HEAVY
Bengaluru,Electronic City Elevated Expressway,BLR_SOUTH,21,2,392,48.0,1,1.0,9.1,SEVERE
Bengaluru,Hebbal Flyover to Airport Expressway,BLR_NORTH,12,6,384,35.0,0,1.0,16.3,HEAVY
Bengaluru,Whitefield ITPB Main Road,BLR_EAST,15,3,245,16.0,1,1.0,9.7,SEVERE
Bengaluru,Goraguntepalya Tumkur Road Junction,BLR_WEST,0,5,462,24.0,0,1.0,9.3,SEVERE
Bengaluru,Tin Factory & K.R. Puram Junction,BLR_EAST,15,0,520,12.0,1,1.0,4.0,SEVERE
Bengaluru,Hebbal Flyover to Airport Expressway,BLR_NORTH,9,3,281,35.0,0,1.0,11.7,HEAVY
Bengaluru,M.G. Road & Trinity Circle Corridor,BLR_CENTRAL,18,1,528,22.0,0,0.5,4.0,SEVERE
Bengaluru,Tin Factory & K.R. Puram Junction,BLR_EAST,0,6,167,12.0,1,0.5,4.1,SEVERE
Bengaluru,Hebbal Flyover to Airport Expressway,BLR_NORTH,13,0,537,35.0,0,1.0,11.0,HEAVY
Bengaluru,Goraguntepalya Tumkur Road Junction,BLR_WEST,2,0,170,24.0,0,1.0,16.3,HEAVY
Bengaluru,Central Silk Board Junction,BLR_SOUTH,4,5,298,18.0,1,1.0,9.9,SEVERE
Bengaluru,Outer Ring Road (Marathahalli - Bellandur),BLR_EAST,23,3,344,20.0,1,1.0,10.1,HEAVY
Bengaluru,Hebbal Flyover to Airport Expressway,BLR_NORTH,1,2,68,35.0,0,1.0,27.4,MODERATE
Bengaluru,Tin Factory & K.R. Puram Junction,BLR_EAST,17,0,116,12.0,1,1.0,4.0,SEVERE
Bengaluru,Electronic City Elevated Expressway,BLR_SOUTH,19,1,236,48.0,1,1.0,12.1,HEAVY
Bengaluru,Tin Factory & K.R. Puram Junction,BLR_EAST,20,5,278,12.0,1,1.0,4.0,SEVERE
Bengaluru,Central Silk Board Junction,BLR_SOUTH,14,1,198,18.0,1,1.0,11.7,HEAVY
Bengaluru,Central Silk Board Junction,BLR_SOUTH,19,6,63,18.0,1,0.5,4.0,SEVERE
Bengaluru,Hebbal Flyover to Airport Expressway,BLR_NORTH,1,5,205,35.0,0,0.5,11.3,HEAVY
Bengaluru,Electronic City Elevated Expressway,BLR_SOUTH,18,2,393,48.0,1,1.0,9.0,SEVERE
Bengaluru,M.G. Road & Trinity Circle Corridor,BLR_CENTRAL,11,2,492,22.0,0,1.0,4.6,SEVERE
Bengaluru,Hebbal Flyover to Airport Expressway,BLR_NORTH,5,6,457,35.0,0,1.0,13.8,HEAVY
Bengaluru,Goraguntepalya Tumkur Road Junction,BLR_WEST,15,6,432,24.0,0,1.0,10.0,HEAVY
Bengaluru,Hebbal Flyover to Airport Expressway,BLR_NORTH,15,1,432,35.0,0,1.0,14.6,HEAVY
Bengaluru,Goraguntepalya Tumkur Road Junction,BLR_WEST,14,2,140,24.0,0,1.0,17.0,HEAVY
Bengaluru,Tin Factory & K.R. Puram Junction,BLR_EAST,8,3,295,12.0,1,1.0,4.0,SEVERE
Bengaluru,Electronic City Elevated Expressway,BLR_SOUTH,15,6,65,48.0,1,1.0,37.7,LOW
Bengaluru,Hebbal Flyover to Airport Expressway,BLR_NORTH,23,1,341,35.0,0,1.0,17.8,HEAVY
Bengaluru,Outer Ring Road (Marathahalli - Bellandur),BLR_EAST,23,6,395,20.0,1,1.0,9.1,SEVERE
Bengaluru,Electronic City Elevated Expressway,BLR_SOUTH,8,3,332,48.0,1,1.0,10.2,HEAVY
Bengaluru,Outer Ring Road (Marathahalli - Bellandur),BLR_EAST,21,6,258,20.0,1,1.0,4.9,SEVERE
Bengaluru,Hebbal Flyover to Airport Expressway,BLR_NORTH,11,5,522,35.0,0,1.0,6.8,SEVERE
Bengaluru,Central Silk Board Junction,BLR_SOUTH,20,1,238,18.0,1,1.0,4.5,SEVERE
Bengaluru,Goraguntepalya Tumkur Road Junction,BLR_WEST,21,5,534,24.0,0,1.0,4.5,SEVERE
Bengaluru,Electronic City Elevated Expressway,BLR_SOUTH,18,2,207,48.0,1,1.0,12.7,HEAVY
Bengaluru,Electronic City Elevated Expressway,BLR_SOUTH,22,2,231,48.0,1,0.5,14.9,HEAVY
Bengaluru,Whitefield ITPB Main Road,BLR_EAST,4,3,155,16.0,1,1.0,11.1,HEAVY
Bengaluru,Goraguntepalya Tumkur Road Junction,BLR_WEST,8,6,153,24.0,0,1.0,9.8,SEVERE
Bengaluru,M.G. Road & Trinity Circle Corridor,BLR_CENTRAL,22,4,536,22.0,0,1.0,6.9,SEVERE
Bengaluru,Electronic City Elevated Expressway,BLR_SOUTH,10,4,498,48.0,1,1.0,7.0,SEVERE
Bengaluru,M.G. Road & Trinity Circle Corridor,BLR_CENTRAL,3,5,129,22.0,0,0.5,7.9,SEVERE
Bengaluru,Tin Factory & K.R. Puram Junction,BLR_EAST,20,2,494,12.0,1,1.0,4.0,SEVERE
Bengaluru,Whitefield ITPB Main Road,BLR_EAST,19,6,459,16.0,1,1.0,4.0,SEVERE
Bengaluru,Electronic City Elevated Expressway,BLR_SOUTH,8,5,225,48.0,1,1.0,12.4,HEAVY
Bengaluru,Electronic City Elevated Expressway,BLR_SOUTH,4,5,497,48.0,1,1.0,16.9,HEAVY
Bengaluru,Central Silk Board Junction,BLR_SOUTH,7,6,345,18.0,1,1.0,9.1,SEVERE
Bengaluru,Central Silk Board Junction,BLR_SOUTH,0,6,561,18.0,1,1.0,5.2,SEVERE
Bengaluru,Goraguntepalya Tumkur Road Junction,BLR_WEST,8,0,426,24.0,0,0.5,4.0,SEVERE
Bengaluru,M.G. Road & Trinity Circle Corridor,BLR_CENTRAL,14,4,542,22.0,0,0.5,4.0,SEVERE
Bengaluru,Goraguntepalya Tumkur Road Junction,BLR_WEST,20,3,381,24.0,0,1.0,6.6,SEVERE
Bengaluru,Outer Ring Road (Marathahalli - Bellandur),BLR_EAST,23,4,346,20.0,1,1.0,10.1,HEAVY
Bengaluru,Outer Ring Road (Marathahalli - Bellandur),BLR_EAST,0,6,488,20.0,1,1.0,7.2,SEVERE
Bengaluru,Hebbal Flyover to Airport Expressway,BLR_NORTH,1,6,345,35.0,0,1.0,17.7,HEAVY
Bengaluru,M.G. Road & Trinity Circle Corridor,BLR_CENTRAL,2,5,228,22.0,0,1.0,13.7,HEAVY
Bengaluru,Outer Ring Road (Marathahalli - Bellandur),BLR_EAST,15,1,112,20.0,1,1.0,14.8,HEAVY
Bengaluru,Electronic City Elevated Expressway,BLR_SOUTH,5,1,581,48.0,1,1.0,12.9,HEAVY
Bengaluru,Central Silk Board Junction,BLR_SOUTH,6,2,417,18.0,1,1.0,7.8,SEVERE
Bengaluru,Hebbal Flyover to Airport Expressway,BLR_NORTH,8,5,223,35.0,0,1.0,12.9,HEAVY
Bengaluru,M.G. Road & Trinity Circle Corridor,BLR_CENTRAL,17,0,65,22.0,0,0.5,5.1,SEVERE
Bengaluru,Central Silk Board Junction,BLR_SOUTH,1,1,452,18.0,1,0.5,4.0,SEVERE
Bengaluru,Goraguntepalya Tumkur Road Junction,BLR_WEST,2,1,329,24.0,0,0.5,6.3,SEVERE
Bengaluru,M.G. Road & Trinity Circle Corridor,BLR_CENTRAL,14,2,105,22.0,0,1.0,16.4,HEAVY
Bengaluru,Outer Ring Road (Marathahalli - Bellandur),BLR_EAST,19,1,593,20.0,1,1.0,4.0,SEVERE
Bengaluru,Hebbal Flyover to Airport Expressway,BLR_NORTH,11,3,237,35.0,0,0.5,6.3,SEVERE
Bengaluru,Goraguntepalya Tumkur Road Junction,BLR_WEST,21,4,517,24.0,0,1.0,4.7,SEVERE
Bengaluru,Whitefield ITPB Main Road,BLR_EAST,7,6,230,16.0,1,1.0,9.9,SEVERE
Bengaluru,Hebbal Flyover to Airport Expressway,BLR_NORTH,6,6,506,35.0,0,1.0,12.0,HEAVY
Bengaluru,Whitefield ITPB Main Road,BLR_EAST,21,6,424,16.0,1,1.0,4.0,SEVERE
Bengaluru,Central Silk Board Junction,BLR_SOUTH,19,0,586,18.0,1,1.0,4.0,SEVERE
Bengaluru,Outer Ring Road (Marathahalli - Bellandur),BLR_EAST,13,2,179,20.0,1,1.0,13.4,HEAVY
Bengaluru,Central Silk Board Junction,BLR_SOUTH,13,4,583,18.0,1,1.0,4.8,SEVERE
Bengaluru,Whitefield ITPB Main Road,BLR_EAST,20,3,98,16.0,1,1.0,5.0,SEVERE
Bengaluru,Electronic City Elevated Expressway,BLR_SOUTH,21,2,484,48.0,1,1.0,7.2,SEVERE
Bengaluru,Goraguntepalya Tumkur Road Junction,BLR_WEST,15,1,582,24.0,0,1.0,6.4,SEVERE
Bengaluru,Electronic City Elevated Expressway,BLR_SOUTH,13,3,184,48.0,1,0.5,16.0,HEAVY
Bengaluru,Goraguntepalya Tumkur Road Junction,BLR_WEST,15,3,415,24.0,0,1.0,10.4,HEAVY
Bengaluru,Central Silk Board Junction,BLR_SOUTH,21,4,308,18.0,1,1.0,4.0,SEVERE
Bengaluru,Outer Ring Road (Marathahalli - Bellandur),BLR_EAST,22,5,563,20.0,1,1.0,5.7,SEVERE
Bengaluru,Whitefield ITPB Main Road,BLR_EAST,0,2,130,16.0,1,1.0,11.5,HEAVY
Bengaluru,Electronic City Elevated Expressway,BLR_SOUTH,18,4,328,48.0,1,0.5,5.2,SEVERE
Bengaluru,Central Silk Board Junction,BLR_SOUTH,9,6,487,18.0,1,1.0,4.0,SEVERE
Bengaluru,Electronic City Elevated Expressway,BLR_SOUTH,8,5,380,48.0,1,1.0,9.3,SEVERE
Bengaluru,Outer Ring Road (Marathahalli - Bellandur),BLR_EAST,14,5,393,20.0,1,1.0,9.1,SEVERE
Bengaluru,Whitefield ITPB Main Road,BLR_EAST,16,6,300,16.0,1,0.5,4.4,SEVERE
Bengaluru,Goraguntepalya Tumkur Road Junction,BLR_WEST,2,2,325,24.0,0,1.0,12.6,HEAVY
Bengaluru,Tin Factory & K.R. Puram Junction,BLR_EAST,5,0,458,12.0,1,1.0,4.7,SEVERE
Bengaluru,Goraguntepalya Tumkur Road Junction,BLR_WEST,2,1,483,24.0,0,0.5,4.4,SEVERE
Bengaluru,Hebbal Flyover to Airport Expressway,BLR_NORTH,9,2,465,35.0,0,0.5,4.0,SEVERE
Bengaluru,Central Silk Board Junction,BLR_SOUTH,8,4,446,18.0,1,1.0,4.0,SEVERE
Bengaluru,Goraguntepalya Tumkur Road Junction,BLR_WEST,3,0,75,24.0,0,0.5,9.3,SEVERE
Bengaluru,Electronic City Elevated Expressway,BLR_SOUTH,8,6,99,48.0,1,1.0,14.8,HEAVY
Bengaluru,M.G. Road & Trinity Circle Corridor,BLR_CENTRAL,22,5,452,22.0,0,0.5,4.4,SEVERE
Bengaluru,Outer Ring Road (Marathahalli - Bellandur),BLR_EAST,16,0,414,20.0,1,1.0,8.7,SEVERE
Bengaluru,Tin Factory & K.R. Puram Junction,BLR_EAST,14,0,360,12.0,1,1.0,5.9,SEVERE
Bengaluru,Goraguntepalya Tumkur Road Junction,BLR_WEST,0,1,270,24.0,0,1.0,13.9,HEAVY
Bengaluru,Central Silk Board Junction,BLR_SOUTH,9,0,313,18.0,1,1.0,4.0,SEVERE
Bengaluru,Hebbal Flyover to Airport Expressway,BLR_NORTH,0,4,79,35.0,0,1.0,27.0,MODERATE
Bengaluru,Whitefield ITPB Main Road,BLR_EAST,14,5,137,16.0,1,0.5,5.7,SEVERE
Bengaluru,Hebbal Flyover to Airport Expressway,BLR_NORTH,18,1,295,35.0,0,1.0,11.4,HEAVY
Bengaluru,Electronic City Elevated Expressway,BLR_SOUTH,23,5,460,48.0,1,1.0,18.7,HEAVY
Bengaluru,Hebbal Flyover to Airport Expressway,BLR_NORTH,3,2,283,35.0,0,1.0,19.8,HEAVY
Bengaluru,Central Silk Board Junction,BLR_SOUTH,7,5,346,18.0,1,1.0,9.1,SEVERE
Bengaluru,Central Silk Board Junction,BLR_SOUTH,17,3,450,18.0,1,1.0,4.0,SEVERE
Bengaluru,Electronic City Elevated Expressway,BLR_SOUTH,16,0,430,48.0,1,1.0,20.2,MODERATE
Bengaluru,Hebbal Flyover to Airport Expressway,BLR_NORTH,22,0,570,35.0,0,1.0,9.8,SEVERE
Bengaluru,Whitefield ITPB Main Road,BLR_EAST,15,5,315,16.0,1,1.0,8.6,SEVERE
Bengaluru,Outer Ring Road (Marathahalli - Bellandur),BLR_EAST,10,5,473,20.0,1,0.5,4.0,SEVERE
Bengaluru,Outer Ring Road (Marathahalli - Bellandur),BLR_EAST,4,5,220,20.0,1,0.5,6.3,SEVERE
Bengaluru,Tin Factory & K.R. Puram Junction,BLR_EAST,4,0,93,12.0,1,1.0,9.1,SEVERE
Bengaluru,Central Silk Board Junction,BLR_SOUTH,21,5,73,18.0,1,1.0,5.8,SEVERE
Bengaluru,Electronic City Elevated Expressway,BLR_SOUTH,11,3,366,48.0,1,1.0,9.6,SEVERE
Bengaluru,Central Silk Board Junction,BLR_SOUTH,18,1,449,18.0,1,1.0,4.0,SEVERE
Bengaluru,Whitefield ITPB Main Road,BLR_EAST,18,6,173,16.0,1,0.5,4.0,SEVERE
Bengaluru,Hebbal Flyover to Airport Expressway,BLR_NORTH,17,1,223,35.0,0,0.5,6.5,SEVERE
Bengaluru,Hebbal Flyover to Airport Expressway,BLR_NORTH,6,0,525,35.0,0,1.0,11.4,HEAVY
Bengaluru,M.G. Road & Trinity Circle Corridor,BLR_CENTRAL,12,3,534,22.0,0,1.0,7.0,SEVERE
Bengaluru,Electronic City Elevated Expressway,BLR_SOUTH,18,4,588,48.0,1,1.0,5.2,SEVERE
Bengaluru,Electronic City Elevated Expressway,BLR_SOUTH,6,1,537,48.0,1,0.5,7.5,SEVERE
Bengaluru,Goraguntepalya Tumkur Road Junction,BLR_WEST,22,4,482,24.0,0,0.5,4.4,SEVERE
Bengaluru,Tin Factory & K.R. Puram Junction,BLR_EAST,4,1,244,12.0,1,0.5,4.0,SEVERE
Bengaluru,Whitefield ITPB Main Road,BLR_EAST,21,3,448,16.0,1,1.0,4.0,SEVERE
Bengaluru,Outer Ring Road (Marathahalli - Bellandur),BLR_EAST,22,0,327,20.0,1,0.5,5.2,SEVERE
Bengaluru,Tin Factory & K.R. Puram Junction,BLR_EAST,8,4,428,12.0,1,0.5,4.0,SEVERE
Bengaluru,Goraguntepalya Tumkur Road Junction,BLR_WEST,23,3,126,24.0,0,1.0,17.4,HEAVY
Bengaluru,Whitefield ITPB Main Road,BLR_EAST,15,4,175,16.0,1,0.5,5.4,SEVERE
Bengaluru,Goraguntepalya Tumkur Road Junction,BLR_WEST,4,4,65,24.0,0,1.0,18.8,HEAVY
Bengaluru,Tin Factory & K.R. Puram Junction,BLR_EAST,21,5,494,12.0,1,1.0,4.0,SEVERE
Bengaluru,Tin Factory & K.R. Puram Junction,BLR_EAST,10,6,258,12.0,1,1.0,4.0,SEVERE
Bengaluru,Electronic City Elevated Expressway,BLR_SOUTH,4,1,515,48.0,1,0.5,8.0,SEVERE
Bengaluru,Central Silk Board Junction,BLR_SOUTH,4,5,212,18.0,1,1.0,11.5,HEAVY
Bengaluru,Central Silk Board Junction,BLR_SOUTH,3,4,252,18.0,1,1.0,10.8,HEAVY
Bengaluru,Central Silk Board Junction,BLR_SOUTH,23,2,307,18.0,1,1.0,9.8,SEVERE
Bengaluru,Electronic City Elevated Expressway,BLR_SOUTH,2,6,152,48.0,1,1.0,33.5,LOW
Bengaluru,Tin Factory & K.R. Puram Junction,BLR_EAST,8,5,94,12.0,1,1.0,4.0,SEVERE
Bengaluru,Outer Ring Road (Marathahalli - Bellandur),BLR_EAST,8,0,383,20.0,1,1.0,4.0,SEVERE
Bengaluru,Electronic City Elevated Expressway,BLR_SOUTH,4,0,265,48.0,1,1.0,28.1,MODERATE
Bengaluru,Tin Factory & K.R. Puram Junction,BLR_EAST,4,4,210,12.0,1,0.5,4.0,SEVERE
Bengaluru,M.G. Road & Trinity Circle Corridor,BLR_CENTRAL,10,0,411,22.0,0,1.0,5.7,SEVERE
Bengaluru,Central Silk Board Junction,BLR_SOUTH,10,5,558,18.0,1,1.0,4.0,SEVERE
Bengaluru,Electronic City Elevated Expressway,BLR_SOUTH,0,1,173,48.0,1,1.0,32.5,LOW
Bengaluru,M.G. Road & Trinity Circle Corridor,BLR_CENTRAL,22,1,266,22.0,0,1.0,12.8,HEAVY
Bengaluru,Tin Factory & K.R. Puram Junction,BLR_EAST,11,2,244,12.0,1,1.0,4.0,SEVERE
Bengaluru,M.G. Road & Trinity Circle Corridor,BLR_CENTRAL,22,5,154,22.0,0,1.0,15.3,HEAVY
Bengaluru,M.G. Road & Trinity Circle Corridor,BLR_CENTRAL,3,0,496,22.0,0,1.0,7.8,SEVERE
Bengaluru,Central Silk Board Junction,BLR_SOUTH,7,4,244,18.0,1,0.5,5.5,SEVERE
Bengaluru,Electronic City Elevated Expressway,BLR_SOUTH,3,2,600,48.0,1,0.5,6.0,SEVERE
Bengaluru,Goraguntepalya Tumkur Road Junction,BLR_WEST,12,4,537,24.0,0,1.0,7.5,SEVERE
Bengaluru,Whitefield ITPB Main Road,BLR_EAST,10,5,599,16.0,1,1.0,4.0,SEVERE
Bengaluru,Tin Factory & K.R. Puram Junction,BLR_EAST,9,0,342,12.0,1,0.5,4.0,SEVERE
Bengaluru,Whitefield ITPB Main Road,BLR_EAST,12,4,501,16.0,1,1.0,5.6,SEVERE
Bengaluru,Goraguntepalya Tumkur Road Junction,BLR_WEST,5,1,183,24.0,0,1.0,16.0,HEAVY
Bengaluru,Tin Factory & K.R. Puram Junction,BLR_EAST,16,1,277,12.0,1,1.0,6.9,SEVERE
Bengaluru,Outer Ring Road (Marathahalli - Bellandur),BLR_EAST,13,2,180,20.0,1,1.0,13.4,HEAVY
Bengaluru,Tin Factory & K.R. Puram Junction,BLR_EAST,18,2,276,12.0,1,1.0,4.0,SEVERE
Bengaluru,Outer Ring Road (Marathahalli - Bellandur),BLR_EAST,1,1,422,20.0,1,0.5,4.3,SEVERE
Bengaluru,Hebbal Flyover to Airport Expressway,BLR_NORTH,6,5,262,35.0,0,1.0,20.6,MODERATE
Bengaluru,Hebbal Flyover to Airport Expressway,BLR_NORTH,2,4,89,35.0,0,1.0,26.6,MODERATE
Bengaluru,Electronic City Elevated Expressway,BLR_SOUTH,16,5,141,48.0,1,1.0,34.0,LOW
Bengaluru,M.G. Road & Trinity Circle Corridor,BLR_CENTRAL,3,5,540,22.0,0,1.0,6.8,SEVERE
Bengaluru,Hebbal Flyover to Airport Expressway,BLR_NORTH,6,2,386,35.0,0,1.0,16.2,HEAVY
Bengaluru,Tin Factory & K.R. Puram Junction,BLR_EAST,21,0,403,12.0,1,1.0,4.0,SEVERE
Bengaluru,Tin Factory & K.R. Puram Junction,BLR_EAST,23,6,263,12.0,1,0.5,4.0,SEVERE
Bengaluru,M.G. Road & Trinity Circle Corridor,BLR_CENTRAL,0,5,506,22.0,0,1.0,7.6,SEVERE
Bengaluru,Electronic City Elevated Expressway,BLR_SOUTH,15,5,278,48.0,1,1.0,27.5,MODERATE
Bengaluru,Central Silk Board Junction,BLR_SOUTH,13,2,163,18.0,1,1.0,12.4,HEAVY
Bengaluru,Tin Factory & K.R. Puram Junction,BLR_EAST,20,2,384,12.0,1,0.5,4.0,SEVERE
Bengaluru,Outer Ring Road (Marathahalli - Bellandur),BLR_EAST,13,1,131,20.0,1,1.0,14.4,HEAVY
Bengaluru,Tin Factory & K.R. Puram Junction,BLR_EAST,16,4,541,12.0,1,1.0,4.0,SEVERE
Bengaluru,Outer Ring Road (Marathahalli - Bellandur),BLR_EAST,20,3,145,20.0,1,1.0,5.8,SEVERE
Bengaluru,Outer Ring Road (Marathahalli - Bellandur),BLR_EAST,16,6,148,20.0,1,1.0,14.0,HEAVY
Bengaluru,Whitefield ITPB Main Road,BLR_EAST,21,2,586,16.0,1,0.5,4.0,SEVERE
Bengaluru,M.G. Road & Trinity Circle Corridor,BLR_CENTRAL,11,1,368,22.0,0,1.0,6.2,SEVERE
Bengaluru,M.G. Road & Trinity Circle Corridor,BLR_CENTRAL,2,4,147,22.0,0,1.0,15.5,HEAVY
Bengaluru,Whitefield ITPB Main Road,BLR_EAST,13,2,485,16.0,1,1.0,5.8,SEVERE
Bengaluru,Goraguntepalya Tumkur Road Junction,BLR_WEST,1,0,503,24.0,0,1.0,8.3,SEVERE
Bengaluru,M.G. Road & Trinity Circle Corridor,BLR_CENTRAL,8,1,409,22.0,0,1.0,5.7,SEVERE
Bengaluru,Outer Ring Road (Marathahalli - Bellandur),BLR_EAST,8,2,371,20.0,1,1.0,4.0,SEVERE
Bengaluru,Central Silk Board Junction,BLR_SOUTH,22,2,379,18.0,1,1.0,8.5,SEVERE
Bengaluru,Electronic City Elevated Expressway,BLR_SOUTH,10,6,427,48.0,1,1.0,8.4,SEVERE
Bengaluru,Central Silk Board Junction,BLR_SOUTH,16,0,496,18.0,1,0.5,4.0,SEVERE
Bengaluru,Outer Ring Road (Marathahalli - Bellandur),BLR_EAST,21,0,356,20.0,1,1.0,4.1,SEVERE
Bengaluru,Hebbal Flyover to Airport Expressway,BLR_NORTH,15,6,358,35.0,0,1.0,17.2,HEAVY
Bengaluru,Tin Factory & K.R. Puram Junction,BLR_EAST,16,0,63,12.0,1,1.0,9.4,SEVERE
Bengaluru,Hebbal Flyover to Airport Expressway,BLR_NORTH,14,0,581,35.0,0,0.5,4.7,SEVERE
Bengaluru,Hebbal Flyover to Airport Expressway,BLR_NORTH,20,0,459,35.0,0,1.0,8.0,SEVERE
Bengaluru,Central Silk Board Junction,BLR_SOUTH,12,4,327,18.0,1,1.0,9.4,SEVERE
Bengaluru,Tin Factory & K.R. Puram Junction,BLR_EAST,15,5,568,12.0,1,1.0,4.0,SEVERE
Bengaluru,Central Silk Board Junction,BLR_SOUTH,17,4,244,18.0,1,1.0,4.5,SEVERE
Bengaluru,Hebbal Flyover to Airport Expressway,BLR_NORTH,16,2,491,35.0,0,1.0,12.6,HEAVY
Bengaluru,Central Silk Board Junction,BLR_SOUTH,19,4,169,18.0,1,1.0,5.0,SEVERE
Bengaluru,Outer Ring Road (Marathahalli - Bellandur),BLR_EAST,12,6,162,20.0,1,1.0,13.8,HEAVY
Bengaluru,Electronic City Elevated Expressway,BLR_SOUTH,7,2,173,48.0,1,1.0,32.5,LOW
Bengaluru,Outer Ring Road (Marathahalli - Bellandur),BLR_EAST,8,3,339,20.0,1,1.0,4.2,SEVERE
Bengaluru,Central Silk Board Junction,BLR_SOUTH,0,1,254,18.0,1,1.0,10.7,HEAVY
Bengaluru,Hebbal Flyover to Airport Expressway,BLR_NORTH,6,0,316,35.0,0,1.0,18.7,HEAVY
Bengaluru,Tin Factory & K.R. Puram Junction,BLR_EAST,11,0,245,12.0,1,1.0,4.0,SEVERE
Bengaluru,M.G. Road & Trinity Circle Corridor,BLR_CENTRAL,1,2,137,22.0,0,1.0,15.7,HEAVY
Bengaluru,Goraguntepalya Tumkur Road Junction,BLR_WEST,17,4,556,24.0,0,1.0,4.2,SEVERE
Bengaluru,Goraguntepalya Tumkur Road Junction,BLR_WEST,9,2,569,24.0,0,0.5,4.0,SEVERE
Bengaluru,Whitefield ITPB Main Road,BLR_EAST,13,2,404,16.0,1,1.0,7.1,SEVERE
Bengaluru,Tin Factory & K.R. Puram Junction,BLR_EAST,16,5,469,12.0,1,1.0,4.6,SEVERE
Bengaluru,Whitefield ITPB Main Road,BLR_EAST,19,6,481,16.0,1,0.5,4.0,SEVERE
Bengaluru,Central Silk Board Junction,BLR_SOUTH,9,3,80,18.0,1,1.0,5.7,SEVERE
Bengaluru,Central Silk Board Junction,BLR_SOUTH,3,6,141,18.0,1,0.5,6.4,SEVERE
Bengaluru,Central Silk Board Junction,BLR_SOUTH,4,6,90,18.0,1,1.0,13.7,HEAVY
Bengaluru,Electronic City Elevated Expressway,BLR_SOUTH,2,6,570,48.0,1,1.0,13.4,HEAVY
Bengaluru,Whitefield ITPB Main Road,BLR_EAST,13,6,480,16.0,1,0.5,4.0,SEVERE
Bengaluru,Hebbal Flyover to Airport Expressway,BLR_NORTH,21,3,440,35.0,0,1.0,8.4,SEVERE
Bengaluru,M.G. Road & Trinity Circle Corridor,BLR_CENTRAL,19,0,244,22.0,0,1.0,7.8,SEVERE
Bengaluru,Outer Ring Road (Marathahalli - Bellandur),BLR_EAST,14,6,407,20.0,1,1.0,8.9,SEVERE
Bengaluru,Tin Factory & K.R. Puram Junction,BLR_EAST,12,4,385,12.0,1,1.0,5.6,SEVERE
Bengaluru,Goraguntepalya Tumkur Road Junction,BLR_WEST,17,1,182,24.0,0,1.0,9.4,SEVERE
Bengaluru,M.G. Road & Trinity Circle Corridor,BLR_CENTRAL,6,5,109,22.0,0,1.0,16.3,HEAVY
Bengaluru,Electronic City Elevated Expressway,BLR_SOUTH,2,4,272,48.0,1,1.0,27.7,MODERATE
Bengaluru,Electronic City Elevated Expressway,BLR_SOUTH,2,0,308,48.0,1,1.0,26.0,MODERATE
Bengaluru,Central Silk Board Junction,BLR_SOUTH,9,2,241,18.0,1,1.0,4.5,SEVERE
Bengaluru,Hebbal Flyover to Airport Expressway,BLR_NORTH,6,0,475,35.0,0,0.5,6.6,SEVERE
Bengaluru,Whitefield ITPB Main Road,BLR_EAST,13,4,406,16.0,1,1.0,7.1,SEVERE
Bengaluru,Outer Ring Road (Marathahalli - Bellandur),BLR_EAST,20,2,555,20.0,1,0.5,4.0,SEVERE
Bengaluru,Electronic City Elevated Expressway,BLR_SOUTH,6,0,102,48.0,1,1.0,35.9,LOW
Bengaluru,Electronic City Elevated Expressway,BLR_SOUTH,14,3,64,48.0,1,1.0,37.7,LOW
Bengaluru,Central Silk Board Junction,BLR_SOUTH,2,1,77,18.0,1,0.5,7.0,SEVERE
Bengaluru,M.G. Road & Trinity Circle Corridor,BLR_CENTRAL,13,5,205,22.0,0,1.0,14.2,HEAVY
Bengaluru,Central Silk Board Junction,BLR_SOUTH,6,1,74,18.0,1,1.0,14.0,HEAVY
Bengaluru,Tin Factory & K.R. Puram Junction,BLR_EAST,6,0,548,12.0,1,1.0,4.0,SEVERE
Bengaluru,M.G. Road & Trinity Circle Corridor,BLR_CENTRAL,4,0,418,22.0,0,1.0,9.5,SEVERE
Bengaluru,Central Silk Board Junction,BLR_SOUTH,13,5,424,18.0,1,0.5,4.0,SEVERE
Bengaluru,Outer Ring Road (Marathahalli - Bellandur),BLR_EAST,13,4,507,20.0,1,0.5,4.0,SEVERE
Bengaluru,Goraguntepalya Tumkur Road Junction,BLR_WEST,1,4,190,24.0,0,0.5,7.9,SEVERE
Bengaluru,Tin Factory & K.R. Puram Junction,BLR_EAST,2,0,595,12.0,1,1.0,4.0,SEVERE
Bengaluru,Tin Factory & K.R. Puram Junction,BLR_EAST,10,0,229,12.0,1,1.0,4.0,SEVERE
Bengaluru,Goraguntepalya Tumkur Road Junction,BLR_WEST,7,0,501,24.0,0,1.0,8.4,SEVERE
Bengaluru,Electronic City Elevated Expressway,BLR_SOUTH,22,5,87,48.0,1,1.0,36.6,LOW
Bengaluru,Electronic City Elevated Expressway,BLR_SOUTH,5,0,219,48.0,1,1.0,30.3,LOW
Bengaluru,Whitefield ITPB Main Road,BLR_EAST,12,3,323,16.0,1,0.5,4.2,SEVERE
Bengaluru,M.G. Road & Trinity Circle Corridor,BLR_CENTRAL,0,0,266,22.0,0,1.0,12.8,HEAVY
Bengaluru,Whitefield ITPB Main Road,BLR_EAST,2,0,439,16.0,1,1.0,6.6,SEVERE
Bengaluru,Hebbal Flyover to Airport Expressway,BLR_NORTH,21,5,393,35.0,0,1.0,9.4,SEVERE
Bengaluru,Electronic City Elevated Expressway,BLR_SOUTH,9,4,287,48.0,1,1.0,11.1,HEAVY
Bengaluru,Outer Ring Road (Marathahalli - Bellandur),BLR_EAST,0,2,502,20.0,1,1.0,7.0,SEVERE
Bengaluru,Goraguntepalya Tumkur Road Junction,BLR_WEST,0,6,539,24.0,0,1.0,7.5,SEVERE
Bengaluru,Goraguntepalya Tumkur Road Junction,BLR_WEST,12,6,333,24.0,0,1.0,12.4,HEAVY
Bengaluru,M.G. Road & Trinity Circle Corridor,BLR_CENTRAL,16,0,543,22.0,0,1.0,6.8,SEVERE
Bengaluru,Central Silk Board Junction,BLR_SOUTH,9,4,582,18.0,1,0.5,4.0,SEVERE
Bengaluru,M.G. Road & Trinity Circle Corridor,BLR_CENTRAL,21,1,129,22.0,0,0.5,4.7,SEVERE
Bengaluru,Goraguntepalya Tumkur Road Junction,BLR_WEST,5,2,272,24.0,0,1.0,13.9,HEAVY
Bengaluru,Hebbal Flyover to Airport Expressway,BLR_NORTH,22,5,99,35.0,0,0.5,13.1,HEAVY
Bengaluru,Whitefield ITPB Main Road,BLR_EAST,14,3,432,16.0,1,1.0,6.7,SEVERE
Bengaluru,Central Silk Board Junction,BLR_SOUTH,23,6,544,18.0,1,0.5,4.0,SEVERE
Bengaluru,Hebbal Flyover to Airport Expressway,BLR_NORTH,20,2,401,35.0,0,1.0,9.2,SEVERE
Bengaluru,Electronic City Elevated Expressway,BLR_SOUTH,9,0,397,48.0,1,1.0,9.0,SEVERE
Bengaluru,Central Silk Board Junction,BLR_SOUTH,6,1,310,18.0,1,1.0,9.7,SEVERE
Bengaluru,Whitefield ITPB Main Road,BLR_EAST,23,4,64,16.0,1,0.5,6.3,SEVERE
Bengaluru,Central Silk Board Junction,BLR_SOUTH,15,4,251,18.0,1,1.0,10.8,HEAVY
Bengaluru,M.G. Road & Trinity Circle Corridor,BLR_CENTRAL,0,2,582,22.0,0,1.0,5.9,SEVERE
Bengaluru,Hebbal Flyover to Airport Expressway,BLR_NORTH,17,6,70,35.0,0,1.0,16.1,HEAVY
Bengaluru,Outer Ring Road (Marathahalli - Bellandur),BLR_EAST,2,1,547,20.0,1,0.5,4.0,SEVERE
Bengaluru,Outer Ring Road (Marathahalli - Bellandur),BLR_EAST,1,3,335,20.0,1,1.0,10.3,HEAVY
Bengaluru,Goraguntepalya Tumkur Road Junction,BLR_WEST,20,5,350,24.0,0,0.5,4.0,SEVERE
Bengaluru,Outer Ring Road (Marathahalli - Bellandur),BLR_EAST,18,2,482,20.0,1,0.5,4.0,SEVERE
Bengaluru,Whitefield ITPB Main Road,BLR_EAST,9,6,74,16.0,1,1.0,5.1,SEVERE
Bengaluru,M.G. Road & Trinity Circle Corridor,BLR_CENTRAL,10,2,122,22.0,0,0.5,4.7,SEVERE
Bengaluru,Outer Ring Road (Marathahalli - Bellandur),BLR_EAST,12,5,240,20.0,1,1.0,12.2,HEAVY
Bengaluru,Whitefield ITPB Main Road,BLR_EAST,8,2,235,16.0,1,1.0,4.1,SEVERE
Bengaluru,Central Silk Board Junction,BLR_SOUTH,11,6,128,18.0,1,1.0,5.4,SEVERE
Bengaluru,Electronic City Elevated Expressway,BLR_SOUTH,0,2,475,48.0,1,1.0,18.0,HEAVY
Bengaluru,Goraguntepalya Tumkur Road Junction,BLR_WEST,1,5,424,24.0,0,1.0,10.2,HEAVY
Bengaluru,Goraguntepalya Tumkur Road Junction,BLR_WEST,12,4,234,24.0,0,1.0,14.8,HEAVY
Bengaluru,Tin Factory & K.R. Puram Junction,BLR_EAST,23,1,388,12.0,1,1.0,5.5,SEVERE
Bengaluru,Hebbal Flyover to Airport Expressway,BLR_NORTH,10,5,87,35.0,0,1.0,15.7,HEAVY
Bengaluru,Outer Ring Road (Marathahalli - Bellandur),BLR_EAST,13,3,190,20.0,1,0.5,6.6,SEVERE
Bengaluru,Electronic City Elevated Expressway,BLR_SOUTH,21,4,508,48.0,1,1.0,6.8,SEVERE
Bengaluru,Electronic City Elevated Expressway,BLR_SOUTH,21,4,504,48.0,1,0.5,4.0,SEVERE
Bengaluru,Tin Factory & K.R. Puram Junction,BLR_EAST,10,2,148,12.0,1,1.0,4.0,SEVERE
Bengaluru,Electronic City Elevated Expressway,BLR_SOUTH,4,1,438,48.0,1,1.0,19.8,HEAVY
Bengaluru,Hebbal Flyover to Airport Expressway,BLR_NORTH,0,5,396,35.0,0,1.0,15.9,HEAVY
Bengaluru,Central Silk Board Junction,BLR_SOUTH,23,4,91,18.0,1,1.0,13.7,HEAVY
Bengaluru,Tin Factory & K.R. Puram Junction,BLR_EAST,3,3,475,12.0,1,1.0,4.5,SEVERE
Bengaluru,Electronic City Elevated Expressway,BLR_SOUTH,13,0,254,48.0,1,1.0,28.6,MODERATE
Bengaluru,Outer Ring Road (Marathahalli - Bellandur),BLR_EAST,10,5,564,20.0,1,1.0,4.0,SEVERE
Bengaluru,Whitefield ITPB Main Road,BLR_EAST,23,6,433,16.0,1,1.0,6.7,SEVERE
Bengaluru,Tin Factory & K.R. Puram Junction,BLR_EAST,20,3,374,12.0,1,1.0,4.0,SEVERE
Bengaluru,Goraguntepalya Tumkur Road Junction,BLR_WEST,4,2,92,24.0,0,1.0,18.2,HEAVY
Bengaluru,Central Silk Board Junction,BLR_SOUTH,0,6,556,18.0,1,1.0,5.3,SEVERE
Bengaluru,Hebbal Flyover to Airport Expressway,BLR_NORTH,20,0,470,35.0,0,1.0,7.8,SEVERE
Bengaluru,Tin Factory & K.R. Puram Junction,BLR_EAST,4,0,245,12.0,1,1.0,7.3,SEVERE
Bengaluru,Central Silk Board Junction,BLR_SOUTH,0,6,557,18.0,1,1.0,5.3,SEVERE
Bengaluru,Central Silk Board Junction,BLR_SOUTH,9,0,389,18.0,1,1.0,4.0,SEVERE
Bengaluru,Goraguntepalya Tumkur Road Junction,BLR_WEST,19,6,506,24.0,0,1.0,4.9,SEVERE
Bengaluru,Hebbal Flyover to Airport Expressway,BLR_NORTH,12,4,484,35.0,0,1.0,12.8,HEAVY
Bengaluru,M.G. Road & Trinity Circle Corridor,BLR_CENTRAL,13,0,339,22.0,0,0.5,5.6,SEVERE
Bengaluru,Hebbal Flyover to Airport Expressway,BLR_NORTH,3,4,584,35.0,0,1.0,9.3,SEVERE
Bengaluru,Tin Factory & K.R. Puram Junction,BLR_EAST,1,5,418,12.0,1,1.0,5.2,SEVERE
Bengaluru,M.G. Road & Trinity Circle Corridor,BLR_CENTRAL,3,0,302,22.0,0,1.0,12.1,HEAVY
Bengaluru,Whitefield ITPB Main Road,BLR_EAST,23,6,559,16.0,1,1.0,4.7,SEVERE
Bengaluru,Tin Factory & K.R. Puram Junction,BLR_EAST,22,6,421,12.0,1,1.0,5.1,SEVERE
Bengaluru,Hebbal Flyover to Airport Expressway,BLR_NORTH,14,0,83,35.0,0,1.0,26.8,MODERATE
Bengaluru,Whitefield ITPB Main Road,BLR_EAST,3,2,532,16.0,1,1.0,5.1,SEVERE
Bengaluru,Whitefield ITPB Main Road,BLR_EAST,10,4,401,16.0,1,1.0,4.0,SEVERE
Bengaluru,Hebbal Flyover to Airport Expressway,BLR_NORTH,0,3,515,35.0,0,1.0,11.7,HEAVY
Bengaluru,Outer Ring Road (Marathahalli - Bellandur),BLR_EAST,19,3,142,20.0,1,1.0,5.8,SEVERE
Bengaluru,M.G. Road & Trinity Circle Corridor,BLR_CENTRAL,18,2,529,22.0,0,1.0,4.2,SEVERE
Bengaluru,Electronic City Elevated Expressway,BLR_SOUTH,21,1,250,48.0,1,1.0,11.9,HEAVY
Bengaluru,Whitefield ITPB Main Road,BLR_EAST,2,6,194,16.0,1,1.0,10.5,HEAVY
Bengaluru,Whitefield ITPB Main Road,BLR_EAST,18,1,83,16.0,1,1.0,5.1,SEVERE
Bengaluru,Outer Ring Road (Marathahalli - Bellandur),BLR_EAST,3,4,384,20.0,1,0.5,4.7,SEVERE
Bengaluru,Whitefield ITPB Main Road,BLR_EAST,23,4,532,16.0,1,1.0,5.1,SEVERE
Bengaluru,Hebbal Flyover to Airport Expressway,BLR_NORTH,18,0,344,35.0,0,1.0,10.4,HEAVY
Bengaluru,M.G. Road & Trinity Circle Corridor,BLR_CENTRAL,6,1,563,22.0,0,1.0,6.3,SEVERE
Bengaluru,Central Silk Board Junction,BLR_SOUTH,1,6,402,18.0,1,1.0,8.1,SEVERE
Bengaluru,Goraguntepalya Tumkur Road Junction,BLR_WEST,10,5,416,24.0,0,0.5,4.0,SEVERE
Bengaluru,M.G. Road & Trinity Circle Corridor,BLR_CENTRAL,9,0,576,22.0,0,1.0,4.0,SEVERE
Bengaluru,Goraguntepalya Tumkur Road Junction,BLR_WEST,4,3,176,24.0,0,1.0,16.2,HEAVY
Bengaluru,Goraguntepalya Tumkur Road Junction,BLR_WEST,10,3,115,24.0,0,0.5,5.2,SEVERE
Bengaluru,Goraguntepalya Tumkur Road Junction,BLR_WEST,21,2,524,24.0,0,1.0,4.6,SEVERE
Bengaluru,Hebbal Flyover to Airport Expressway,BLR_NORTH,1,2,338,35.0,0,0.5,9.0,SEVERE
Bengaluru,Hebbal Flyover to Airport Expressway,BLR_NORTH,11,2,425,35.0,0,0.5,4.4,SEVERE
Bengaluru,Electronic City Elevated Expressway,BLR_SOUTH,9,4,406,48.0,1,1.0,8.8,SEVERE
Bengaluru,M.G. Road & Trinity Circle Corridor,BLR_CENTRAL,7,6,442,22.0,0,0.5,4.5,SEVERE
Bengaluru,Central Silk Board Junction,BLR_SOUTH,3,6,241,18.0,1,1.0,11.0,HEAVY
Bengaluru,M.G. Road & Trinity Circle Corridor,BLR_CENTRAL,8,0,566,22.0,0,1.0,4.0,SEVERE
Bengaluru,Whitefield ITPB Main Road,BLR_EAST,21,5,514,16.0,1,0.5,4.0,SEVERE
Bengaluru,Central Silk Board Junction,BLR_SOUTH,10,5,171,18.0,1,1.0,5.0,SEVERE
Bengaluru,Hebbal Flyover to Airport Expressway,BLR_NORTH,23,5,111,35.0,0,0.5,12.9,HEAVY
Bengaluru,M.G. Road & Trinity Circle Corridor,BLR_CENTRAL,6,3,555,22.0,0,0.5,4.0,SEVERE
Bengaluru,Tin Factory & K.R. Puram Junction,BLR_EAST,17,4,359,12.0,1,1.0,4.0,SEVERE
Bengaluru,Whitefield ITPB Main Road,BLR_EAST,14,6,229,16.0,1,1.0,9.9,SEVERE
Bengaluru,Hebbal Flyover to Airport Expressway,BLR_NORTH,6,5,234,35.0,0,1.0,21.6,MODERATE
Bengaluru,Central Silk Board Junction,BLR_SOUTH,12,1,468,18.0,1,1.0,6.9,SEVERE
Bengaluru,M.G. Road & Trinity Circle Corridor,BLR_CENTRAL,19,6,536,22.0,0,1.0,4.1,SEVERE
Bengaluru,Goraguntepalya Tumkur Road Junction,BLR_WEST,4,0,96,24.0,0,1.0,18.1,HEAVY
Bengaluru,Goraguntepalya Tumkur Road Junction,BLR_WEST,5,2,98,24.0,0,1.0,18.0,HEAVY
Bengaluru,Goraguntepalya Tumkur Road Junction,BLR_WEST,21,2,556,24.0,0,1.0,4.2,SEVERE
Bengaluru,Outer Ring Road (Marathahalli - Bellandur),BLR_EAST,20,4,161,20.0,1,0.5,4.0,SEVERE
Bengaluru,Goraguntepalya Tumkur Road Junction,BLR_WEST,20,1,558,24.0,0,0.5,4.0,SEVERE
Bengaluru,Outer Ring Road (Marathahalli - Bellandur),BLR_EAST,14,4,292,20.0,1,1.0,11.2,HEAVY
Bengaluru,Electronic City Elevated Expressway,BLR_SOUTH,12,4,277,48.0,1,1.0,27.5,MODERATE
Bengaluru,Hebbal Flyover to Airport Expressway,BLR_NORTH,22,4,153,35.0,0,1.0,24.4,MODERATE
Bengaluru,Central Silk Board Junction,BLR_SOUTH,8,1,84,18.0,1,1.0,5.7,SEVERE
Bengaluru,Hebbal Flyover to Airport Expressway,BLR_NORTH,11,3,122,35.0,0,1.0,15.0,HEAVY
Bengaluru,Electronic City Elevated Expressway,BLR_SOUTH,10,5,433,48.0,1,0.5,4.1,SEVERE
Bengaluru,Central Silk Board Junction,BLR_SOUTH,18,2,275,18.0,1,1.0,4.3,SEVERE
Bengaluru,Central Silk Board Junction,BLR_SOUTH,4,6,66,18.0,1,1.0,14.1,HEAVY
Bengaluru,Goraguntepalya Tumkur Road Junction,BLR_WEST,12,4,473,24.0,0,0.5,4.5,SEVERE
Bengaluru,Hebbal Flyover to Airport Expressway,BLR_NORTH,22,1,192,35.0,0,1.0,23.0,MODERATE
Bengaluru,Goraguntepalya Tumkur Road Junction,BLR_WEST,18,0,525,24.0,0,1.0,4.6,SEVERE
Bengaluru,Goraguntepalya Tumkur Road Junction,BLR_WEST,10,5,226,24.0,0,1.0,8.8,SEVERE
Bengaluru,Goraguntepalya Tumkur Road Junction,BLR_WEST,0,3,241,24.0,0,0.5,7.3,SEVERE
Bengaluru,M.G. Road & Trinity Circle Corridor,BLR_CENTRAL,17,4,341,22.0,0,1.0,6.6,SEVERE
Bengaluru,Tin Factory & K.R. Puram Junction,BLR_EAST,2,5,379,12.0,1,1.0,5.7,SEVERE
Bengaluru,Electronic City Elevated Expressway,BLR_SOUTH,3,4,371,48.0,1,1.0,23.0,MODERATE
Bengaluru,Hebbal Flyover to Airport Expressway,BLR_NORTH,9,6,456,35.0,0,1.0,8.1,SEVERE
Bengaluru,Central Silk Board Junction,BLR_SOUTH,17,6,132,18.0,1,0.5,4.0,SEVERE
Bengaluru,Tin Factory & K.R. Puram Junction,BLR_EAST,23,2,453,12.0,1,1.0,4.8,SEVERE
Bengaluru,Tin Factory & K.R. Puram Junction,BLR_EAST,16,4,539,12.0,1,1.0,4.0,SEVERE
Bengaluru,Electronic City Elevated Expressway,BLR_SOUTH,22,0,224,48.0,1,0.5,15.0,HEAVY
Bengaluru,Goraguntepalya Tumkur Road Junction,BLR_WEST,10,1,501,24.0,0,1.0,4.9,SEVERE
Bengaluru,Central Silk Board Junction,BLR_SOUTH,22,2,63,18.0,1,0.5,7.1,SEVERE
Bengaluru,Hebbal Flyover to Airport Expressway,BLR_NORTH,15,0,112,35.0,0,1.0,25.8,MODERATE
Bengaluru,Central Silk Board Junction,BLR_SOUTH,1,2,462,18.0,1,1.0,7.0,SEVERE
Bengaluru,Goraguntepalya Tumkur Road Junction,BLR_WEST,14,4,421,24.0,0,1.0,10.3,HEAVY
Bengaluru,M.G. Road & Trinity Circle Corridor,BLR_CENTRAL,19,6,554,22.0,0,1.0,4.0,SEVERE
Bengaluru,Central Silk Board Junction,BLR_SOUTH,4,4,473,18.0,1,1.0,6.8,SEVERE
Bengaluru,Goraguntepalya Tumkur Road Junction,BLR_WEST,12,0,189,24.0,0,0.5,7.9,SEVERE
Bengaluru,Electronic City Elevated Expressway,BLR_SOUTH,4,5,287,48.0,1,1.0,27.0,MODERATE
Bengaluru,Goraguntepalya Tumkur Road Junction,BLR_WEST,2,6,526,24.0,0,1.0,7.8,SEVERE
Bengaluru,Hebbal Flyover to Airport Expressway,BLR_NORTH,7,2,594,35.0,0,1.0,9.0,SEVERE
Bengaluru,Electronic City Elevated Expressway,BLR_SOUTH,6,1,480,48.0,1,1.0,17.8,HEAVY
Bengaluru,Outer Ring Road (Marathahalli - Bellandur),BLR_EAST,8,0,78,20.0,1,1.0,6.4,SEVERE
Bengaluru,Whitefield ITPB Main Road,BLR_EAST,4,5,402,16.0,1,1.0,7.2,SEVERE
Bengaluru,Electronic City Elevated Expressway,BLR_SOUTH,16,1,328,48.0,1,1.0,25.1,MODERATE
Bengaluru,Goraguntepalya Tumkur Road Junction,BLR_WEST,22,3,287,24.0,0,1.0,13.5,HEAVY
Bengaluru,Whitefield ITPB Main Road,BLR_EAST,13,5,218,16.0,1,1.0,10.1,HEAVY
Bengaluru,Outer Ring Road (Marathahalli - Bellandur),BLR_EAST,15,1,154,20.0,1,1.0,13.9,HEAVY
Bengaluru,M.G. Road & Trinity Circle Corridor,BLR_CENTRAL,14,5,587,22.0,0,0.5,4.0,SEVERE
Bengaluru,Electronic City Elevated Expressway,BLR_SOUTH,10,6,409,48.0,1,1.0,8.7,SEVERE
Bengaluru,Whitefield ITPB Main Road,BLR_EAST,6,6,147,16.0,1,1.0,11.2,HEAVY
Bengaluru,Goraguntepalya Tumkur Road Junction,BLR_WEST,7,6,574,24.0,0,0.5,4.0,SEVERE
Bengaluru,Central Silk Board Junction,BLR_SOUTH,12,3,577,18.0,1,1.0,4.9,SEVERE
Bengaluru,M.G. Road & Trinity Circle Corridor,BLR_CENTRAL,20,3,132,22.0,0,1.0,9.3,SEVERE
Bengaluru,Whitefield ITPB Main Road,BLR_EAST,19,1,314,16.0,1,1.0,4.0,SEVERE
Bengaluru,Outer Ring Road (Marathahalli - Bellandur),BLR_EAST,9,1,252,20.0,1,1.0,4.9,SEVERE
Bengaluru,Central Silk Board Junction,BLR_SOUTH,19,4,65,18.0,1,1.0,5.8,SEVERE
Bengaluru,Whitefield ITPB Main Road,BLR_EAST,16,1,318,16.0,1,1.0,8.5,SEVERE
Bengaluru,Electronic City Elevated Expressway,BLR_SOUTH,6,6,148,48.0,1,1.0,33.7,LOW
Bengaluru,Goraguntepalya Tumkur Road Junction,BLR_WEST,20,5,544,24.0,0,1.0,4.3,SEVERE
Bengaluru,Outer Ring Road (Marathahalli - Bellandur),BLR_EAST,2,4,66,20.0,1,1.0,15.7,HEAVY
Bengaluru,M.G. Road & Trinity Circle Corridor,BLR_CENTRAL,4,5,283,22.0,0,1.0,12.5,HEAVY
Bengaluru,Goraguntepalya Tumkur Road Junction,BLR_WEST,22,6,509,24.0,0,1.0,8.2,SEVERE
Bengaluru,Outer Ring Road (Marathahalli - Bellandur),BLR_EAST,2,0,580,20.0,1,0.5,4.0,SEVERE
Bengaluru,Electronic City Elevated Expressway,BLR_SOUTH,5,0,555,48.0,1,1.0,14.2,HEAVY
Bengaluru,Outer Ring Road (Marathahalli - Bellandur),BLR_EAST,17,3,198,20.0,1,1.0,5.4,SEVERE
Bengaluru,Electronic City Elevated Expressway,BLR_SOUTH,12,2,154,48.0,1,0.5,16.7,HEAVY
Bengaluru,Outer Ring Road (Marathahalli - Bellandur),BLR_EAST,6,4,308,20.0,1,0.5,5.4,SEVERE
Bengaluru,Tin Factory & K.R. Puram Junction,BLR_EAST,13,4,131,12.0,1,1.0,8.6,SEVERE
Bengaluru,Tin Factory & K.R. Puram Junction,BLR_EAST,22,3,598,12.0,1,1.0,4.0,SEVERE
Bengaluru,Hebbal Flyover to Airport Expressway,BLR_NORTH,8,0,219,35.0,0,1.0,13.0,HEAVY
Bengaluru,Outer Ring Road (Marathahalli - Bellandur),BLR_EAST,13,3,295,20.0,1,1.0,11.1,HEAVY
Bengaluru,M.G. Road & Trinity Circle Corridor,BLR_CENTRAL,8,3,446,22.0,0,0.5,4.0,SEVERE
Bengaluru,Tin Factory & K.R. Puram Junction,BLR_EAST,5,1,443,12.0,1,1.0,4.9,SEVERE
Bengaluru,Tin Factory & K.R. Puram Junction,BLR_EAST,20,6,182,12.0,1,1.0,4.0,SEVERE
Bengaluru,Central Silk Board Junction,BLR_SOUTH,15,3,296,18.0,1,1.0,10.0,HEAVY
Bengaluru,Central Silk Board Junction,BLR_SOUTH,7,0,506,18.0,1,1.0,6.2,SEVERE
Bengaluru,Central Silk Board Junction,BLR_SOUTH,1,3,445,18.0,1,1.0,7.3,SEVERE
Bengaluru,Tin Factory & K.R. Puram Junction,BLR_EAST,9,5,337,12.0,1,1.0,4.0,SEVERE
Bengaluru,Tin Factory & K.R. Puram Junction,BLR_EAST,13,4,304,12.0,1,1.0,6.6,SEVERE
Bengaluru,Goraguntepalya Tumkur Road Junction,BLR_WEST,11,5,138,24.0,0,1.0,10.1,HEAVY
Bengaluru,Whitefield ITPB Main Road,BLR_EAST,2,0,384,16.0,1,1.0,7.5,SEVERE
Bengaluru,Hebbal Flyover to Airport Expressway,BLR_NORTH,18,2,566,35.0,0,1.0,5.8,SEVERE
Bengaluru,Hebbal Flyover to Airport Expressway,BLR_NORTH,19,4,482,35.0,0,1.0,7.6,SEVERE
Bengaluru,Whitefield ITPB Main Road,BLR_EAST,6,2,69,16.0,1,1.0,12.5,HEAVY
Bengaluru,Tin Factory & K.R. Puram Junction,BLR_EAST,9,3,583,12.0,1,1.0,4.0,SEVERE
Bengaluru,Goraguntepalya Tumkur Road Junction,BLR_WEST,2,1,306,24.0,0,1.0,13.1,HEAVY
Bengaluru,M.G. Road & Trinity Circle Corridor,BLR_CENTRAL,14,3,126,22.0,0,1.0,15.9,HEAVY
Bengaluru,Whitefield ITPB Main Road,BLR_EAST,11,5,179,16.0,1,1.0,4.4,SEVERE
Bengaluru,Tin Factory & K.R. Puram Junction,BLR_EAST,10,4,392,12.0,1,1.0,4.0,SEVERE
Bengaluru,Tin Factory & K.R. Puram Junction,BLR_EAST,7,1,65,12.0,1,1.0,9.4,SEVERE
Bengaluru,Central Silk Board Junction,BLR_SOUTH,21,1,65,18.0,1,1.0,5.8,SEVERE
Bengaluru,Electronic City Elevated Expressway,BLR_SOUTH,23,5,509,48.0,1,1.0,16.4,HEAVY
Bengaluru,Whitefield ITPB Main Road,BLR_EAST,10,1,172,16.0,1,1.0,4.5,SEVERE
Bengaluru,Hebbal Flyover to Airport Expressway,BLR_NORTH,0,4,597,35.0,0,0.5,4.4,SEVERE
Bengaluru,Tin Factory & K.R. Puram Junction,BLR_EAST,6,2,526,12.0,1,0.5,4.0,SEVERE
Bengaluru,Goraguntepalya Tumkur Road Junction,BLR_WEST,21,0,383,24.0,0,1.0,6.6,SEVERE
Bengaluru,Outer Ring Road (Marathahalli - Bellandur),BLR_EAST,19,6,263,20.0,1,0.5,4.0,SEVERE
Bengaluru,Hebbal Flyover to Airport Expressway,BLR_NORTH,23,5,456,35.0,0,1.0,13.8,HEAVY
Bengaluru,Hebbal Flyover to Airport Expressway,BLR_NORTH,1,3,418,35.0,0,1.0,15.1,HEAVY
Bengaluru,Whitefield ITPB Main Road,BLR_EAST,12,1,566,16.0,1,1.0,4.5,SEVERE
Bengaluru,M.G. Road & Trinity Circle Corridor,BLR_CENTRAL,19,6,327,22.0,0,0.5,4.0,SEVERE
Bengaluru,Whitefield ITPB Main Road,BLR_EAST,2,1,445,16.0,1,1.0,6.5,SEVERE
Bengaluru,Whitefield ITPB Main Road,BLR_EAST,8,1,492,16.0,1,1.0,4.0,SEVERE
Bengaluru,Tin Factory & K.R. Puram Junction,BLR_EAST,7,3,209,12.0,1,1.0,7.7,SEVERE
Bengaluru,M.G. Road & Trinity Circle Corridor,BLR_CENTRAL,7,2,157,22.0,0,1.0,15.2,HEAVY
Bengaluru,Goraguntepalya Tumkur Road Junction,BLR_WEST,4,4,71,24.0,0,0.5,9.3,SEVERE
Bengaluru,Hebbal Flyover to Airport Expressway,BLR_NORTH,11,5,366,35.0,0,0.5,5.0,SEVERE
Bengaluru,Goraguntepalya Tumkur Road Junction,BLR_WEST,0,6,323,24.0,0,1.0,12.6,HEAVY
Bengaluru,M.G. Road & Trinity Circle Corridor,BLR_CENTRAL,14,1,410,22.0,0,1.0,9.7,SEVERE
Bengaluru,Central Silk Board Junction,BLR_SOUTH,23,4,539,18.0,1,1.0,5.6,SEVERE
Bengaluru,Whitefield ITPB Main Road,BLR_EAST,13,2,522,16.0,1,1.0,5.2,SEVERE
Bengaluru,Hebbal Flyover to Airport Expressway,BLR_NORTH,0,3,198,35.0,0,1.0,22.8,MODERATE
Bengaluru,Electronic City Elevated Expressway,BLR_SOUTH,19,6,506,48.0,1,0.5,4.0,SEVERE
Bengaluru,M.G. Road & Trinity Circle Corridor,BLR_CENTRAL,2,5,259,22.0,0,1.0,13.0,HEAVY
Bengaluru,Whitefield ITPB Main Road,BLR_EAST,21,4,273,16.0,1,1.0,4.0,SEVERE
Bengaluru,M.G. Road & Trinity Circle Corridor,BLR_CENTRAL,10,0,199,22.0,0,1.0,8.4,SEVERE
Bengaluru,Whitefield ITPB Main Road,BLR_EAST,12,6,583,16.0,1,1.0,4.3,SEVERE
Bengaluru,M.G. Road & Trinity Circle Corridor,BLR_CENTRAL,0,4,527,22.0,0,1.0,7.1,SEVERE
Bengaluru,Outer Ring Road (Marathahalli - Bellandur),BLR_EAST,14,1,400,20.0,1,1.0,9.0,SEVERE
Bengaluru,Central Silk Board Junction,BLR_SOUTH,14,0,452,18.0,1,1.0,7.2,SEVERE
Bengaluru,M.G. Road & Trinity Circle Corridor,BLR_CENTRAL,16,6,483,22.0,0,1.0,8.1,SEVERE
Bengaluru,Tin Factory & K.R. Puram Junction,BLR_EAST,22,6,545,12.0,1,1.0,4.0,SEVERE
Bengaluru,Outer Ring Road (Marathahalli - Bellandur),BLR_EAST,5,4,156,20.0,1,0.5,6.9,SEVERE
Bengaluru,Tin Factory & K.R. Puram Junction,BLR_EAST,23,0,427,12.0,1,0.5,4.0,SEVERE
Bengaluru,Outer Ring Road (Marathahalli - Bellandur),BLR_EAST,19,2,445,20.0,1,1.0,4.0,SEVERE
Bengaluru,Electronic City Elevated Expressway,BLR_SOUTH,21,3,490,48.0,1,1.0,7.1,SEVERE
Bengaluru,Electronic City Elevated Expressway,BLR_SOUTH,0,5,160,48.0,1,1.0,33.1,LOW
Bengaluru,Goraguntepalya Tumkur Road Junction,BLR_WEST,4,2,117,24.0,0,1.0,17.6,HEAVY
Bengaluru,Whitefield ITPB Main Road,BLR_EAST,23,4,68,16.0,1,1.0,12.5,HEAVY
Bengaluru,Whitefield ITPB Main Road,BLR_EAST,23,0,293,16.0,1,1.0,8.9,SEVERE
Bengaluru,Central Silk Board Junction,BLR_SOUTH,3,3,263,18.0,1,0.5,5.3,SEVERE
Bengaluru,Goraguntepalya Tumkur Road Junction,BLR_WEST,16,3,466,24.0,0,0.5,4.6,SEVERE
Bengaluru,Central Silk Board Junction,BLR_SOUTH,23,2,248,18.0,1,1.0,10.8,HEAVY
Bengaluru,Hebbal Flyover to Airport Expressway,BLR_NORTH,15,4,295,35.0,0,1.0,19.4,HEAVY
Bengaluru,Hebbal Flyover to Airport Expressway,BLR_NORTH,17,0,529,35.0,0,1.0,6.6,SEVERE
Bengaluru,Goraguntepalya Tumkur Road Junction,BLR_WEST,7,1,393,24.0,0,1.0,11.0,HEAVY
Bengaluru,Whitefield ITPB Main Road,BLR_EAST,20,1,498,16.0,1,1.0,4.0,SEVERE
Bengaluru,M.G. Road & Trinity Circle Corridor,BLR_CENTRAL,5,1,347,22.0,0,1.0,11.1,HEAVY
Bengaluru,Goraguntepalya Tumkur Road Junction,BLR_WEST,6,5,112,24.0,0,1.0,17.7,HEAVY
Bengaluru,Hebbal Flyover to Airport Expressway,BLR_NORTH,23,5,202,35.0,0,1.0,22.7,MODERATE
Bengaluru,Hebbal Flyover to Airport Expressway,BLR_NORTH,16,4,200,35.0,0,1.0,22.8,MODERATE
Bengaluru,Tin Factory & K.R. Puram Junction,BLR_EAST,15,0,208,12.0,1,0.5,4.0,SEVERE
Bengaluru,Goraguntepalya Tumkur Road Junction,BLR_WEST,9,4,78,24.0,0,1.0,10.9,HEAVY
Bengaluru,Whitefield ITPB Main Road,BLR_EAST,18,5,210,16.0,1,0.5,4.0,SEVERE
Bengaluru,Tin Factory & K.R. Puram Junction,BLR_EAST,7,4,240,12.0,1,1.0,7.3,SEVERE
Bengaluru,Goraguntepalya Tumkur Road Junction,BLR_WEST,9,3,519,24.0,0,1.0,4.7,SEVERE
Bengaluru,Goraguntepalya Tumkur Road Junction,BLR_WEST,9,6,305,24.0,0,1.0,7.7,SEVERE
Bengaluru,Outer Ring Road (Marathahalli - Bellandur),BLR_EAST,6,2,111,20.0,1,0.5,7.4,SEVERE
Bengaluru,Whitefield ITPB Main Road,BLR_EAST,0,0,112,16.0,1,1.0,11.8,HEAVY
Bengaluru,Tin Factory & K.R. Puram Junction,BLR_EAST,10,4,300,12.0,1,1.0,4.0,SEVERE
Bengaluru,Electronic City Elevated Expressway,BLR_SOUTH,18,6,208,48.0,1,1.0,12.7,HEAVY
Bengaluru,Central Silk Board Junction,BLR_SOUTH,16,6,81,18.0,1,1.0,13.8,HEAVY
Bengaluru,Central Silk Board Junction,BLR_SOUTH,16,4,143,18.0,1,1.0,12.7,HEAVY
Bengaluru,Goraguntepalya Tumkur Road Junction,BLR_WEST,6,3,503,24.0,0,1.0,8.3,SEVERE
Bengaluru,Central Silk Board Junction,BLR_SOUTH,12,3,241,18.0,1,0.5,5.5,SEVERE
Bengaluru,M.G. Road & Trinity Circle Corridor,BLR_CENTRAL,11,3,581,22.0,0,1.0,4.0,SEVERE
Bengaluru,Hebbal Flyover to Airport Expressway,BLR_NORTH,14,3,224,35.0,0,1.0,21.9,MODERATE
Bengaluru,Hebbal Flyover to Airport Expressway,BLR_NORTH,12,1,390,35.0,0,1.0,16.1,HEAVY
Bengaluru,Goraguntepalya Tumkur Road Junction,BLR_WEST,21,5,226,24.0,0,1.0,8.8,SEVERE
Bengaluru,Goraguntepalya Tumkur Road Junction,BLR_WEST,6,6,423,24.0,0,1.0,10.2,HEAVY
Bengaluru,Whitefield ITPB Main Road,BLR_EAST,17,3,95,16.0,1,1.0,5.0,SEVERE
Bengaluru,Tin Factory & K.R. Puram Junction,BLR_EAST,22,3,502,12.0,1,1.0,4.2,SEVERE
Bengaluru,Goraguntepalya Tumkur Road Junction,BLR_WEST,12,3,599,24.0,0,1.0,6.0,SEVERE
Bengaluru,Electronic City Elevated Expressway,BLR_SOUTH,0,4,66,48.0,1,1.0,37.6,LOW
Bengaluru,Goraguntepalya Tumkur Road Junction,BLR_WEST,18,2,124,24.0,0,1.0,10.2,HEAVY
Bengaluru,Outer Ring Road (Marathahalli - Bellandur),BLR_EAST,18,3,139,20.0,1,0.5,4.0,SEVERE
Bengaluru,Electronic City Elevated Expressway,BLR_SOUTH,4,0,457,48.0,1,0.5,9.4,SEVERE
Bengaluru,Tin Factory & K.R. Puram Junction,BLR_EAST,2,2,182,12.0,1,1.0,8.0,SEVERE
Bengaluru,Hebbal Flyover to Airport Expressway,BLR_NORTH,18,6,79,35.0,0,1.0,15.9,HEAVY
Bengaluru,Electronic City Elevated Expressway,BLR_SOUTH,13,3,350,48.0,1,1.0,24.0,MODERATE
Bengaluru,Goraguntepalya Tumkur Road Junction,BLR_WEST,4,1,434,24.0,0,1.0,10.0,HEAVY
Bengaluru,Electronic City Elevated Expressway,BLR_SOUTH,13,0,143,48.0,1,1.0,33.9,LOW
Bengaluru,Tin Factory & K.R. Puram Junction,BLR_EAST,4,1,339,12.0,1,1.0,6.1,SEVERE
Bengaluru,Tin Factory & K.R. Puram Junction,BLR_EAST,6,2,414,12.0,1,1.0,5.2,SEVERE
Bengaluru,Central Silk Board Junction,BLR_SOUTH,17,3,434,18.0,1,1.0,4.0,SEVERE
Bengaluru,Goraguntepalya Tumkur Road Junction,BLR_WEST,16,5,595,24.0,0,1.0,6.1,SEVERE
Bengaluru,Whitefield ITPB Main Road,BLR_EAST,4,4,487,16.0,1,1.0,5.8,SEVERE
Bengaluru,Hebbal Flyover to Airport Expressway,BLR_NORTH,22,4,409,35.0,0,1.0,15.4,HEAVY
Bengaluru,Outer Ring Road (Marathahalli - Bellandur),BLR_EAST,21,6,518,20.0,1,1.0,4.0,SEVERE
Bengaluru,Goraguntepalya Tumkur Road Junction,BLR_WEST,6,5,410,24.0,0,1.0,10.6,HEAVY
Bengaluru,Outer Ring Road (Marathahalli - Bellandur),BLR_EAST,19,4,321,20.0,1,1.0,4.4,SEVERE
Bengaluru,Outer Ring Road (Marathahalli - Bellandur),BLR_EAST,19,5,255,20.0,1,1.0,4.9,SEVERE
Bengaluru,Goraguntepalya Tumkur Road Junction,BLR_WEST,20,3,354,24.0,0,1.0,7.0,SEVERE
Bengaluru,M.G. Road & Trinity Circle Corridor,BLR_CENTRAL,18,1,68,22.0,0,1.0,10.1,HEAVY
Bengaluru,Central Silk Board Junction,BLR_SOUTH,17,0,410,18.0,1,1.0,4.0,SEVERE
Bengaluru,Electronic City Elevated Expressway,BLR_SOUTH,0,0,258,48.0,1,0.5,14.2,HEAVY
Bengaluru,Central Silk Board Junction,BLR_SOUTH,2,4,554,18.0,1,0.5,4.0,SEVERE
Bengaluru,Outer Ring Road (Marathahalli - Bellandur),BLR_EAST,4,0,92,20.0,1,1.0,15.2,HEAVY
Bengaluru,Goraguntepalya Tumkur Road Junction,BLR_WEST,13,3,99,24.0,0,1.0,18.0,HEAVY
Bengaluru,Central Silk Board Junction,BLR_SOUTH,23,4,549,18.0,1,1.0,5.4,SEVERE
Bengaluru,Central Silk Board Junction,BLR_SOUTH,5,4,65,18.0,1,1.0,14.1,HEAVY
Bengaluru,Central Silk Board Junction,BLR_SOUTH,5,6,226,18.0,1,1.0,11.2,HEAVY
Bengaluru,Central Silk Board Junction,BLR_SOUTH,16,4,383,18.0,1,1.0,8.4,SEVERE
Bengaluru,Tin Factory & K.R. Puram Junction,BLR_EAST,3,3,385,12.0,1,1.0,5.6,SEVERE
Bengaluru,Whitefield ITPB Main Road,BLR_EAST,23,5,456,16.0,1,1.0,6.3,SEVERE
Bengaluru,Whitefield ITPB Main Road,BLR_EAST,19,1,86,16.0,1,1.0,5.0,SEVERE
Bengaluru,Electronic City Elevated Expressway,BLR_SOUTH,1,0,125,48.0,1,1.0,34.8,LOW
Bengaluru,Outer Ring Road (Marathahalli - Bellandur),BLR_EAST,4,6,517,20.0,1,1.0,6.7,SEVERE
Bengaluru,M.G. Road & Trinity Circle Corridor,BLR_CENTRAL,5,2,262,22.0,0,1.0,12.9,HEAVY
Bengaluru,M.G. Road & Trinity Circle Corridor,BLR_CENTRAL,3,5,188,22.0,0,0.5,7.3,SEVERE
Bengaluru,Goraguntepalya Tumkur Road Junction,BLR_WEST,18,3,538,24.0,0,1.0,4.4,SEVERE
Bengaluru,Central Silk Board Junction,BLR_SOUTH,15,6,566,18.0,1,1.0,5.1,SEVERE
Bengaluru,M.G. Road & Trinity Circle Corridor,BLR_CENTRAL,8,6,467,22.0,0,1.0,5.0,SEVERE
Bengaluru,Tin Factory & K.R. Puram Junction,BLR_EAST,9,1,523,12.0,1,0.5,4.0,SEVERE
Bengaluru,Hebbal Flyover to Airport Expressway,BLR_NORTH,1,4,143,35.0,0,1.0,24.7,MODERATE
Bengaluru,Central Silk Board Junction,BLR_SOUTH,17,2,326,18.0,1,1.0,4.0,SEVERE
Bengaluru,M.G. Road & Trinity Circle Corridor,BLR_CENTRAL,3,3,570,22.0,0,1.0,6.2,SEVERE
Bengaluru,Tin Factory & K.R. Puram Junction,BLR_EAST,19,0,506,12.0,1,1.0,4.0,SEVERE
Bengaluru,Whitefield ITPB Main Road,BLR_EAST,12,2,128,16.0,1,1.0,11.6,HEAVY
Bengaluru,Goraguntepalya Tumkur Road Junction,BLR_WEST,20,6,85,24.0,0,1.0,10.8,HEAVY
Bengaluru,Hebbal Flyover to Airport Expressway,BLR_NORTH,22,1,343,35.0,0,1.0,17.7,HEAVY
Bengaluru,Tin Factory & K.R. Puram Junction,BLR_EAST,12,4,362,12.0,1,1.0,5.9,SEVERE
Bengaluru,Hebbal Flyover to Airport Expressway,BLR_NORTH,22,1,432,35.0,0,1.0,14.6,HEAVY
Bengaluru,Electronic City Elevated Expressway,BLR_SOUTH,11,6,396,48.0,1,1.0,9.0,SEVERE
Bengaluru,Tin Factory & K.R. Puram Junction,BLR_EAST,9,1,253,12.0,1,1.0,4.0,SEVERE
Bengaluru,Whitefield ITPB Main Road,BLR_EAST,18,3,163,16.0,1,1.0,4.5,SEVERE
Bengaluru,Outer Ring Road (Marathahalli - Bellandur),BLR_EAST,17,2,98,20.0,1,1.0,6.2,SEVERE
Bengaluru,M.G. Road & Trinity Circle Corridor,BLR_CENTRAL,10,2,244,22.0,0,1.0,7.8,SEVERE
Bengaluru,Electronic City Elevated Expressway,BLR_SOUTH,23,1,171,48.0,1,1.0,32.6,LOW
Bengaluru,M.G. Road & Trinity Circle Corridor,BLR_CENTRAL,17,5,384,22.0,0,1.0,6.0,SEVERE
Bengaluru,Hebbal Flyover to Airport Expressway,BLR_NORTH,19,6,349,35.0,0,1.0,10.3,HEAVY
Bengaluru,Outer Ring Road (Marathahalli - Bellandur),BLR_EAST,0,0,170,20.0,1,1.0,13.6,HEAVY
Bengaluru,Tin Factory & K.R. Puram Junction,BLR_EAST,13,2,512,12.0,1,1.0,4.1,SEVERE
Bengaluru,Central Silk Board Junction,BLR_SOUTH,20,2,251,18.0,1,1.0,4.4,SEVERE
Bengaluru,Goraguntepalya Tumkur Road Junction,BLR_WEST,8,1,481,24.0,0,1.0,5.2,SEVERE
Bengaluru,M.G. Road & Trinity Circle Corridor,BLR_CENTRAL,23,3,588,22.0,0,1.0,5.8,SEVERE
Bengaluru,Goraguntepalya Tumkur Road Junction,BLR_WEST,16,6,128,24.0,0,1.0,17.3,HEAVY
Bengaluru,Whitefield ITPB Main Road,BLR_EAST,4,2,201,16.0,1,0.5,5.2,SEVERE
Bengaluru,Outer Ring Road (Marathahalli - Bellandur),BLR_EAST,23,1,386,20.0,1,1.0,9.3,SEVERE
Bengaluru,M.G. Road & Trinity Circle Corridor,BLR_CENTRAL,9,2,351,22.0,0,1.0,6.5,SEVERE
Bengaluru,Central Silk Board Junction,BLR_SOUTH,5,3,565,18.0,1,1.0,5.1,SEVERE
Bengaluru,Goraguntepalya Tumkur Road Junction,BLR_WEST,18,4,512,24.0,0,1.0,4.8,SEVERE
Bengaluru,M.G. Road & Trinity Circle Corridor,BLR_CENTRAL,15,3,575,22.0,0,1.0,6.0,SEVERE
Bengaluru,M.G. Road & Trinity Circle Corridor,BLR_CENTRAL,11,2,262,22.0,0,1.0,7.6,SEVERE
Bengaluru,Outer Ring Road (Marathahalli - Bellandur),BLR_EAST,23,6,465,20.0,1,1.0,7.7,SEVERE
Bengaluru,Tin Factory & K.R. Puram Junction,BLR_EAST,10,6,103,12.0,1,1.0,4.0,SEVERE
Bengaluru,Outer Ring Road (Marathahalli - Bellandur),BLR_EAST,9,1,111,20.0,1,1.0,6.1,SEVERE
Bengaluru,Goraguntepalya Tumkur Road Junction,BLR_WEST,18,6,268,24.0,0,0.5,4.1,SEVERE
Bengaluru,Outer Ring Road (Marathahalli - Bellandur),BLR_EAST,18,2,583,20.0,1,0.5,4.0,SEVERE
Bengaluru,Whitefield ITPB Main Road,BLR_EAST,9,3,511,16.0,1,1.0,4.0,SEVERE
Bengaluru,Tin Factory & K.R. Puram Junction,BLR_EAST,9,2,369,12.0,1,1.0,4.0,SEVERE
Bengaluru,M.G. Road & Trinity Circle Corridor,BLR_CENTRAL,19,3,437,22.0,0,1.0,5.3,SEVERE
Bengaluru,Electronic City Elevated Expressway,BLR_SOUTH,9,6,260,48.0,1,0.5,5.8,SEVERE
Bengaluru,Goraguntepalya Tumkur Road Junction,BLR_WEST,2,0,68,24.0,0,1.0,18.8,HEAVY
Bengaluru,Central Silk Board Junction,BLR_SOUTH,8,3,230,18.0,1,1.0,4.6,SEVERE
Bengaluru,Central Silk Board Junction,BLR_SOUTH,10,2,371,18.0,1,1.0,4.0,SEVERE
Bengaluru,Central Silk Board Junction,BLR_SOUTH,19,5,221,18.0,1,1.0,4.7,SEVERE
Bengaluru,Electronic City Elevated Expressway,BLR_SOUTH,11,0,540,48.0,1,1.0,6.1,SEVERE
Bengaluru,Outer Ring Road (Marathahalli - Bellandur),BLR_EAST,15,5,65,20.0,1,0.5,7.9,SEVERE
Bengaluru,Tin Factory & K.R. Puram Junction,BLR_EAST,22,6,558,12.0,1,0.5,4.0,SEVERE
Bengaluru,Hebbal Flyover to Airport Expressway,BLR_NORTH,1,2,584,35.0,0,1.0,9.3,SEVERE
Bengaluru,Tin Factory & K.R. Puram Junction,BLR_EAST,3,3,280,12.0,1,0.5,4.0,SEVERE
Bengaluru,Goraguntepalya Tumkur Road Junction,BLR_WEST,23,0,204,24.0,0,0.5,7.8,SEVERE
Bengaluru,Outer Ring Road (Marathahalli - Bellandur),BLR_EAST,21,0,491,20.0,1,1.0,4.0,SEVERE
Bengaluru,Goraguntepalya Tumkur Road Junction,BLR_WEST,5,0,499,24.0,0,1.0,8.4,SEVERE
Bengaluru,Goraguntepalya Tumkur Road Junction,BLR_WEST,2,5,560,24.0,0,1.0,7.0,SEVERE
Bengaluru,Tin Factory & K.R. Puram Junction,BLR_EAST,15,6,215,12.0,1,0.5,4.0,SEVERE
Bengaluru,Hebbal Flyover to Airport Expressway,BLR_NORTH,12,4,84,35.0,0,1.0,26.8,MODERATE
Bengaluru,Goraguntepalya Tumkur Road Junction,BLR_WEST,11,6,470,24.0,0,1.0,5.4,SEVERE
Bengaluru,Goraguntepalya Tumkur Road Junction,BLR_WEST,2,3,364,24.0,0,1.0,11.7,HEAVY
Bengaluru,Whitefield ITPB Main Road,BLR_EAST,20,2,480,16.0,1,1.0,4.0,SEVERE
Bengaluru,Goraguntepalya Tumkur Road Junction,BLR_WEST,5,0,172,24.0,0,1.0,16.3,HEAVY
Bengaluru,Goraguntepalya Tumkur Road Junction,BLR_WEST,16,2,144,24.0,0,1.0,16.9,HEAVY
Bengaluru,Tin Factory & K.R. Puram Junction,BLR_EAST,1,6,340,12.0,1,1.0,6.1,SEVERE
Bengaluru,Hebbal Flyover to Airport Expressway,BLR_NORTH,16,1,512,35.0,0,1.0,11.8,HEAVY
Bengaluru,Hebbal Flyover to Airport Expressway,BLR_NORTH,9,1,324,35.0,0,0.5,5.4,SEVERE
Bengaluru,Goraguntepalya Tumkur Road Junction,BLR_WEST,11,6,325,24.0,0,0.5,4.0,SEVERE
Bengaluru,Goraguntepalya Tumkur Road Junction,BLR_WEST,3,1,92,24.0,0,1.0,18.2,HEAVY
Bengaluru,Outer Ring Road (Marathahalli - Bellandur),BLR_EAST,19,3,567,20.0,1,1.0,4.0,SEVERE
Bengaluru,Central Silk Board Junction,BLR_SOUTH,23,1,339,18.0,1,1.0,9.2,SEVERE
Bengaluru,Central Silk Board Junction,BLR_SOUTH,16,0,301,18.0,1,0.5,4.9,SEVERE
Bengaluru,M.G. Road & Trinity Circle Corridor,BLR_CENTRAL,18,1,214,22.0,0,1.0,8.2,SEVERE
Bengaluru,Goraguntepalya Tumkur Road Junction,BLR_WEST,18,1,120,24.0,0,1.0,10.3,HEAVY
Bengaluru,Whitefield ITPB Main Road,BLR_EAST,0,3,271,16.0,1,1.0,9.3,SEVERE
Bengaluru,Whitefield ITPB Main Road,BLR_EAST,3,0,564,16.0,1,1.0,4.6,SEVERE
Bengaluru,Whitefield ITPB Main Road,BLR_EAST,12,1,89,16.0,1,1.0,12.2,HEAVY
Bengaluru,Tin Factory & K.R. Puram Junction,BLR_EAST,9,1,177,12.0,1,1.0,4.0,SEVERE
Bengaluru,M.G. Road & Trinity Circle Corridor,BLR_CENTRAL,2,3,388,22.0,0,1.0,10.2,HEAVY
Bengaluru,Whitefield ITPB Main Road,BLR_EAST,9,0,243,16.0,1,1.0,4.0,SEVERE
Bengaluru,Whitefield ITPB Main Road,BLR_EAST,16,2,285,16.0,1,1.0,9.0,SEVERE
Bengaluru,Outer Ring Road (Marathahalli - Bellandur),BLR_EAST,4,6,579,20.0,1,1.0,5.4,SEVERE
Bengaluru,Hebbal Flyover to Airport Expressway,BLR_NORTH,8,3,179,35.0,0,1.0,13.8,HEAVY
Bengaluru,Central Silk Board Junction,BLR_SOUTH,15,0,62,18.0,1,1.0,14.2,HEAVY
Bengaluru,Electronic City Elevated Expressway,BLR_SOUTH,8,3,118,48.0,1,1.0,14.5,HEAVY
Bengaluru,Whitefield ITPB Main Road,BLR_EAST,9,0,536,16.0,1,1.0,4.0,SEVERE
Bengaluru,Central Silk Board Junction,BLR_SOUTH,1,3,246,18.0,1,1.0,10.9,HEAVY
Bengaluru,Central Silk Board Junction,BLR_SOUTH,15,6,399,18.0,1,0.5,4.1,SEVERE
Bengaluru,M.G. Road & Trinity Circle Corridor,BLR_CENTRAL,0,5,502,22.0,0,1.0,7.7,SEVERE
Bengaluru,Hebbal Flyover to Airport Expressway,BLR_NORTH,12,0,346,35.0,0,1.0,17.6,HEAVY
Bengaluru,Tin Factory & K.R. Puram Junction,BLR_EAST,5,3,522,12.0,1,1.0,4.0,SEVERE
Bengaluru,Hebbal Flyover to Airport Expressway,BLR_NORTH,15,0,476,35.0,0,1.0,13.1,HEAVY
Bengaluru,Central Silk Board Junction,BLR_SOUTH,5,6,192,18.0,1,0.5,5.9,SEVERE
Bengaluru,Whitefield ITPB Main Road,BLR_EAST,9,3,552,16.0,1,0.5,4.0,SEVERE
Bengaluru,Outer Ring Road (Marathahalli - Bellandur),BLR_EAST,21,0,220,20.0,1,0.5,4.0,SEVERE
Bengaluru,Goraguntepalya Tumkur Road Junction,BLR_WEST,20,5,258,24.0,0,0.5,4.2,SEVERE
Bengaluru,Central Silk Board Junction,BLR_SOUTH,16,4,331,18.0,1,1.0,9.3,SEVERE
Bengaluru,Central Silk Board Junction,BLR_SOUTH,22,4,535,18.0,1,1.0,5.7,SEVERE
Bengaluru,Whitefield ITPB Main Road,BLR_EAST,20,3,280,16.0,1,1.0,4.0,SEVERE
Bengaluru,Central Silk Board Junction,BLR_SOUTH,14,0,191,18.0,1,1.0,11.9,HEAVY
Bengaluru,Tin Factory & K.R. Puram Junction,BLR_EAST,18,3,349,12.0,1,1.0,4.0,SEVERE
Bengaluru,Outer Ring Road (Marathahalli - Bellandur),BLR_EAST,20,1,220,20.0,1,1.0,5.2,SEVERE
Bengaluru,M.G. Road & Trinity Circle Corridor,BLR_CENTRAL,2,0,82,22.0,0,1.0,16.9,HEAVY
Bengaluru,Outer Ring Road (Marathahalli - Bellandur),BLR_EAST,21,2,580,20.0,1,1.0,4.0,SEVERE
Bengaluru,Hebbal Flyover to Airport Expressway,BLR_NORTH,13,1,426,35.0,0,1.0,14.8,HEAVY
Bengaluru,Whitefield ITPB Main Road,BLR_EAST,7,2,384,16.0,1,0.5,4.0,SEVERE
Bengaluru,Hebbal Flyover to Airport Expressway,BLR_NORTH,10,5,292,35.0,0,1.0,11.5,HEAVY
Bengaluru,Tin Factory & K.R. Puram Junction,BLR_EAST,4,1,171,12.0,1,1.0,8.1,SEVERE
Bengaluru,Hebbal Flyover to Airport Expressway,BLR_NORTH,16,6,264,35.0,0,1.0,20.5,MODERATE
Bengaluru,Outer Ring Road (Marathahalli - Bellandur),BLR_EAST,21,6,365,20.0,1,1.0,4.0,SEVERE
Bengaluru,Central Silk Board Junction,BLR_SOUTH,15,3,282,18.0,1,1.0,10.2,HEAVY
Bengaluru,Tin Factory & K.R. Puram Junction,BLR_EAST,15,4,256,12.0,1,1.0,7.1,SEVERE
Bengaluru,Goraguntepalya Tumkur Road Junction,BLR_WEST,0,6,292,24.0,0,1.0,13.4,HEAVY
Bengaluru,Whitefield ITPB Main Road,BLR_EAST,19,2,82,16.0,1,0.5,4.0,SEVERE
Bengaluru,Tin Factory & K.R. Puram Junction,BLR_EAST,13,4,292,12.0,1,0.5,4.0,SEVERE
Bengaluru,Electronic City Elevated Expressway,BLR_SOUTH,6,6,219,48.0,1,1.0,30.3,LOW
Bengaluru,Electronic City Elevated Expressway,BLR_SOUTH,13,6,151,48.0,1,1.0,33.6,LOW
Bengaluru,Goraguntepalya Tumkur Road Junction,BLR_WEST,10,3,551,24.0,0,1.0,4.2,SEVERE
Bengaluru,Electronic City Elevated Expressway,BLR_SOUTH,2,0,117,48.0,1,1.0,35.2,LOW
Bengaluru,Hebbal Flyover to Airport Expressway,BLR_NORTH,16,6,289,35.0,0,1.0,19.6,HEAVY
Bengaluru,Hebbal Flyover to Airport Expressway,BLR_NORTH,15,5,402,35.0,0,1.0,15.7,HEAVY
Bengaluru,M.G. Road & Trinity Circle Corridor,BLR_CENTRAL,4,6,197,22.0,0,0.5,7.2,SEVERE
Bengaluru,Goraguntepalya Tumkur Road Junction,BLR_WEST,2,1,74,24.0,0,1.0,18.6,HEAVY
Bengaluru,Hebbal Flyover to Airport Expressway,BLR_NORTH,4,0,348,35.0,0,1.0,17.6,HEAVY
Bengaluru,Central Silk Board Junction,BLR_SOUTH,10,1,254,18.0,1,0.5,4.0,SEVERE
Bengaluru,M.G. Road & Trinity Circle Corridor,BLR_CENTRAL,20,1,465,22.0,0,1.0,5.0,SEVERE
Bengaluru,Electronic City Elevated Expressway,BLR_SOUTH,0,3,64,48.0,1,1.0,37.7,LOW
Bengaluru,Whitefield ITPB Main Road,BLR_EAST,20,6,271,16.0,1,1.0,4.0,SEVERE
Bengaluru,M.G. Road & Trinity Circle Corridor,BLR_CENTRAL,13,3,161,22.0,0,1.0,15.2,HEAVY
Bengaluru,Central Silk Board Junction,BLR_SOUTH,8,1,583,18.0,1,1.0,4.0,SEVERE
Bengaluru,M.G. Road & Trinity Circle Corridor,BLR_CENTRAL,8,2,263,22.0,0,1.0,7.6,SEVERE
Bengaluru,Outer Ring Road (Marathahalli - Bellandur),BLR_EAST,2,3,91,20.0,1,1.0,15.2,HEAVY
Bengaluru,Outer Ring Road (Marathahalli - Bellandur),BLR_EAST,3,0,448,20.0,1,1.0,8.0,SEVERE
Bengaluru,M.G. Road & Trinity Circle Corridor,BLR_CENTRAL,20,4,510,22.0,0,1.0,4.4,SEVERE
Bengaluru,Hebbal Flyover to Airport Expressway,BLR_NORTH,13,5,595,35.0,0,1.0,8.9,SEVERE
Bengaluru,Electronic City Elevated Expressway,BLR_SOUTH,11,0,544,48.0,1,0.5,4.0,SEVERE
Bengaluru,Hebbal Flyover to Airport Expressway,BLR_NORTH,9,1,517,35.0,0,1.0,6.9,SEVERE
Bengaluru,Electronic City Elevated Expressway,BLR_SOUTH,17,2,532,48.0,1,1.0,6.3,SEVERE
Bengaluru,Central Silk Board Junction,BLR_SOUTH,23,2,523,18.0,1,1.0,5.9,SEVERE
Bengaluru,Outer Ring Road (Marathahalli - Bellandur),BLR_EAST,18,4,566,20.0,1,1.0,4.0,SEVERE
Bengaluru,Electronic City Elevated Expressway,BLR_SOUTH,10,0,530,48.0,1,1.0,6.3,SEVERE
Bengaluru,Electronic City Elevated Expressway,BLR_SOUTH,13,5,110,48.0,1,1.0,35.5,LOW
Bengaluru,Central Silk Board Junction,BLR_SOUTH,1,5,91,18.0,1,1.0,13.7,HEAVY
Bengaluru,Goraguntepalya Tumkur Road Junction,BLR_WEST,9,5,429,24.0,0,1.0,5.9,SEVERE
Bengaluru,Outer Ring Road (Marathahalli - Bellandur),BLR_EAST,10,2,550,20.0,1,1.0,4.0,SEVERE
Bengaluru,Outer Ring Road (Marathahalli - Bellandur),BLR_EAST,5,5,365,20.0,1,1.0,9.7,SEVERE
Bengaluru,M.G. Road & Trinity Circle Corridor,BLR_CENTRAL,14,4,237,22.0,0,1.0,13.5,HEAVY
Bengaluru,Whitefield ITPB Main Road,BLR_EAST,13,5,92,16.0,1,1.0,12.1,HEAVY
Bengaluru,Goraguntepalya Tumkur Road Junction,BLR_WEST,0,2,208,24.0,0,1.0,15.4,HEAVY
Bengaluru,M.G. Road & Trinity Circle Corridor,BLR_CENTRAL,4,1,424,22.0,0,1.0,9.4,SEVERE
Bengaluru,Goraguntepalya Tumkur Road Junction,BLR_WEST,2,2,587,24.0,0,0.5,4.0,SEVERE
Bengaluru,Electronic City Elevated Expressway,BLR_SOUTH,7,6,402,48.0,1,0.5,10.8,HEAVY
Bengaluru,Central Silk Board Junction,BLR_SOUTH,15,4,311,18.0,1,1.0,9.7,SEVERE
Bengaluru,Hebbal Flyover to Airport Expressway,BLR_NORTH,4,5,523,35.0,0,1.0,11.4,HEAVY
Bengaluru,Hebbal Flyover to Airport Expressway,BLR_NORTH,0,6,325,35.0,0,1.0,18.4,HEAVY
Bengaluru,Whitefield ITPB Main Road,BLR_EAST,0,3,157,16.0,1,1.0,11.1,HEAVY
Bengaluru,Tin Factory & K.R. Puram Junction,BLR_EAST,10,3,491,12.0,1,1.0,4.0,SEVERE
Bengaluru,Whitefield ITPB Main Road,BLR_EAST,0,4,424,16.0,1,1.0,6.8,SEVERE
Bengaluru,Central Silk Board Junction,BLR_SOUTH,18,4,109,18.0,1,1.0,5.5,SEVERE
Bengaluru,Central Silk Board Junction,BLR_SOUTH,8,0,514,18.0,1,1.0,4.0,SEVERE
Bengaluru,Tin Factory & K.R. Puram Junction,BLR_EAST,8,5,398,12.0,1,1.0,4.0,SEVERE
Bengaluru,M.G. Road & Trinity Circle Corridor,BLR_CENTRAL,19,3,203,22.0,0,1.0,8.4,SEVERE
Bengaluru,Tin Factory & K.R. Puram Junction,BLR_EAST,21,1,98,12.0,1,0.5,4.0,SEVERE
Bengaluru,Electronic City Elevated Expressway,BLR_SOUTH,22,6,472,48.0,1,1.0,18.1,HEAVY
Bengaluru,M.G. Road & Trinity Circle Corridor,BLR_CENTRAL,16,6,144,22.0,0,0.5,7.8,SEVERE
Bengaluru,Tin Factory & K.R. Puram Junction,BLR_EAST,5,5,320,12.0,1,0.5,4.0,SEVERE
Bengaluru,M.G. Road & Trinity Circle Corridor,BLR_CENTRAL,10,5,344,22.0,0,0.5,4.0,SEVERE
Bengaluru,Hebbal Flyover to Airport Expressway,BLR_NORTH,0,2,118,35.0,0,1.0,25.6,MODERATE
Bengaluru,Tin Factory & K.R. Puram Junction,BLR_EAST,15,6,379,12.0,1,1.0,5.7,SEVERE
Bengaluru,Outer Ring Road (Marathahalli - Bellandur),BLR_EAST,0,6,80,20.0,1,1.0,15.4,HEAVY
Bengaluru,Central Silk Board Junction,BLR_SOUTH,17,0,105,18.0,1,1.0,5.5,SEVERE
Bengaluru,Outer Ring Road (Marathahalli - Bellandur),BLR_EAST,9,1,403,20.0,1,1.0,4.0,SEVERE
Bengaluru,Whitefield ITPB Main Road,BLR_EAST,13,2,139,16.0,1,0.5,5.7,SEVERE
Bengaluru,Electronic City Elevated Expressway,BLR_SOUTH,19,4,235,48.0,1,1.0,12.2,HEAVY
Bengaluru,Electronic City Elevated Expressway,BLR_SOUTH,0,3,193,48.0,1,1.0,31.5,LOW
Bengaluru,M.G. Road & Trinity Circle Corridor,BLR_CENTRAL,23,0,75,22.0,0,1.0,17.1,HEAVY
Bengaluru,Electronic City Elevated Expressway,BLR_SOUTH,18,2,563,48.0,1,0.5,4.0,SEVERE
Bengaluru,M.G. Road & Trinity Circle Corridor,BLR_CENTRAL,1,0,249,22.0,0,1.0,13.2,HEAVY
Bengaluru,Hebbal Flyover to Airport Expressway,BLR_NORTH,16,0,371,35.0,0,0.5,8.4,SEVERE
Bengaluru,M.G. Road & Trinity Circle Corridor,BLR_CENTRAL,6,1,249,22.0,0,1.0,13.2,HEAVY
Bengaluru,Outer Ring Road (Marathahalli - Bellandur),BLR_EAST,23,2,246,20.0,1,1.0,12.1,HEAVY
Bengaluru,Central Silk Board Junction,BLR_SOUTH,11,0,541,18.0,1,1.0,4.0,SEVERE
Bengaluru,Central Silk Board Junction,BLR_SOUTH,9,0,113,18.0,1,1.0,5.5,SEVERE
Bengaluru,M.G. Road & Trinity Circle Corridor,BLR_CENTRAL,17,5,168,22.0,0,1.0,8.8,SEVERE
Bengaluru,Outer Ring Road (Marathahalli - Bellandur),BLR_EAST,8,6,284,20.0,1,1.0,4.7,SEVERE
Bengaluru,M.G. Road & Trinity Circle Corridor,BLR_CENTRAL,9,1,565,22.0,0,0.5,4.0,SEVERE
Bengaluru,M.G. Road & Trinity Circle Corridor,BLR_CENTRAL,1,1,348,22.0,0,1.0,11.0,HEAVY
Bengaluru,Whitefield ITPB Main Road,BLR_EAST,0,6,252,16.0,1,1.0,9.6,SEVERE
Bengaluru,Whitefield ITPB Main Road,BLR_EAST,15,2,361,16.0,1,1.0,7.8,SEVERE
Bengaluru,Outer Ring Road (Marathahalli - Bellandur),BLR_EAST,3,6,112,20.0,1,0.5,7.4,SEVERE
Bengaluru,Tin Factory & K.R. Puram Junction,BLR_EAST,10,0,506,12.0,1,1.0,4.0,SEVERE
Bengaluru,Whitefield ITPB Main Road,BLR_EAST,19,6,578,16.0,1,1.0,4.0,SEVERE
Bengaluru,Tin Factory & K.R. Puram Junction,BLR_EAST,15,6,62,12.0,1,1.0,9.5,SEVERE
Bengaluru,Electronic City Elevated Expressway,BLR_SOUTH,14,2,155,48.0,1,0.5,16.7,HEAVY
Bengaluru,Hebbal Flyover to Airport Expressway,BLR_NORTH,1,6,335,35.0,0,1.0,18.0,HEAVY
Bengaluru,Hebbal Flyover to Airport Expressway,BLR_NORTH,14,4,137,35.0,0,1.0,25.0,MODERATE
Bengaluru,Tin Factory & K.R. Puram Junction,BLR_EAST,19,3,571,12.0,1,0.5,4.0,SEVERE
Bengaluru,Goraguntepalya Tumkur Road Junction,BLR_WEST,9,6,483,24.0,0,1.0,5.2,SEVERE
Bengaluru,Whitefield ITPB Main Road,BLR_EAST,15,2,571,16.0,1,1.0,4.5,SEVERE
Bengaluru,Central Silk Board Junction,BLR_SOUTH,4,4,545,18.0,1,1.0,5.5,SEVERE
Bengaluru,M.G. Road & Trinity Circle Corridor,BLR_CENTRAL,12,4,511,22.0,0,1.0,7.5,SEVERE
Bengaluru,M.G. Road & Trinity Circle Corridor,BLR_CENTRAL,2,0,571,22.0,0,1.0,6.1,SEVERE
Bengaluru,M.G. Road & Trinity Circle Corridor,BLR_CENTRAL,12,3,132,22.0,0,1.0,15.8,HEAVY
Bengaluru,Whitefield ITPB Main Road,BLR_EAST,23,0,323,16.0,1,1.0,8.4,SEVERE
Bengaluru,Tin Factory & K.R. Puram Junction,BLR_EAST,6,1,592,12.0,1,1.0,4.0,SEVERE
Bengaluru,Electronic City Elevated Expressway,BLR_SOUTH,9,4,495,48.0,1,1.0,7.0,SEVERE
Bengaluru,Hebbal Flyover to Airport Expressway,BLR_NORTH,22,5,172,35.0,0,1.0,23.7,MODERATE
Bengaluru,Tin Factory & K.R. Puram Junction,BLR_EAST,7,2,222,12.0,1,1.0,7.5,SEVERE
Bengaluru,Central Silk Board Junction,BLR_SOUTH,9,3,169,18.0,1,1.0,5.0,SEVERE
Bengaluru,Tin Factory & K.R. Puram Junction,BLR_EAST,15,2,531,12.0,1,0.5,4.0,SEVERE
Bengaluru,Hebbal Flyover to Airport Expressway,BLR_NORTH,13,5,419,35.0,0,1.0,15.1,HEAVY
Bengaluru,Central Silk Board Junction,BLR_SOUTH,2,4,70,18.0,1,1.0,14.0,HEAVY
Bengaluru,Hebbal Flyover to Airport Expressway,BLR_NORTH,23,2,441,35.0,0,0.5,7.2,SEVERE
Bengaluru,Tin Factory & K.R. Puram Junction,BLR_EAST,14,4,261,12.0,1,1.0,7.1,SEVERE
Bengaluru,Central Silk Board Junction,BLR_SOUTH,3,3,362,18.0,1,1.0,8.8,SEVERE
Bengaluru,Hebbal Flyover to Airport Expressway,BLR_NORTH,16,5,477,35.0,0,1.0,13.1,HEAVY
Bengaluru,Goraguntepalya Tumkur Road Junction,BLR_WEST,11,0,317,24.0,0,1.0,7.5,SEVERE
Bengaluru,Electronic City Elevated Expressway,BLR_SOUTH,19,6,78,48.0,1,1.0,15.3,HEAVY
Bengaluru,Electronic City Elevated Expressway,BLR_SOUTH,20,0,460,48.0,1,1.0,7.7,SEVERE
Bengaluru,Goraguntepalya Tumkur Road Junction,BLR_WEST,6,1,534,24.0,0,1.0,7.6,SEVERE
Bengaluru,Electronic City Elevated Expressway,BLR_SOUTH,10,0,77,48.0,1,0.5,7.6,SEVERE
Bengaluru,Central Silk Board Junction,BLR_SOUTH,2,4,465,18.0,1,1.0,6.9,SEVERE
Bengaluru,Goraguntepalya Tumkur Road Junction,BLR_WEST,9,4,444,24.0,0,1.0,5.7,SEVERE
Bengaluru,M.G. Road & Trinity Circle Corridor,BLR_CENTRAL,19,0,154,22.0,0,0.5,4.5,SEVERE
Bengaluru,M.G. Road & Trinity Circle Corridor,BLR_CENTRAL,14,5,94,22.0,0,1.0,16.6,HEAVY
Bengaluru,Goraguntepalya Tumkur Road Junction,BLR_WEST,0,1,471,24.0,0,1.0,9.1,SEVERE
Bengaluru,Hebbal Flyover to Airport Expressway,BLR_NORTH,3,2,369,35.0,0,1.0,16.8,HEAVY
Bengaluru,Electronic City Elevated Expressway,BLR_SOUTH,6,4,203,48.0,1,1.0,31.1,LOW
Bengaluru,M.G. Road & Trinity Circle Corridor,BLR_CENTRAL,9,2,573,22.0,0,0.5,4.0,SEVERE
Bengaluru,Tin Factory & K.R. Puram Junction,BLR_EAST,7,4,189,12.0,1,1.0,7.9,SEVERE
Bengaluru,Electronic City Elevated Expressway,BLR_SOUTH,11,3,595,48.0,1,1.0,5.0,SEVERE
Bengaluru,Electronic City Elevated Expressway,BLR_SOUTH,1,3,377,48.0,1,1.0,22.7,MODERATE
Bengaluru,Central Silk Board Junction,BLR_SOUTH,10,6,113,18.0,1,0.5,4.0,SEVERE
Bengaluru,Outer Ring Road (Marathahalli - Bellandur),BLR_EAST,1,6,519,20.0,1,0.5,4.0,SEVERE
Bengaluru,Goraguntepalya Tumkur Road Junction,BLR_WEST,7,5,573,24.0,0,0.5,4.0,SEVERE
Bengaluru,Goraguntepalya Tumkur Road Junction,BLR_WEST,18,0,64,24.0,0,1.0,11.1,HEAVY
Bengaluru,M.G. Road & Trinity Circle Corridor,BLR_CENTRAL,10,6,224,22.0,0,1.0,8.1,SEVERE
Bengaluru,Electronic City Elevated Expressway,BLR_SOUTH,0,2,459,48.0,1,1.0,18.8,HEAVY
Bengaluru,Electronic City Elevated Expressway,BLR_SOUTH,17,6,265,48.0,1,1.0,11.6,HEAVY
Bengaluru,Whitefield ITPB Main Road,BLR_EAST,18,5,151,16.0,1,1.0,4.6,SEVERE
Bengaluru,Hebbal Flyover to Airport Expressway,BLR_NORTH,14,1,252,35.0,0,1.0,20.9,MODERATE
Bengaluru,Central Silk Board Junction,BLR_SOUTH,19,5,274,18.0,1,1.0,4.3,SEVERE
Bengaluru,M.G. Road & Trinity Circle Corridor,BLR_CENTRAL,8,2,97,22.0,0,1.0,9.7,SEVERE
Bengaluru,Outer Ring Road (Marathahalli - Bellandur),BLR_EAST,8,5,324,20.0,1,1.0,4.3,SEVERE
Bengaluru,Tin Factory & K.R. Puram Junction,BLR_EAST,15,3,543,12.0,1,1.0,4.0,SEVERE
Bengaluru,Hebbal Flyover to Airport Expressway,BLR_NORTH,7,1,281,35.0,0,0.5,10.0,HEAVY
Bengaluru,Goraguntepalya Tumkur Road Junction,BLR_WEST,3,0,542,24.0,0,1.0,7.4,SEVERE
Bengaluru,Central Silk Board Junction,BLR_SOUTH,11,4,169,18.0,1,1.0,5.0,SEVERE
Bengaluru,Tin Factory & K.R. Puram Junction,BLR_EAST,17,4,345,12.0,1,1.0,4.0,SEVERE
Bengaluru,Electronic City Elevated Expressway,BLR_SOUTH,7,5,273,48.0,1,0.5,13.8,HEAVY
Bengaluru,Outer Ring Road (Marathahalli - Bellandur),BLR_EAST,2,6,404,20.0,1,1.0,8.9,SEVERE
Bengaluru,Electronic City Elevated Expressway,BLR_SOUTH,18,4,476,48.0,1,1.0,7.4,SEVERE
Bengaluru,M.G. Road & Trinity Circle Corridor,BLR_CENTRAL,0,2,534,22.0,0,1.0,7.0,SEVERE
Bengaluru,Hebbal Flyover to Airport Expressway,BLR_NORTH,22,6,169,35.0,0,0.5,11.9,HEAVY
Bengaluru,Whitefield ITPB Main Road,BLR_EAST,15,3,143,16.0,1,1.0,11.3,HEAVY
Bengaluru,Hebbal Flyover to Airport Expressway,BLR_NORTH,7,0,214,35.0,0,1.0,22.3,MODERATE
Bengaluru,Whitefield ITPB Main Road,BLR_EAST,3,5,476,16.0,1,1.0,6.0,SEVERE
Bengaluru,Outer Ring Road (Marathahalli - Bellandur),BLR_EAST,13,3,225,20.0,1,1.0,12.5,HEAVY
Bengaluru,Electronic City Elevated Expressway,BLR_SOUTH,2,4,457,48.0,1,1.0,18.9,HEAVY
Bengaluru,Central Silk Board Junction,BLR_SOUTH,17,2,132,18.0,1,1.0,5.3,SEVERE
Bengaluru,Goraguntepalya Tumkur Road Junction,BLR_WEST,5,6,163,24.0,0,1.0,16.5,HEAVY
Bengaluru,Electronic City Elevated Expressway,BLR_SOUTH,2,1,131,48.0,1,0.5,17.3,HEAVY
Bengaluru,M.G. Road & Trinity Circle Corridor,BLR_CENTRAL,22,2,452,22.0,0,1.0,8.8,SEVERE
Bengaluru,Electronic City Elevated Expressway,BLR_SOUTH,7,3,417,48.0,1,0.5,10.4,HEAVY
Bengaluru,Hebbal Flyover to Airport Expressway,BLR_NORTH,8,3,487,35.0,0,1.0,7.5,SEVERE
Bengaluru,Electronic City Elevated Expressway,BLR_SOUTH,1,1,381,48.0,1,1.0,22.5,MODERATE
Bengaluru,M.G. Road & Trinity Circle Corridor,BLR_CENTRAL,11,5,76,22.0,0,1.0,10.0,HEAVY
Bengaluru,Outer Ring Road (Marathahalli - Bellandur),BLR_EAST,5,2,276,20.0,1,0.5,5.7,SEVERE
Bengaluru,M.G. Road & Trinity Circle Corridor,BLR_CENTRAL,19,6,371,22.0,0,0.5,4.0,SEVERE
Bengaluru,Whitefield ITPB Main Road,BLR_EAST,9,1,92,16.0,1,0.5,4.0,SEVERE
Bengaluru,Central Silk Board Junction,BLR_SOUTH,15,0,284,18.0,1,0.5,5.1,SEVERE
Bengaluru,Whitefield ITPB Main Road,BLR_EAST,15,2,275,16.0,1,1.0,9.2,SEVERE
Bengaluru,Tin Factory & K.R. Puram Junction,BLR_EAST,9,1,295,12.0,1,1.0,4.0,SEVERE
Bengaluru,Electronic City Elevated Expressway,BLR_SOUTH,11,2,516,48.0,1,1.0,6.6,SEVERE
Bengaluru,Goraguntepalya Tumkur Road Junction,BLR_WEST,22,6,161,24.0,0,1.0,16.5,HEAVY
Bengaluru,Whitefield ITPB Main Road,BLR_EAST,12,6,418,16.0,1,1.0,6.9,SEVERE
Bengaluru,Goraguntepalya Tumkur Road Junction,BLR_WEST,20,3,147,24.0,0,1.0,9.9,SEVERE
Bengaluru,Electronic City Elevated Expressway,BLR_SOUTH,4,6,65,48.0,1,1.0,37.7,LOW
Bengaluru,Outer Ring Road (Marathahalli - Bellandur),BLR_EAST,14,1,486,20.0,1,1.0,7.3,SEVERE
Bengaluru,Hebbal Flyover to Airport Expressway,BLR_NORTH,16,1,364,35.0,0,1.0,17.0,HEAVY
Bengaluru,M.G. Road & Trinity Circle Corridor,BLR_CENTRAL,0,1,453,22.0,0,1.0,8.7,SEVERE
Bengaluru,Tin Factory & K.R. Puram Junction,BLR_EAST,17,2,537,12.0,1,1.0,4.0,SEVERE
Bengaluru,Hebbal Flyover to Airport Expressway,BLR_NORTH,7,1,373,35.0,0,1.0,16.7,HEAVY
Bengaluru,Electronic City Elevated Expressway,BLR_SOUTH,20,3,95,48.0,1,1.0,14.9,HEAVY
Bengaluru,Goraguntepalya Tumkur Road Junction,BLR_WEST,16,5,212,24.0,0,1.0,15.3,HEAVY
Bengaluru,Hebbal Flyover to Airport Expressway,BLR_NORTH,22,5,269,35.0,0,1.0,20.3,MODERATE
Bengaluru,Hebbal Flyover to Airport Expressway,BLR_NORTH,21,0,253,35.0,0,0.5,6.1,SEVERE
Bengaluru,Tin Factory & K.R. Puram Junction,BLR_EAST,7,2,514,12.0,1,0.5,4.0,SEVERE
Bengaluru,Central Silk Board Junction,BLR_SOUTH,20,4,336,18.0,1,1.0,4.0,SEVERE
Bengaluru,Tin Factory & K.R. Puram Junction,BLR_EAST,7,6,464,12.0,1,1.0,4.6,SEVERE
Bengaluru,Tin Factory & K.R. Puram Junction,BLR_EAST,20,3,80,12.0,1,1.0,4.0,SEVERE
Bengaluru,Electronic City Elevated Expressway,BLR_SOUTH,23,0,254,48.0,1,1.0,28.6,MODERATE
Bengaluru,Central Silk Board Junction,BLR_SOUTH,13,6,64,18.0,1,1.0,14.1,HEAVY
Bengaluru,Electronic City Elevated Expressway,BLR_SOUTH,23,0,364,48.0,1,0.5,11.7,HEAVY
Bengaluru,Electronic City Elevated Expressway,BLR_SOUTH,20,3,161,48.0,1,1.0,13.6,HEAVY
Bengaluru,Whitefield ITPB Main Road,BLR_EAST,16,4,135,16.0,1,0.5,5.7,SEVERE
Bengaluru,Goraguntepalya Tumkur Road Junction,BLR_WEST,14,3,582,24.0,0,0.5,4.0,SEVERE
Bengaluru,Goraguntepalya Tumkur Road Junction,BLR_WEST,3,4,503,24.0,0,1.0,8.3,SEVERE
Bengaluru,Whitefield ITPB Main Road,BLR_EAST,16,2,275,16.0,1,1.0,9.2,SEVERE
Bengaluru,Electronic City Elevated Expressway,BLR_SOUTH,23,4,515,48.0,1,1.0,16.1,HEAVY
Bengaluru,Hebbal Flyover to Airport Expressway,BLR_NORTH,5,2,357,35.0,0,1.0,17.3,HEAVY
Bengaluru,Tin Factory & K.R. Puram Junction,BLR_EAST,4,2,509,12.0,1,1.0,4.1,SEVERE
Bengaluru,Goraguntepalya Tumkur Road Junction,BLR_WEST,1,5,591,24.0,0,1.0,6.2,SEVERE
Bengaluru,Goraguntepalya Tumkur Road Junction,BLR_WEST,22,5,138,24.0,0,0.5,8.5,SEVERE
Bengaluru,Goraguntepalya Tumkur Road Junction,BLR_WEST,15,5,258,24.0,0,0.5,7.1,SEVERE
Bengaluru,Outer Ring Road (Marathahalli - Bellandur),BLR_EAST,17,2,348,20.0,1,1.0,4.1,SEVERE
Bengaluru,Electronic City Elevated Expressway,BLR_SOUTH,15,2,439,48.0,1,1.0,19.7,HEAVY
Bengaluru,Goraguntepalya Tumkur Road Junction,BLR_WEST,3,4,104,24.0,0,1.0,17.9,HEAVY
Bengaluru,Electronic City Elevated Expressway,BLR_SOUTH,14,0,375,48.0,1,1.0,22.8,MODERATE
Bengaluru,Whitefield ITPB Main Road,BLR_EAST,17,0,497,16.0,1,0.5,4.0,SEVERE
Bengaluru,Whitefield ITPB Main Road,BLR_EAST,15,1,333,16.0,1,0.5,4.1,SEVERE
Bengaluru,Electronic City Elevated Expressway,BLR_SOUTH,14,6,156,48.0,1,1.0,33.3,LOW
Bengaluru,Tin Factory & K.R. Puram Junction,BLR_EAST,0,3,542,12.0,1,0.5,4.0,SEVERE
Bengaluru,Hebbal Flyover to Airport Expressway,BLR_NORTH,5,4,410,35.0,0,0.5,7.7,SEVERE
Bengaluru,Whitefield ITPB Main Road,BLR_EAST,6,0,283,16.0,1,1.0,9.1,SEVERE
Bengaluru,Goraguntepalya Tumkur Road Junction,BLR_WEST,2,2,442,24.0,0,0.5,4.9,SEVERE
Bengaluru,Tin Factory & K.R. Puram Junction,BLR_EAST,3,5,137,12.0,1,0.5,4.3,SEVERE
Bengaluru,M.G. Road & Trinity Circle Corridor,BLR_CENTRAL,7,4,521,22.0,0,1.0,7.2,SEVERE
Bengaluru,Goraguntepalya Tumkur Road Junction,BLR_WEST,0,2,205,24.0,0,1.0,15.5,HEAVY
Bengaluru,Outer Ring Road (Marathahalli - Bellandur),BLR_EAST,5,3,138,20.0,1,1.0,14.2,HEAVY
Bengaluru,Outer Ring Road (Marathahalli - Bellandur),BLR_EAST,16,4,130,20.0,1,1.0,14.4,HEAVY
Bengaluru,M.G. Road & Trinity Circle Corridor,BLR_CENTRAL,10,6,482,22.0,0,0.5,4.0,SEVERE
Bengaluru,M.G. Road & Trinity Circle Corridor,BLR_CENTRAL,4,4,517,22.0,0,1.0,7.3,SEVERE
Bengaluru,Tin Factory & K.R. Puram Junction,BLR_EAST,14,1,596,12.0,1,1.0,4.0,SEVERE
Bengaluru,M.G. Road & Trinity Circle Corridor,BLR_CENTRAL,22,1,320,22.0,0,0.5,5.8,SEVERE
Bengaluru,Electronic City Elevated Expressway,BLR_SOUTH,5,2,548,48.0,1,1.0,14.5,HEAVY
Bengaluru,Goraguntepalya Tumkur Road Junction,BLR_WEST,8,4,318,24.0,0,1.0,7.5,SEVERE
Bengaluru,Goraguntepalya Tumkur Road Junction,BLR_WEST,3,3,451,24.0,0,1.0,9.6,SEVERE
Bengaluru,Electronic City Elevated Expressway,BLR_SOUTH,3,1,236,48.0,1,0.5,14.7,HEAVY
Bengaluru,M.G. Road & Trinity Circle Corridor,BLR_CENTRAL,18,5,136,22.0,0,1.0,9.2,SEVERE
Bengaluru,Hebbal Flyover to Airport Expressway,BLR_NORTH,0,1,61,35.0,0,0.5,13.8,HEAVY
Bengaluru,Whitefield ITPB Main Road,BLR_EAST,19,1,539,16.0,1,1.0,4.0,SEVERE
Bengaluru,Central Silk Board Junction,BLR_SOUTH,21,3,209,18.0,1,1.0,4.8,SEVERE
Bengaluru,Goraguntepalya Tumkur Road Junction,BLR_WEST,4,5,560,24.0,0,1.0,7.0,SEVERE
Bengaluru,Tin Factory & K.R. Puram Junction,BLR_EAST,7,5,124,12.0,1,1.0,8.7,SEVERE
Bengaluru,Central Silk Board Junction,BLR_SOUTH,11,1,189,18.0,1,1.0,4.9,SEVERE
Bengaluru,Tin Factory & K.R. Puram Junction,BLR_EAST,5,1,508,12.0,1,1.0,4.1,SEVERE
Bengaluru,Tin Factory & K.R. Puram Junction,BLR_EAST,5,2,372,12.0,1,1.0,5.7,SEVERE
Bengaluru,Electronic City Elevated Expressway,BLR_SOUTH,9,6,337,48.0,1,1.0,10.1,HEAVY
Bengaluru,Outer Ring Road (Marathahalli - Bellandur),BLR_EAST,9,6,496,20.0,1,1.0,4.0,SEVERE
Bengaluru,Goraguntepalya Tumkur Road Junction,BLR_WEST,10,5,419,24.0,0,1.0,6.1,SEVERE
Bengaluru,Central Silk Board Junction,BLR_SOUTH,21,6,554,18.0,1,1.0,4.0,SEVERE
Bengaluru,Hebbal Flyover to Airport Expressway,BLR_NORTH,19,2,588,35.0,0,0.5,4.0,SEVERE
Bengaluru,Hebbal Flyover to Airport Expressway,BLR_NORTH,21,4,188,35.0,0,1.0,13.6,HEAVY
Bengaluru,Whitefield ITPB Main Road,BLR_EAST,13,6,340,16.0,1,1.0,8.2,SEVERE
Bengaluru,Whitefield ITPB Main Road,BLR_EAST,21,3,86,16.0,1,1.0,5.0,SEVERE
Bengaluru,Goraguntepalya Tumkur Road Junction,BLR_WEST,7,4,176,24.0,0,1.0,16.2,HEAVY
Bengaluru,Whitefield ITPB Main Road,BLR_EAST,5,5,475,16.0,1,0.5,4.0,SEVERE
Bengaluru,Outer Ring Road (Marathahalli - Bellandur),BLR_EAST,13,5,380,20.0,1,1.0,9.4,SEVERE
Bengaluru,Electronic City Elevated Expressway,BLR_SOUTH,13,5,132,48.0,1,1.0,34.5,LOW
Bengaluru,Tin Factory & K.R. Puram Junction,BLR_EAST,8,0,277,12.0,1,1.0,4.0,SEVERE
Bengaluru,Whitefield ITPB Main Road,BLR_EAST,1,5,522,16.0,1,1.0,5.2,SEVERE
Bengaluru,M.G. Road & Trinity Circle Corridor,BLR_CENTRAL,19,1,105,22.0,0,1.0,9.6,SEVERE
Bengaluru,Goraguntepalya Tumkur Road Junction,BLR_WEST,9,6,477,24.0,0,1.0,5.3,SEVERE
Bengaluru,Whitefield ITPB Main Road,BLR_EAST,9,4,232,16.0,1,1.0,4.1,SEVERE
Bengaluru,Whitefield ITPB Main Road,BLR_EAST,17,3,290,16.0,1,1.0,4.0,SEVERE
Bengaluru,Electronic City Elevated Expressway,BLR_SOUTH,13,3,393,48.0,1,1.0,21.9,MODERATE
Bengaluru,Goraguntepalya Tumkur Road Junction,BLR_WEST,13,3,352,24.0,0,1.0,12.0,HEAVY
Bengaluru,Whitefield ITPB Main Road,BLR_EAST,20,2,522,16.0,1,1.0,4.0,SEVERE
Bengaluru,Hebbal Flyover to Airport Expressway,BLR_NORTH,8,2,259,35.0,0,1.0,12.2,HEAVY
Bengaluru,Central Silk Board Junction,BLR_SOUTH,11,4,85,18.0,1,0.5,4.0,SEVERE
Bengaluru,Tin Factory & K.R. Puram Junction,BLR_EAST,12,3,80,12.0,1,1.0,9.2,SEVERE
Bengaluru,Hebbal Flyover to Airport Expressway,BLR_NORTH,9,4,231,35.0,0,1.0,12.7,HEAVY
Bengaluru,M.G. Road & Trinity Circle Corridor,BLR_CENTRAL,15,0,341,22.0,0,0.5,5.6,SEVERE
Bengaluru,Outer Ring Road (Marathahalli - Bellandur),BLR_EAST,15,2,199,20.0,1,1.0,13.0,HEAVY
Bengaluru,Whitefield ITPB Main Road,BLR_EAST,12,5,193,16.0,1,0.5,5.3,SEVERE
Bengaluru,Whitefield ITPB Main Road,BLR_EAST,0,5,361,16.0,1,1.0,7.8,SEVERE
Bengaluru,Tin Factory & K.R. Puram Junction,BLR_EAST,15,0,434,12.0,1,1.0,5.0,SEVERE
Bengaluru,Tin Factory & K.R. Puram Junction,BLR_EAST,17,4,513,12.0,1,1.0,4.0,SEVERE
Bengaluru,Electronic City Elevated Expressway,BLR_SOUTH,13,5,403,48.0,1,1.0,21.5,MODERATE
Bengaluru,M.G. Road & Trinity Circle Corridor,BLR_CENTRAL,0,1,184,22.0,0,1.0,14.7,HEAVY
Bengaluru,Goraguntepalya Tumkur Road Junction,BLR_WEST,3,0,375,24.0,0,0.5,5.7,SEVERE
Bengaluru,Outer Ring Road (Marathahalli - Bellandur),BLR_EAST,23,3,312,20.0,1,1.0,10.8,HEAVY
Bengaluru,Outer Ring Road (Marathahalli - Bellandur),BLR_EAST,16,6,260,20.0,1,1.0,11.8,HEAVY
Bengaluru,M.G. Road & Trinity Circle Corridor,BLR_CENTRAL,4,6,122,22.0,0,0.5,8.0,SEVERE
Bengaluru,Goraguntepalya Tumkur Road Junction,BLR_WEST,15,5,107,24.0,0,1.0,17.8,HEAVY
Bengaluru,Central Silk Board Junction,BLR_SOUTH,10,3,404,18.0,1,1.0,4.0,SEVERE
Bengaluru,M.G. Road & Trinity Circle Corridor,BLR_CENTRAL,12,2,62,22.0,0,1.0,17.3,HEAVY
Bengaluru,Hebbal Flyover to Airport Expressway,BLR_NORTH,21,5,317,35.0,0,1.0,11.0,HEAVY
Bengaluru,Goraguntepalya Tumkur Road Junction,BLR_WEST,19,1,512,24.0,0,1.0,4.8,SEVERE
Bengaluru,Goraguntepalya Tumkur Road Junction,BLR_WEST,23,3,477,24.0,0,1.0,9.0,SEVERE
Bengaluru,Central Silk Board Junction,BLR_SOUTH,16,3,75,18.0,1,1.0,13.9,HEAVY
Bengaluru,Hebbal Flyover to Airport Expressway,BLR_NORTH,10,4,303,35.0,0,1.0,11.3,HEAVY
Bengaluru,Whitefield ITPB Main Road,BLR_EAST,1,2,386,16.0,1,0.5,4.0,SEVERE
Bengaluru,M.G. Road & Trinity Circle Corridor,BLR_CENTRAL,14,6,399,22.0,0,1.0,9.9,SEVERE
Bengaluru,Outer Ring Road (Marathahalli - Bellandur),BLR_EAST,15,2,170,20.0,1,0.5,6.8,SEVERE
Bengaluru,Hebbal Flyover to Airport Expressway,BLR_NORTH,19,3,198,35.0,0,0.5,6.7,SEVERE
Bengaluru,Hebbal Flyover to Airport Expressway,BLR_NORTH,17,0,229,35.0,0,1.0,12.8,HEAVY
Bengaluru,Whitefield ITPB Main Road,BLR_EAST,5,0,535,16.0,1,0.5,4.0,SEVERE
Bengaluru,Hebbal Flyover to Airport Expressway,BLR_NORTH,17,1,488,35.0,0,1.0,7.5,SEVERE
Bengaluru,Whitefield ITPB Main Road,BLR_EAST,5,0,146,16.0,1,0.5,5.6,SEVERE
Bengaluru,M.G. Road & Trinity Circle Corridor,BLR_CENTRAL,5,4,401,22.0,0,1.0,9.9,SEVERE
Bengaluru,Outer Ring Road (Marathahalli - Bellandur),BLR_EAST,17,5,571,20.0,1,1.0,4.0,SEVERE
Bengaluru,Whitefield ITPB Main Road,BLR_EAST,12,4,65,16.0,1,1.0,12.6,HEAVY
Bengaluru,Hebbal Flyover to Airport Expressway,BLR_NORTH,22,4,455,35.0,0,0.5,6.9,SEVERE
Bengaluru,Whitefield ITPB Main Road,BLR_EAST,12,4,282,16.0,1,1.0,9.1,SEVERE
Bengaluru,Electronic City Elevated Expressway,BLR_SOUTH,0,5,481,48.0,1,1.0,17.7,HEAVY
Bengaluru,Outer Ring Road (Marathahalli - Bellandur),BLR_EAST,19,5,452,20.0,1,1.0,4.0,SEVERE
Bengaluru,Tin Factory & K.R. Puram Junction,BLR_EAST,19,1,262,12.0,1,1.0,4.0,SEVERE
Bengaluru,Central Silk Board Junction,BLR_SOUTH,6,5,235,18.0,1,0.5,5.5,SEVERE
Bengaluru,Tin Factory & K.R. Puram Junction,BLR_EAST,9,2,186,12.0,1,1.0,4.0,SEVERE
Bengaluru,Electronic City Elevated Expressway,BLR_SOUTH,14,5,433,48.0,1,1.0,20.0,MODERATE
Bengaluru,Electronic City Elevated Expressway,BLR_SOUTH,19,6,344,48.0,1,0.5,5.0,SEVERE
Bengaluru,Outer Ring Road (Marathahalli - Bellandur),BLR_EAST,15,2,552,20.0,1,1.0,6.0,SEVERE
Bengaluru,Whitefield ITPB Main Road,BLR_EAST,17,1,481,16.0,1,1.0,4.0,SEVERE
Bengaluru,Hebbal Flyover to Airport Expressway,BLR_NORTH,12,1,118,35.0,0,1.0,25.6,MODERATE
Bengaluru,Goraguntepalya Tumkur Road Junction,BLR_WEST,5,3,184,24.0,0,0.5,8.0,SEVERE
Bengaluru,M.G. Road & Trinity Circle Corridor,BLR_CENTRAL,15,0,457,22.0,0,1.0,8.6,SEVERE
Bengaluru,Hebbal Flyover to Airport Expressway,BLR_NORTH,20,2,429,35.0,0,1.0,8.7,SEVERE
Bengaluru,Whitefield ITPB Main Road,BLR_EAST,19,5,322,16.0,1,1.0,4.0,SEVERE
Bengaluru,Electronic City Elevated Expressway,BLR_SOUTH,15,3,386,48.0,1,1.0,22.3,MODERATE
Bengaluru,Hebbal Flyover to Airport Expressway,BLR_NORTH,14,2,198,35.0,0,1.0,22.8,MODERATE
Bengaluru,M.G. Road & Trinity Circle Corridor,BLR_CENTRAL,5,1,152,22.0,0,1.0,15.4,HEAVY
Bengaluru,Outer Ring Road (Marathahalli - Bellandur),BLR_EAST,23,2,171,20.0,1,1.0,13.6,HEAVY
Bengaluru,Central Silk Board Junction,BLR_SOUTH,21,5,227,18.0,1,1.0,4.6,SEVERE
Bengaluru,Whitefield ITPB Main Road,BLR_EAST,17,1,460,16.0,1,1.0,4.0,SEVERE
Bengaluru,Hebbal Flyover to Airport Expressway,BLR_NORTH,13,1,491,35.0,0,1.0,12.6,HEAVY
Bengaluru,Outer Ring Road (Marathahalli - Bellandur),BLR_EAST,22,4,254,20.0,1,1.0,11.9,HEAVY
Bengaluru,Hebbal Flyover to Airport Expressway,BLR_NORTH,18,0,482,35.0,0,0.5,4.0,SEVERE
Bengaluru,Whitefield ITPB Main Road,BLR_EAST,17,3,64,16.0,1,0.5,4.0,SEVERE
Bengaluru,Electronic City Elevated Expressway,BLR_SOUTH,6,3,299,48.0,1,1.0,26.4,MODERATE
Bengaluru,Outer Ring Road (Marathahalli - Bellandur),BLR_EAST,19,3,256,20.0,1,1.0,4.9,SEVERE
Bengaluru,Whitefield ITPB Main Road,BLR_EAST,17,1,599,16.0,1,1.0,4.0,SEVERE
Bengaluru,Outer Ring Road (Marathahalli - Bellandur),BLR_EAST,13,1,237,20.0,1,1.0,12.3,HEAVY
Bengaluru,Goraguntepalya Tumkur Road Junction,BLR_WEST,13,0,243,24.0,0,1.0,14.6,HEAVY
Bengaluru,Whitefield ITPB Main Road,BLR_EAST,9,4,109,16.0,1,1.0,4.9,SEVERE
Bengaluru,Tin Factory & K.R. Puram Junction,BLR_EAST,23,0,165,12.0,1,1.0,8.2,SEVERE
Bengaluru,Tin Factory & K.R. Puram Junction,BLR_EAST,4,3,174,12.0,1,1.0,8.1,SEVERE
Bengaluru,M.G. Road & Trinity Circle Corridor,BLR_CENTRAL,7,5,371,22.0,0,1.0,10.5,HEAVY
Bengaluru,Whitefield ITPB Main Road,BLR_EAST,7,4,124,16.0,1,1.0,11.6,HEAVY
Bengaluru,Electronic City Elevated Expressway,BLR_SOUTH,5,6,439,48.0,1,1.0,19.7,HEAVY
Bengaluru,Whitefield ITPB Main Road,BLR_EAST,14,3,261,16.0,1,0.5,4.7,SEVERE
Bengaluru,Central Silk Board Junction,BLR_SOUTH,7,5,365,18.0,1,1.0,8.7,SEVERE
Bengaluru,Whitefield ITPB Main Road,BLR_EAST,15,4,229,16.0,1,1.0,9.9,SEVERE
Bengaluru,Outer Ring Road (Marathahalli - Bellandur),BLR_EAST,0,5,463,20.0,1,1.0,7.7,SEVERE
Bengaluru,Tin Factory & K.R. Puram Junction,BLR_EAST,2,0,504,12.0,1,1.0,4.2,SEVERE
Bengaluru,Hebbal Flyover to Airport Expressway,BLR_NORTH,7,3,519,35.0,0,1.0,11.6,HEAVY
Bengaluru,Hebbal Flyover to Airport Expressway,BLR_NORTH,22,5,200,35.0,0,0.5,11.4,HEAVY
Bengaluru,M.G. Road & Trinity Circle Corridor,BLR_CENTRAL,12,0,546,22.0,0,1.0,6.7,SEVERE
Bengaluru,Hebbal Flyover to Airport Expressway,BLR_NORTH,1,0,564,35.0,0,1.0,10.0,HEAVY
Bengaluru,Hebbal Flyover to Airport Expressway,BLR_NORTH,13,2,100,35.0,0,1.0,26.2,MODERATE
Bengaluru,M.G. Road & Trinity Circle Corridor,BLR_CENTRAL,23,3,366,22.0,0,0.5,5.3,SEVERE
Bengaluru,Outer Ring Road (Marathahalli - Bellandur),BLR_EAST,1,3,293,20.0,1,1.0,11.1,HEAVY
Bengaluru,Goraguntepalya Tumkur Road Junction,BLR_WEST,2,2,179,24.0,0,1.0,16.1,HEAVY
Bengaluru,Goraguntepalya Tumkur Road Junction,BLR_WEST,19,4,399,24.0,0,1.0,6.4,SEVERE
Bengaluru,Electronic City Elevated Expressway,BLR_SOUTH,23,4,199,48.0,1,1.0,31.2,LOW
Bengaluru,Goraguntepalya Tumkur Road Junction,BLR_WEST,4,4,108,24.0,0,0.5,8.9,SEVERE
Bengaluru,Whitefield ITPB Main Road,BLR_EAST,10,2,173,16.0,1,1.0,4.5,SEVERE
Bengaluru,Tin Factory & K.R. Puram Junction,BLR_EAST,0,5,109,12.0,1,1.0,8.9,SEVERE
Bengaluru,M.G. Road & Trinity Circle Corridor,BLR_CENTRAL,20,4,276,22.0,0,1.0,7.4,SEVERE
Bengaluru,Tin Factory & K.R. Puram Junction,BLR_EAST,3,1,345,12.0,1,1.0,6.1,SEVERE
Bengaluru,Hebbal Flyover to Airport Expressway,BLR_NORTH,18,6,90,35.0,0,1.0,15.6,HEAVY
Bengaluru,Tin Factory & K.R. Puram Junction,BLR_EAST,10,0,355,12.0,1,1.0,4.0,SEVERE
Bengaluru,Central Silk Board Junction,BLR_SOUTH,6,5,464,18.0,1,1.0,6.9,SEVERE
Bengaluru,Outer Ring Road (Marathahalli - Bellandur),BLR_EAST,19,6,158,20.0,1,1.0,5.7,SEVERE
Bengaluru,M.G. Road & Trinity Circle Corridor,BLR_CENTRAL,22,2,380,22.0,0,1.0,10.3,HEAVY
Bengaluru,Outer Ring Road (Marathahalli - Bellandur),BLR_EAST,14,6,477,20.0,1,1.0,7.5,SEVERE
Bengaluru,Tin Factory & K.R. Puram Junction,BLR_EAST,2,1,210,12.0,1,1.0,7.7,SEVERE
Bengaluru,Central Silk Board Junction,BLR_SOUTH,14,2,313,18.0,1,1.0,9.7,SEVERE
Bengaluru,Tin Factory & K.R. Puram Junction,BLR_EAST,11,2,138,12.0,1,0.5,4.0,SEVERE
Bengaluru,Whitefield ITPB Main Road,BLR_EAST,11,0,123,16.0,1,1.0,4.8,SEVERE
Bengaluru,Goraguntepalya Tumkur Road Junction,BLR_WEST,22,5,108,24.0,0,1.0,17.8,HEAVY
Bengaluru,Central Silk Board Junction,BLR_SOUTH,21,6,529,18.0,1,0.5,4.0,SEVERE
Bengaluru,Hebbal Flyover to Airport Expressway,BLR_NORTH,14,5,157,35.0,0,1.0,24.3,MODERATE
Bengaluru,Electronic City Elevated Expressway,BLR_SOUTH,2,3,104,48.0,1,1.0,35.8,LOW
Bengaluru,Whitefield ITPB Main Road,BLR_EAST,7,4,262,16.0,1,1.0,9.4,SEVERE
Bengaluru,Whitefield ITPB Main Road,BLR_EAST,20,3,239,16.0,1,1.0,4.0,SEVERE
Bengaluru,Central Silk Board Junction,BLR_SOUTH,12,6,224,18.0,1,1.0,11.3,HEAVY
Bengaluru,Goraguntepalya Tumkur Road Junction,BLR_WEST,14,4,174,24.0,0,1.0,16.2,HEAVY
Bengaluru,Electronic City Elevated Expressway,BLR_SOUTH,22,1,436,48.0,1,1.0,19.9,HEAVY
Bengaluru,Tin Factory & K.R. Puram Junction,BLR_EAST,17,4,260,12.0,1,1.0,4.0,SEVERE
Bengaluru,Outer Ring Road (Marathahalli - Bellandur),BLR_EAST,20,0,67,20.0,1,0.5,4.0,SEVERE
Bengaluru,Goraguntepalya Tumkur Road Junction,BLR_WEST,23,4,105,24.0,0,0.5,8.9,SEVERE
Bengaluru,Goraguntepalya Tumkur Road Junction,BLR_WEST,6,1,586,24.0,0,1.0,6.3,SEVERE
Bengaluru,Hebbal Flyover to Airport Expressway,BLR_NORTH,0,0,183,35.0,0,1.0,23.3,MODERATE
Bengaluru,Whitefield ITPB Main Road,BLR_EAST,2,0,324,16.0,1,1.0,8.4,SEVERE
Bengaluru,Central Silk Board Junction,BLR_SOUTH,2,3,492,18.0,1,1.0,6.4,SEVERE
Bengaluru,Outer Ring Road (Marathahalli - Bellandur),BLR_EAST,18,5,135,20.0,1,1.0,5.9,SEVERE
Bengaluru,Goraguntepalya Tumkur Road Junction,BLR_WEST,18,6,140,24.0,0,0.5,5.0,SEVERE
Bengaluru,Hebbal Flyover to Airport Expressway,BLR_NORTH,12,5,451,35.0,0,1.0,14.0,HEAVY
Bengaluru,Tin Factory & K.R. Puram Junction,BLR_EAST,21,6,397,12.0,1,1.0,4.0,SEVERE
Bengaluru,Hebbal Flyover to Airport Expressway,BLR_NORTH,7,0,185,35.0,0,0.5,11.6,HEAVY
Bengaluru,Outer Ring Road (Marathahalli - Bellandur),BLR_EAST,4,5,434,20.0,1,1.0,8.3,SEVERE
Bengaluru,M.G. Road & Trinity Circle Corridor,BLR_CENTRAL,14,5,356,22.0,0,1.0,10.9,HEAVY
Bengaluru,Electronic City Elevated Expressway,BLR_SOUTH,21,6,179,48.0,1,0.5,6.6,SEVERE
Bengaluru,Outer Ring Road (Marathahalli - Bellandur),BLR_EAST,7,4,180,20.0,1,1.0,13.4,HEAVY
Bengaluru,Electronic City Elevated Expressway,BLR_SOUTH,17,0,377,48.0,1,1.0,9.3,SEVERE
Bengaluru,M.G. Road & Trinity Circle Corridor,BLR_CENTRAL,3,6,555,22.0,0,1.0,6.5,SEVERE
Bengaluru,Hebbal Flyover to Airport Expressway,BLR_NORTH,14,4,328,35.0,0,0.5,9.1,SEVERE
Bengaluru,Outer Ring Road (Marathahalli - Bellandur),BLR_EAST,9,4,552,20.0,1,1.0,4.0,SEVERE
Bengaluru,Whitefield ITPB Main Road,BLR_EAST,19,0,412,16.0,1,1.0,4.0,SEVERE
Bengaluru,Electronic City Elevated Expressway,BLR_SOUTH,23,6,242,48.0,1,0.5,14.6,HEAVY
Bengaluru,Hebbal Flyover to Airport Expressway,BLR_NORTH,15,0,321,35.0,0,1.0,18.5,HEAVY
Bengaluru,Outer Ring Road (Marathahalli - Bellandur),BLR_EAST,6,4,576,20.0,1,0.5,4.0,SEVERE
Bengaluru,Whitefield ITPB Main Road,BLR_EAST,14,3,115,16.0,1,1.0,11.8,HEAVY
Bengaluru,Whitefield ITPB Main Road,BLR_EAST,11,5,314,16.0,1,1.0,4.0,SEVERE
Bengaluru,Central Silk Board Junction,BLR_SOUTH,6,2,518,18.0,1,1.0,6.0,SEVERE
Bengaluru,Outer Ring Road (Marathahalli - Bellandur),BLR_EAST,12,0,387,20.0,1,1.0,9.3,SEVERE
Bengaluru,Outer Ring Road (Marathahalli - Bellandur),BLR_EAST,10,6,505,20.0,1,1.0,4.0,SEVERE
Bengaluru,Outer Ring Road (Marathahalli - Bellandur),BLR_EAST,8,2,514,20.0,1,1.0,4.0,SEVERE
Bengaluru,Electronic City Elevated Expressway,BLR_SOUTH,15,1,219,48.0,1,1.0,30.3,LOW
Bengaluru,Tin Factory & K.R. Puram Junction,BLR_EAST,21,1,594,12.0,1,1.0,4.0,SEVERE
Bengaluru,Tin Factory & K.R. Puram Junction,BLR_EAST,8,6,320,12.0,1,1.0,4.0,SEVERE
Bengaluru,Central Silk Board Junction,BLR_SOUTH,18,1,211,18.0,1,1.0,4.7,SEVERE
Bengaluru,Tin Factory & K.R. Puram Junction,BLR_EAST,0,6,286,12.0,1,1.0,6.8,SEVERE
Bengaluru,Tin Factory & K.R. Puram Junction,BLR_EAST,11,5,111,12.0,1,0.5,4.0,SEVERE
Bengaluru,M.G. Road & Trinity Circle Corridor,BLR_CENTRAL,19,6,360,22.0,0,0.5,4.0,SEVERE
Bengaluru,Electronic City Elevated Expressway,BLR_SOUTH,5,2,333,48.0,1,1.0,24.8,MODERATE
Bengaluru,Goraguntepalya Tumkur Road Junction,BLR_WEST,20,1,449,24.0,0,1.0,5.7,SEVERE
Bengaluru,Central Silk Board Junction,BLR_SOUTH,15,4,361,18.0,1,1.0,8.8,SEVERE
Bengaluru,Hebbal Flyover to Airport Expressway,BLR_NORTH,0,4,351,35.0,0,0.5,8.7,SEVERE
Bengaluru,Central Silk Board Junction,BLR_SOUTH,13,2,475,18.0,1,1.0,6.7,SEVERE
Bengaluru,Outer Ring Road (Marathahalli - Bellandur),BLR_EAST,17,0,136,20.0,1,1.0,5.9,SEVERE
Bengaluru,Outer Ring Road (Marathahalli - Bellandur),BLR_EAST,5,2,231,20.0,1,1.0,12.4,HEAVY
Bengaluru,Tin Factory & K.R. Puram Junction,BLR_EAST,10,1,287,12.0,1,0.5,4.0,SEVERE
Bengaluru,Goraguntepalya Tumkur Road Junction,BLR_WEST,16,4,469,24.0,0,1.0,9.1,SEVERE
Bengaluru,Central Silk Board Junction,BLR_SOUTH,11,5,255,18.0,1,1.0,4.4,SEVERE
Bengaluru,Whitefield ITPB Main Road,BLR_EAST,8,2,283,16.0,1,1.0,4.0,SEVERE
Bengaluru,Whitefield ITPB Main Road,BLR_EAST,3,4,308,16.0,1,1.0,8.7,SEVERE
Bengaluru,Central Silk Board Junction,BLR_SOUTH,11,1,174,18.0,1,1.0,5.0,SEVERE
Bengaluru,Hebbal Flyover to Airport Expressway,BLR_NORTH,0,1,214,35.0,0,1.0,22.3,MODERATE
Bengaluru,Whitefield ITPB Main Road,BLR_EAST,6,6,171,16.0,1,1.0,10.9,HEAVY
Bengaluru,Central Silk Board Junction,BLR_SOUTH,15,2,289,18.0,1,1.0,10.1,HEAVY
Bengaluru,Central Silk Board Junction,BLR_SOUTH,0,2,63,18.0,1,1.0,14.2,HEAVY
Bengaluru,Central Silk Board Junction,BLR_SOUTH,1,2,378,18.0,1,1.0,8.5,SEVERE
Bengaluru,Central Silk Board Junction,BLR_SOUTH,5,0,570,18.0,1,1.0,5.0,SEVERE
Bengaluru,Hebbal Flyover to Airport Expressway,BLR_NORTH,10,2,460,35.0,0,0.5,4.0,SEVERE
Bengaluru,Central Silk Board Junction,BLR_SOUTH,23,0,211,18.0,1,1.0,11.5,HEAVY
Bengaluru,Central Silk Board Junction,BLR_SOUTH,8,3,499,18.0,1,1.0,4.0,SEVERE
Bengaluru,Hebbal Flyover to Airport Expressway,BLR_NORTH,5,1,541,35.0,0,1.0,10.8,HEAVY
Bengaluru,Central Silk Board Junction,BLR_SOUTH,12,3,401,18.0,1,1.0,8.1,SEVERE
Bengaluru,Electronic City Elevated Expressway,BLR_SOUTH,22,4,471,48.0,1,0.5,9.1,SEVERE
Bengaluru,Tin Factory & K.R. Puram Junction,BLR_EAST,17,3,519,12.0,1,1.0,4.0,SEVERE
Bengaluru,Outer Ring Road (Marathahalli - Bellandur),BLR_EAST,22,0,321,20.0,1,1.0,10.6,HEAVY
Bengaluru,Outer Ring Road (Marathahalli - Bellandur),BLR_EAST,13,2,567,20.0,1,1.0,5.7,SEVERE
Bengaluru,Whitefield ITPB Main Road,BLR_EAST,4,4,159,16.0,1,1.0,11.1,HEAVY
Bengaluru,Central Silk Board Junction,BLR_SOUTH,10,2,288,18.0,1,1.0,4.2,SEVERE
Bengaluru,Central Silk Board Junction,BLR_SOUTH,22,3,521,18.0,1,1.0,5.9,SEVERE
Bengaluru,M.G. Road & Trinity Circle Corridor,BLR_CENTRAL,2,1,338,22.0,0,0.5,5.6,SEVERE
Bengaluru,Outer Ring Road (Marathahalli - Bellandur),BLR_EAST,3,1,582,20.0,1,1.0,5.4,SEVERE
Bengaluru,Whitefield ITPB Main Road,BLR_EAST,0,0,238,16.0,1,0.5,4.9,SEVERE
Bengaluru,Electronic City Elevated Expressway,BLR_SOUTH,0,2,381,48.0,1,1.0,22.5,MODERATE
Bengaluru,Whitefield ITPB Main Road,BLR_EAST,7,4,182,16.0,1,1.0,10.7,HEAVY
Bengaluru,Central Silk Board Junction,BLR_SOUTH,8,2,476,18.0,1,1.0,4.0,SEVERE
Bengaluru,Goraguntepalya Tumkur Road Junction,BLR_WEST,12,6,258,24.0,0,1.0,14.2,HEAVY
Bengaluru,M.G. Road & Trinity Circle Corridor,BLR_CENTRAL,9,0,445,22.0,0,0.5,4.0,SEVERE
Bengaluru,Central Silk Board Junction,BLR_SOUTH,6,3,210,18.0,1,1.0,11.5,HEAVY
Bengaluru,Goraguntepalya Tumkur Road Junction,BLR_WEST,23,0,105,24.0,0,0.5,8.9,SEVERE
Bengaluru,Whitefield ITPB Main Road,BLR_EAST,9,0,463,16.0,1,1.0,4.0,SEVERE
Bengaluru,Whitefield ITPB Main Road,BLR_EAST,6,6,135,16.0,1,1.0,11.4,HEAVY
Bengaluru,Goraguntepalya Tumkur Road Junction,BLR_WEST,22,2,399,24.0,0,1.0,10.8,HEAVY
Bengaluru,Central Silk Board Junction,BLR_SOUTH,4,2,377,18.0,1,1.0,8.5,SEVERE
Bengaluru,Goraguntepalya Tumkur Road Junction,BLR_WEST,15,4,67,24.0,0,1.0,18.8,HEAVY
Bengaluru,Central Silk Board Junction,BLR_SOUTH,4,6,300,18.0,1,1.0,9.9,SEVERE
Bengaluru,Outer Ring Road (Marathahalli - Bellandur),BLR_EAST,8,3,555,20.0,1,1.0,4.0,SEVERE
Bengaluru,Hebbal Flyover to Airport Expressway,BLR_NORTH,22,1,525,35.0,0,1.0,11.4,HEAVY
Bengaluru,Central Silk Board Junction,BLR_SOUTH,7,5,581,18.0,1,1.0,4.8,SEVERE
Bengaluru,Goraguntepalya Tumkur Road Junction,BLR_WEST,10,0,556,24.0,0,1.0,4.2,SEVERE
Bengaluru,Outer Ring Road (Marathahalli - Bellandur),BLR_EAST,17,0,528,20.0,1,1.0,4.0,SEVERE
Bengaluru,Outer Ring Road (Marathahalli - Bellandur),BLR_EAST,14,5,280,20.0,1,1.0,11.4,HEAVY
Bengaluru,Hebbal Flyover to Airport Expressway,BLR_NORTH,10,3,514,35.0,0,0.5,4.0,SEVERE
Bengaluru,Whitefield ITPB Main Road,BLR_EAST,14,1,305,16.0,1,1.0,8.7,SEVERE
Bengaluru,Goraguntepalya Tumkur Road Junction,BLR_WEST,13,2,319,24.0,0,0.5,6.4,SEVERE
Bengaluru,Outer Ring Road (Marathahalli - Bellandur),BLR_EAST,14,6,68,20.0,1,0.5,7.8,SEVERE
Bengaluru,M.G. Road & Trinity Circle Corridor,BLR_CENTRAL,1,2,384,22.0,0,1.0,10.3,HEAVY
Bengaluru,Tin Factory & K.R. Puram Junction,BLR_EAST,14,3,316,12.0,1,1.0,6.4,SEVERE
Bengaluru,Central Silk Board Junction,BLR_SOUTH,0,5,148,18.0,1,1.0,12.6,HEAVY
Bengaluru,M.G. Road & Trinity Circle Corridor,BLR_CENTRAL,18,0,393,22.0,0,1.0,5.9,SEVERE
Bengaluru,Tin Factory & K.R. Puram Junction,BLR_EAST,12,3,579,12.0,1,1.0,4.0,SEVERE
Bengaluru,Central Silk Board Junction,BLR_SOUTH,19,6,407,18.0,1,1.0,4.0,SEVERE
Bengaluru,M.G. Road & Trinity Circle Corridor,BLR_CENTRAL,21,4,472,22.0,0,1.0,4.9,SEVERE
Bengaluru,Electronic City Elevated Expressway,BLR_SOUTH,6,6,424,48.0,1,1.0,20.4,MODERATE
Bengaluru,Goraguntepalya Tumkur Road Junction,BLR_WEST,11,2,427,24.0,0,1.0,6.0,SEVERE
Bengaluru,Whitefield ITPB Main Road,BLR_EAST,4,6,249,16.0,1,1.0,9.6,SEVERE
Bengaluru,Whitefield ITPB Main Road,BLR_EAST,11,5,571,16.0,1,0.5,4.0,SEVERE
Bengaluru,Whitefield ITPB Main Road,BLR_EAST,17,1,183,16.0,1,1.0,4.4,SEVERE
Bengaluru,Outer Ring Road (Marathahalli - Bellandur),BLR_EAST,19,3,467,20.0,1,0.5,4.0,SEVERE
Bengaluru,Hebbal Flyover to Airport Expressway,BLR_NORTH,14,5,389,35.0,0,1.0,16.1,HEAVY
Bengaluru,Hebbal Flyover to Airport Expressway,BLR_NORTH,2,0,116,35.0,0,0.5,12.8,HEAVY
Bengaluru,Tin Factory & K.R. Puram Junction,BLR_EAST,9,2,87,12.0,1,1.0,4.0,SEVERE
Bengaluru,M.G. Road & Trinity Circle Corridor,BLR_CENTRAL,17,1,581,22.0,0,1.0,4.0,SEVERE
Bengaluru,Goraguntepalya Tumkur Road Junction,BLR_WEST,7,1,317,24.0,0,1.0,12.8,HEAVY
Bengaluru,M.G. Road & Trinity Circle Corridor,BLR_CENTRAL,9,5,315,22.0,0,1.0,6.9,SEVERE
Bengaluru,Tin Factory & K.R. Puram Junction,BLR_EAST,23,5,597,12.0,1,1.0,4.0,SEVERE
Bengaluru,Electronic City Elevated Expressway,BLR_SOUTH,2,0,256,48.0,1,1.0,28.5,MODERATE
Bengaluru,Outer Ring Road (Marathahalli - Bellandur),BLR_EAST,7,1,422,20.0,1,0.5,4.3,SEVERE
Bengaluru,Electronic City Elevated Expressway,BLR_SOUTH,21,6,102,48.0,1,1.0,14.8,HEAVY
Bengaluru,Electronic City Elevated Expressway,BLR_SOUTH,13,4,593,48.0,1,1.0,12.3,HEAVY
Bengaluru,Goraguntepalya Tumkur Road Junction,BLR_WEST,17,0,179,24.0,0,1.0,9.5,SEVERE
Bengaluru,Goraguntepalya Tumkur Road Junction,BLR_WEST,6,1,525,24.0,0,1.0,7.8,SEVERE
Bengaluru,Electronic City Elevated Expressway,BLR_SOUTH,12,0,392,48.0,1,0.5,11.0,HEAVY
Bengaluru,Outer Ring Road (Marathahalli - Bellandur),BLR_EAST,11,3,579,20.0,1,0.5,4.0,SEVERE
Bengaluru,Electronic City Elevated Expressway,BLR_SOUTH,11,4,595,48.0,1,0.5,4.0,SEVERE
Bengaluru,Whitefield ITPB Main Road,BLR_EAST,8,6,410,16.0,1,1.0,4.0,SEVERE
Bengaluru,M.G. Road & Trinity Circle Corridor,BLR_CENTRAL,2,0,544,22.0,0,1.0,6.7,SEVERE
Bengaluru,Hebbal Flyover to Airport Expressway,BLR_NORTH,23,3,88,35.0,0,0.5,13.3,HEAVY
Bengaluru,M.G. Road & Trinity Circle Corridor,BLR_CENTRAL,12,3,131,22.0,0,1.0,15.8,HEAVY
Bengaluru,Whitefield ITPB Main Road,BLR_EAST,0,3,396,16.0,1,1.0,7.3,SEVERE
Bengaluru,Whitefield ITPB Main Road,BLR_EAST,14,6,429,16.0,1,0.5,4.0,SEVERE
Bengaluru,Outer Ring Road (Marathahalli - Bellandur),BLR_EAST,10,2,435,20.0,1,1.0,4.0,SEVERE
Bengaluru,Whitefield ITPB Main Road,BLR_EAST,5,4,153,16.0,1,0.5,5.6,SEVERE
Bengaluru,Hebbal Flyover to Airport Expressway,BLR_NORTH,21,2,367,35.0,0,0.5,5.0,SEVERE
Bengaluru,Electronic City Elevated Expressway,BLR_SOUTH,2,6,567,48.0,1,1.0,13.6,HEAVY
Bengaluru,Hebbal Flyover to Airport Expressway,BLR_NORTH,20,1,477,35.0,0,1.0,7.7,SEVERE
Bengaluru,Tin Factory & K.R. Puram Junction,BLR_EAST,7,2,269,12.0,1,0.5,4.0,SEVERE
Bengaluru,Whitefield ITPB Main Road,BLR_EAST,4,0,164,16.0,1,1.0,11.0,HEAVY
Bengaluru,Electronic City Elevated Expressway,BLR_SOUTH,22,4,164,48.0,1,1.0,32.9,LOW
Bengaluru,Tin Factory & K.R. Puram Junction,BLR_EAST,10,5,70,12.0,1,0.5,4.0,SEVERE
Bengaluru,Goraguntepalya Tumkur Road Junction,BLR_WEST,23,5,520,24.0,0,1.0,7.9,SEVERE
Bengaluru,M.G. Road & Trinity Circle Corridor,BLR_CENTRAL,8,2,91,22.0,0,1.0,9.8,SEVERE
Bengaluru,Outer Ring Road (Marathahalli - Bellandur),BLR_EAST,17,0,375,20.0,1,1.0,4.0,SEVERE
Bengaluru,Tin Factory & K.R. Puram Junction,BLR_EAST,22,1,289,12.0,1,1.0,6.7,SEVERE
Bengaluru,Outer Ring Road (Marathahalli - Bellandur),BLR_EAST,14,2,497,20.0,1,1.0,7.1,SEVERE
Bengaluru,Tin Factory & K.R. Puram Junction,BLR_EAST,8,3,236,12.0,1,1.0,4.0,SEVERE
Bengaluru,Outer Ring Road (Marathahalli - Bellandur),BLR_EAST,4,3,152,20.0,1,1.0,14.0,HEAVY
Bengaluru,Outer Ring Road (Marathahalli - Bellandur),BLR_EAST,20,0,589,20.0,1,1.0,4.0,SEVERE
Bengaluru,Goraguntepalya Tumkur Road Junction,BLR_WEST,21,3,133,24.0,0,1.0,10.1,HEAVY
Bengaluru,Whitefield ITPB Main Road,BLR_EAST,0,1,488,16.0,1,1.0,5.8,SEVERE
Bengaluru,Whitefield ITPB Main Road,BLR_EAST,22,6,124,16.0,1,1.0,11.6,HEAVY
Bengaluru,Whitefield ITPB Main Road,BLR_EAST,7,1,129,16.0,1,1.0,11.5,HEAVY
Bengaluru,Central Silk Board Junction,BLR_SOUTH,17,4,281,18.0,1,1.0,4.2,SEVERE
Bengaluru,Hebbal Flyover to Airport Expressway,BLR_NORTH,19,3,396,35.0,0,1.0,9.3,SEVERE
Bengaluru,Electronic City Elevated Expressway,BLR_SOUTH,5,4,567,48.0,1,1.0,13.6,HEAVY
Bengaluru,Goraguntepalya Tumkur Road Junction,BLR_WEST,13,2,306,24.0,0,1.0,13.1,HEAVY
Bengaluru,Electronic City Elevated Expressway,BLR_SOUTH,4,6,345,48.0,1,1.0,24.2,MODERATE
Bengaluru,Electronic City Elevated Expressway,BLR_SOUTH,12,1,362,48.0,1,1.0,23.4,MODERATE
Bengaluru,M.G. Road & Trinity Circle Corridor,BLR_CENTRAL,22,2,542,22.0,0,0.5,4.0,SEVERE
Bengaluru,Whitefield ITPB Main Road,BLR_EAST,21,2,522,16.0,1,1.0,4.0,SEVERE
Bengaluru,Electronic City Elevated Expressway,BLR_SOUTH,16,1,90,48.0,1,1.0,36.5,LOW
Bengaluru,Goraguntepalya Tumkur Road Junction,BLR_WEST,15,1,593,24.0,0,0.5,4.0,SEVERE
Bengaluru,Goraguntepalya Tumkur Road Junction,BLR_WEST,19,5,314,24.0,0,0.5,4.0,SEVERE
Bengaluru,Tin Factory & K.R. Puram Junction,BLR_EAST,3,2,495,12.0,1,1.0,4.3,SEVERE
Bengaluru,Hebbal Flyover to Airport Expressway,BLR_NORTH,21,3,411,35.0,0,0.5,4.5,SEVERE
Bengaluru,M.G. Road & Trinity Circle Corridor,BLR_CENTRAL,14,3,583,22.0,0,0.5,4.0,SEVERE
Bengaluru,Hebbal Flyover to Airport Expressway,BLR_NORTH,2,4,517,35.0,0,1.0,11.7,HEAVY
Bengaluru,Hebbal Flyover to Airport Expressway,BLR_NORTH,17,1,244,35.0,0,0.5,6.2,SEVERE
Bengaluru,M.G. Road & Trinity Circle Corridor,BLR_CENTRAL,19,4,328,22.0,0,1.0,6.8,SEVERE
Bengaluru,M.G. Road & Trinity Circle Corridor,BLR_CENTRAL,23,0,553,22.0,0,0.5,4.0,SEVERE
Bengaluru,Outer Ring Road (Marathahalli - Bellandur),BLR_EAST,13,5,218,20.0,1,1.0,12.6,HEAVY
Bengaluru,Outer Ring Road (Marathahalli - Bellandur),BLR_EAST,8,6,143,20.0,1,1.0,5.8,SEVERE
Bengaluru,Tin Factory & K.R. Puram Junction,BLR_EAST,11,1,106,12.0,1,0.5,4.0,SEVERE
Bengaluru,Outer Ring Road (Marathahalli - Bellandur),BLR_EAST,7,6,544,20.0,1,1.0,6.1,SEVERE
Bengaluru,Hebbal Flyover to Airport Expressway,BLR_NORTH,1,1,474,35.0,0,1.0,13.2,HEAVY
Bengaluru,Outer Ring Road (Marathahalli - Bellandur),BLR_EAST,1,1,554,20.0,1,1.0,5.9,SEVERE
Bengaluru,Electronic City Elevated Expressway,BLR_SOUTH,22,6,145,48.0,1,1.0,33.8,LOW
Bengaluru,M.G. Road & Trinity Circle Corridor,BLR_CENTRAL,3,4,537,22.0,0,1.0,6.9,SEVERE
Bengaluru,Tin Factory & K.R. Puram Junction,BLR_EAST,13,0,194,12.0,1,0.5,4.0,SEVERE
Bengaluru,Tin Factory & K.R. Puram Junction,BLR_EAST,0,2,370,12.0,1,1.0,5.8,SEVERE
Bengaluru,M.G. Road & Trinity Circle Corridor,BLR_CENTRAL,22,4,166,22.0,0,1.0,15.0,HEAVY
Bengaluru,Hebbal Flyover to Airport Expressway,BLR_NORTH,9,3,533,35.0,0,1.0,6.5,SEVERE
Bengaluru,Central Silk Board Junction,BLR_SOUTH,8,6,211,18.0,1,1.0,4.7,SEVERE
Bengaluru,Central Silk Board Junction,BLR_SOUTH,3,6,255,18.0,1,1.0,10.7,HEAVY
Bengaluru,Outer Ring Road (Marathahalli - Bellandur),BLR_EAST,21,0,97,20.0,1,1.0,6.2,SEVERE
Bengaluru,Tin Factory & K.R. Puram Junction,BLR_EAST,0,1,540,12.0,1,1.0,4.0,SEVERE
Bengaluru,Goraguntepalya Tumkur Road Junction,BLR_WEST,17,0,219,24.0,0,1.0,8.9,SEVERE
Bengaluru,Hebbal Flyover to Airport Expressway,BLR_NORTH,21,6,505,35.0,0,1.0,7.1,SEVERE
Bengaluru,Hebbal Flyover to Airport Expressway,BLR_NORTH,9,3,304,35.0,0,1.0,11.2,HEAVY
Bengaluru,Central Silk Board Junction,BLR_SOUTH,20,0,278,18.0,1,1.0,4.2,SEVERE
Bengaluru,Central Silk Board Junction,BLR_SOUTH,13,6,572,18.0,1,1.0,5.0,SEVERE
Bengaluru,Tin Factory & K.R. Puram Junction,BLR_EAST,4,5,88,12.0,1,1.0,9.1,SEVERE
Bengaluru,M.G. Road & Trinity Circle Corridor,BLR_CENTRAL,7,2,234,22.0,0,1.0,13.6,HEAVY
Bengaluru,Hebbal Flyover to Airport Expressway,BLR_NORTH,15,0,570,35.0,0,0.5,4.9,SEVERE
Bengaluru,Goraguntepalya Tumkur Road Junction,BLR_WEST,6,5,153,24.0,0,0.5,8.4,SEVERE
Bengaluru,M.G. Road & Trinity Circle Corridor,BLR_CENTRAL,19,3,325,22.0,0,0.5,4.0,SEVERE
Bengaluru,Tin Factory & K.R. Puram Junction,BLR_EAST,23,2,367,12.0,1,1.0,5.8,SEVERE
Bengaluru,Central Silk Board Junction,BLR_SOUTH,4,1,443,18.0,1,1.0,7.3,SEVERE
Bengaluru,Central Silk Board Junction,BLR_SOUTH,18,0,513,18.0,1,1.0,4.0,SEVERE
Bengaluru,Outer Ring Road (Marathahalli - Bellandur),BLR_EAST,13,4,214,20.0,1,1.0,12.7,HEAVY
Bengaluru,Whitefield ITPB Main Road,BLR_EAST,21,5,232,16.0,1,1.0,4.1,SEVERE
Bengaluru,Goraguntepalya Tumkur Road Junction,BLR_WEST,18,1,296,24.0,0,1.0,7.8,SEVERE
Bengaluru,M.G. Road & Trinity Circle Corridor,BLR_CENTRAL,20,1,414,22.0,0,1.0,5.6,SEVERE
Bengaluru,Electronic City Elevated Expressway,BLR_SOUTH,2,0,419,48.0,1,1.0,20.7,MODERATE
Bengaluru,Hebbal Flyover to Airport Expressway,BLR_NORTH,4,2,322,35.0,0,0.5,9.2,SEVERE
Bengaluru,Tin Factory & K.R. Puram Junction,BLR_EAST,4,1,375,12.0,1,1.0,5.7,SEVERE
Bengaluru,Goraguntepalya Tumkur Road Junction,BLR_WEST,5,0,600,24.0,0,0.5,4.0,SEVERE
Bengaluru,Electronic City Elevated Expressway,BLR_SOUTH,13,3,232,48.0,1,1.0,29.7,MODERATE
Bengaluru,Electronic City Elevated Expressway,BLR_SOUTH,21,3,330,48.0,1,1.0,10.3,HEAVY
Bengaluru,Outer Ring Road (Marathahalli - Bellandur),BLR_EAST,8,3,279,20.0,1,1.0,4.7,SEVERE
Bengaluru,Tin Factory & K.R. Puram Junction,BLR_EAST,9,0,453,12.0,1,1.0,4.0,SEVERE
Bengaluru,M.G. Road & Trinity Circle Corridor,BLR_CENTRAL,16,0,455,22.0,0,1.0,8.7,SEVERE
Bengaluru,Hebbal Flyover to Airport Expressway,BLR_NORTH,3,3,391,35.0,0,1.0,16.1,HEAVY
Bengaluru,Whitefield ITPB Main Road,BLR_EAST,16,0,315,16.0,1,0.5,4.3,SEVERE
Bengaluru,Goraguntepalya Tumkur Road Junction,BLR_WEST,8,0,127,24.0,0,1.0,10.2,HEAVY
Bengaluru,Whitefield ITPB Main Road,BLR_EAST,4,6,495,16.0,1,0.5,4.0,SEVERE
Bengaluru,Central Silk Board Junction,BLR_SOUTH,12,5,237,18.0,1,1.0,11.0,HEAVY
Bengaluru,Electronic City Elevated Expressway,BLR_SOUTH,6,2,532,48.0,1,0.5,7.6,SEVERE
Bengaluru,M.G. Road & Trinity Circle Corridor,BLR_CENTRAL,22,1,233,22.0,0,0.5,6.8,SEVERE
Bengaluru,Goraguntepalya Tumkur Road Junction,BLR_WEST,18,0,88,24.0,0,0.5,5.4,SEVERE
Bengaluru,Central Silk Board Junction,BLR_SOUTH,15,1,525,18.0,1,1.0,5.8,SEVERE
Bengaluru,Tin Factory & K.R. Puram Junction,BLR_EAST,2,6,333,12.0,1,1.0,6.2,SEVERE
Bengaluru,Goraguntepalya Tumkur Road Junction,BLR_WEST,13,6,570,24.0,0,1.0,6.7,SEVERE
Bengaluru,M.G. Road & Trinity Circle Corridor,BLR_CENTRAL,1,1,151,22.0,0,1.0,15.4,HEAVY
Bengaluru,Goraguntepalya Tumkur Road Junction,BLR_WEST,6,4,560,24.0,0,1.0,7.0,SEVERE
Bengaluru,Central Silk Board Junction,BLR_SOUTH,16,3,567,18.0,1,0.5,4.0,SEVERE
Bengaluru,Hebbal Flyover to Airport Expressway,BLR_NORTH,6,6,566,35.0,0,1.0,9.9,SEVERE
Bengaluru,Hebbal Flyover to Airport Expressway,BLR_NORTH,20,3,470,35.0,0,1.0,7.8,SEVERE
Bengaluru,Whitefield ITPB Main Road,BLR_EAST,20,5,198,16.0,1,1.0,4.3,SEVERE
Bengaluru,Whitefield ITPB Main Road,BLR_EAST,18,4,170,16.0,1,1.0,4.5,SEVERE
Bengaluru,Hebbal Flyover to Airport Expressway,BLR_NORTH,20,5,219,35.0,0,1.0,13.0,HEAVY
Bengaluru,Tin Factory & K.R. Puram Junction,BLR_EAST,3,0,516,12.0,1,1.0,4.0,SEVERE
Bengaluru,Electronic City Elevated Expressway,BLR_SOUTH,4,1,491,48.0,1,1.0,17.2,HEAVY
Bengaluru,Whitefield ITPB Main Road,BLR_EAST,1,4,554,16.0,1,1.0,4.7,SEVERE
Bengaluru,Outer Ring Road (Marathahalli - Bellandur),BLR_EAST,11,5,120,20.0,1,1.0,6.0,SEVERE
Bengaluru,Outer Ring Road (Marathahalli - Bellandur),BLR_EAST,13,5,529,20.0,1,1.0,6.4,SEVERE
Bengaluru,Whitefield ITPB Main Road,BLR_EAST,22,4,519,16.0,1,1.0,5.3,SEVERE
Bengaluru,Outer Ring Road (Marathahalli - Bellandur),BLR_EAST,10,1,568,20.0,1,1.0,4.0,SEVERE
Bengaluru,Tin Factory & K.R. Puram Junction,BLR_EAST,1,4,101,12.0,1,1.0,9.0,SEVERE
Bengaluru,Electronic City Elevated Expressway,BLR_SOUTH,4,4,216,48.0,1,0.5,15.2,HEAVY
Bengaluru,Hebbal Flyover to Airport Expressway,BLR_NORTH,4,6,464,35.0,0,0.5,6.8,SEVERE
Bengaluru,Outer Ring Road (Marathahalli - Bellandur),BLR_EAST,4,4,428,20.0,1,1.0,8.4,SEVERE
Bengaluru,M.G. Road & Trinity Circle Corridor,BLR_CENTRAL,9,1,549,22.0,0,1.0,4.0,SEVERE
Bengaluru,Hebbal Flyover to Airport Expressway,BLR_NORTH,6,4,268,35.0,0,1.0,20.4,MODERATE
Bengaluru,M.G. Road & Trinity Circle Corridor,BLR_CENTRAL,5,2,289,22.0,0,1.0,12.3,HEAVY
Bengaluru,Hebbal Flyover to Airport Expressway,BLR_NORTH,1,6,199,35.0,0,1.0,22.8,MODERATE
Bengaluru,Whitefield ITPB Main Road,BLR_EAST,1,6,485,16.0,1,1.0,5.8,SEVERE
Bengaluru,Hebbal Flyover to Airport Expressway,BLR_NORTH,22,1,432,35.0,0,0.5,7.3,SEVERE
Bengaluru,Outer Ring Road (Marathahalli - Bellandur),BLR_EAST,14,1,308,20.0,1,1.0,10.8,HEAVY
Bengaluru,M.G. Road & Trinity Circle Corridor,BLR_CENTRAL,23,2,188,22.0,0,1.0,14.6,HEAVY
Bengaluru,Central Silk Board Junction,BLR_SOUTH,16,2,165,18.0,1,1.0,12.3,HEAVY
Bengaluru,Goraguntepalya Tumkur Road Junction,BLR_WEST,0,2,570,24.0,0,1.0,6.7,SEVERE
Bengaluru,Goraguntepalya Tumkur Road Junction,BLR_WEST,17,5,570,24.0,0,1.0,4.0,SEVERE
Bengaluru,Electronic City Elevated Expressway,BLR_SOUTH,1,2,435,48.0,1,1.0,19.9,HEAVY
Bengaluru,Central Silk Board Junction,BLR_SOUTH,10,0,591,18.0,1,1.0,4.0,SEVERE
Bengaluru,Hebbal Flyover to Airport Expressway,BLR_NORTH,20,1,171,35.0,0,1.0,14.0,HEAVY
Bengaluru,Tin Factory & K.R. Puram Junction,BLR_EAST,12,3,525,12.0,1,1.0,4.0,SEVERE
Bengaluru,Tin Factory & K.R. Puram Junction,BLR_EAST,6,0,469,12.0,1,0.5,4.0,SEVERE
Bengaluru,Electronic City Elevated Expressway,BLR_SOUTH,23,0,374,48.0,1,1.0,22.8,MODERATE
Bengaluru,Electronic City Elevated Expressway,BLR_SOUTH,9,4,144,48.0,1,1.0,14.0,HEAVY
Bengaluru,Goraguntepalya Tumkur Road Junction,BLR_WEST,0,3,381,24.0,0,1.0,11.3,HEAVY
Bengaluru,Central Silk Board Junction,BLR_SOUTH,7,3,323,18.0,1,1.0,9.5,SEVERE
Bengaluru,Whitefield ITPB Main Road,BLR_EAST,21,2,514,16.0,1,1.0,4.0,SEVERE
Bengaluru,Electronic City Elevated Expressway,BLR_SOUTH,0,6,163,48.0,1,1.0,33.0,LOW
Bengaluru,Electronic City Elevated Expressway,BLR_SOUTH,0,4,265,48.0,1,1.0,28.1,MODERATE
Bengaluru,M.G. Road & Trinity Circle Corridor,BLR_CENTRAL,21,2,287,22.0,0,1.0,7.3,SEVERE
Bengaluru,Tin Factory & K.R. Puram Junction,BLR_EAST,19,0,460,12.0,1,1.0,4.0,SEVERE
Bengaluru,Outer Ring Road (Marathahalli - Bellandur),BLR_EAST,8,3,531,20.0,1,1.0,4.0,SEVERE
Bengaluru,Electronic City Elevated Expressway,BLR_SOUTH,22,5,279,48.0,1,0.5,13.7,HEAVY
Bengaluru,Outer Ring Road (Marathahalli - Bellandur),BLR_EAST,11,3,492,20.0,1,1.0,4.0,SEVERE
Bengaluru,Whitefield ITPB Main Road,BLR_EAST,17,2,98,16.0,1,1.0,5.0,SEVERE
Bengaluru,Goraguntepalya Tumkur Road Junction,BLR_WEST,7,5,61,24.0,0,1.0,18.9,HEAVY
Bengaluru,Whitefield ITPB Main Road,BLR_EAST,0,6,423,16.0,1,1.0,6.8,SEVERE
Bengaluru,Outer Ring Road (Marathahalli - Bellandur),BLR_EAST,2,3,292,20.0,1,1.0,11.2,HEAVY
Bengaluru,Goraguntepalya Tumkur Road Junction,BLR_WEST,23,3,437,24.0,0,1.0,9.9,SEVERE
Bengaluru,Whitefield ITPB Main Road,BLR_EAST,1,5,346,16.0,1,0.5,4.0,SEVERE
Bengaluru,M.G. Road & Trinity Circle Corridor,BLR_CENTRAL,13,0,532,22.0,0,1.0,7.0,SEVERE
Bengaluru,M.G. Road & Trinity Circle Corridor,BLR_CENTRAL,17,5,519,22.0,0,1.0,4.3,SEVERE
Bengaluru,Outer Ring Road (Marathahalli - Bellandur),BLR_EAST,7,5,372,20.0,1,1.0,9.6,SEVERE
Bengaluru,Hebbal Flyover to Airport Expressway,BLR_NORTH,22,3,438,35.0,0,1.0,14.4,HEAVY
Bengaluru,Central Silk Board Junction,BLR_SOUTH,18,1,297,18.0,1,1.0,4.1,SEVERE
Bengaluru,Whitefield ITPB Main Road,BLR_EAST,12,4,351,16.0,1,1.0,8.0,SEVERE
Bengaluru,Goraguntepalya Tumkur Road Junction,BLR_WEST,2,4,187,24.0,0,0.5,8.0,SEVERE
Bengaluru,Central Silk Board Junction,BLR_SOUTH,2,0,92,18.0,1,1.0,13.6,HEAVY
Bengaluru,M.G. Road & Trinity Circle Corridor,BLR_CENTRAL,5,4,64,22.0,0,1.0,17.3,HEAVY
Bengaluru,Whitefield ITPB Main Road,BLR_EAST,4,2,212,16.0,1,1.0,10.2,HEAVY
Bengaluru,Goraguntepalya Tumkur Road Junction,BLR_WEST,22,6,465,24.0,0,1.0,9.2,SEVERE
Bengaluru,Central Silk Board Junction,BLR_SOUTH,23,4,447,18.0,1,1.0,7.3,SEVERE
Bengaluru,Central Silk Board Junction,BLR_SOUTH,15,5,79,18.0,1,1.0,13.9,HEAVY
Bengaluru,Central Silk Board Junction,BLR_SOUTH,7,0,531,18.0,1,0.5,4.0,SEVERE
Bengaluru,Central Silk Board Junction,BLR_SOUTH,21,6,520,18.0,1,1.0,4.0,SEVERE
Bengaluru,Central Silk Board Junction,BLR_SOUTH,13,2,154,18.0,1,1.0,12.5,HEAVY
Bengaluru,Goraguntepalya Tumkur Road Junction,BLR_WEST,0,4,253,24.0,0,1.0,14.3,HEAVY
Bengaluru,Central Silk Board Junction,BLR_SOUTH,7,5,328,18.0,1,1.0,9.4,SEVERE
Bengaluru,M.G. Road & Trinity Circle Corridor,BLR_CENTRAL,20,4,372,22.0,0,1.0,6.2,SEVERE
Bengaluru,M.G. Road & Trinity Circle Corridor,BLR_CENTRAL,22,6,183,22.0,0,1.0,14.7,HEAVY
Bengaluru,Central Silk Board Junction,BLR_SOUTH,19,0,274,18.0,1,1.0,4.3,SEVERE
Bengaluru,Outer Ring Road (Marathahalli - Bellandur),BLR_EAST,1,3,303,20.0,1,1.0,10.9,HEAVY
Bengaluru,Electronic City Elevated Expressway,BLR_SOUTH,0,1,84,48.0,1,1.0,36.8,LOW
Bengaluru,Goraguntepalya Tumkur Road Junction,BLR_WEST,16,2,68,24.0,0,0.5,9.4,SEVERE
Bengaluru,Tin Factory & K.R. Puram Junction,BLR_EAST,23,3,338,12.0,1,1.0,6.1,SEVERE
Bengaluru,M.G. Road & Trinity Circle Corridor,BLR_CENTRAL,21,2,535,22.0,0,1.0,4.1,SEVERE
Bengaluru,Outer Ring Road (Marathahalli - Bellandur),BLR_EAST,18,3,410,20.0,1,1.0,4.0,SEVERE
Bengaluru,Electronic City Elevated Expressway,BLR_SOUTH,15,3,120,48.0,1,1.0,35.0,LOW
Bengaluru,Outer Ring Road (Marathahalli - Bellandur),BLR_EAST,18,4,64,20.0,1,0.5,4.0,SEVERE
Bengaluru,Whitefield ITPB Main Road,BLR_EAST,14,4,590,16.0,1,1.0,4.2,SEVERE
Bengaluru,Whitefield ITPB Main Road,BLR_EAST,6,5,278,16.0,1,1.0,9.2,SEVERE
Bengaluru,Goraguntepalya Tumkur Road Junction,BLR_WEST,18,6,310,24.0,0,1.0,7.6,SEVERE
Bengaluru,Hebbal Flyover to Airport Expressway,BLR_NORTH,22,4,177,35.0,0,1.0,23.6,MODERATE
Bengaluru,Hebbal Flyover to Airport Expressway,BLR_NORTH,1,6,405,35.0,0,1.0,15.6,HEAVY
Bengaluru,Hebbal Flyover to Airport Expressway,BLR_NORTH,12,5,293,35.0,0,0.5,9.7,SEVERE
Bengaluru,M.G. Road & Trinity Circle Corridor,BLR_CENTRAL,20,6,89,22.0,0,1.0,9.8,SEVERE
Bengaluru,Outer Ring Road (Marathahalli - Bellandur),BLR_EAST,4,5,114,20.0,1,0.5,7.4,SEVERE
Bengaluru,Hebbal Flyover to Airport Expressway,BLR_NORTH,10,3,375,35.0,0,1.0,9.8,SEVERE
Bengaluru,Tin Factory & K.R. Puram Junction,BLR_EAST,23,4,245,12.0,1,1.0,7.3,SEVERE
Bengaluru,Whitefield ITPB Main Road,BLR_EAST,3,4,91,16.0,1,1.0,12.1,HEAVY
Bengaluru,Goraguntepalya Tumkur Road Junction,BLR_WEST,5,3,379,24.0,0,1.0,11.3,HEAVY
Bengaluru,Hebbal Flyover to Airport Expressway,BLR_NORTH,19,0,304,35.0,0,0.5,5.6,SEVERE
Bengaluru,Hebbal Flyover to Airport Expressway,BLR_NORTH,3,6,307,35.0,0,0.5,9.5,SEVERE
Bengaluru,Central Silk Board Junction,BLR_SOUTH,22,6,285,18.0,1,1.0,10.2,HEAVY
Bengaluru,Tin Factory & K.R. Puram Junction,BLR_EAST,11,1,280,12.0,1,1.0,4.0,SEVERE
Bengaluru,M.G. Road & Trinity Circle Corridor,BLR_CENTRAL,22,4,114,22.0,0,1.0,16.2,HEAVY
Bengaluru,Electronic City Elevated Expressway,BLR_SOUTH,0,5,540,48.0,1,1.0,14.9,HEAVY
Bengaluru,Goraguntepalya Tumkur Road Junction,BLR_WEST,19,2,502,24.0,0,1.0,4.9,SEVERE
Bengaluru,Goraguntepalya Tumkur Road Junction,BLR_WEST,5,1,340,24.0,0,1.0,12.2,HEAVY
Bengaluru,Outer Ring Road (Marathahalli - Bellandur),BLR_EAST,18,4,265,20.0,1,1.0,4.8,SEVERE
Bengaluru,Goraguntepalya Tumkur Road Junction,BLR_WEST,23,5,239,24.0,0,1.0,14.7,HEAVY
Bengaluru,Electronic City Elevated Expressway,BLR_SOUTH,15,4,264,48.0,1,1.0,28.1,MODERATE
Bengaluru,Goraguntepalya Tumkur Road Junction,BLR_WEST,1,0,516,24.0,0,1.0,8.0,SEVERE
Bengaluru,Electronic City Elevated Expressway,BLR_SOUTH,12,4,146,48.0,1,0.5,16.9,HEAVY
Bengaluru,Whitefield ITPB Main Road,BLR_EAST,19,5,477,16.0,1,1.0,4.0,SEVERE
Bengaluru,M.G. Road & Trinity Circle Corridor,BLR_CENTRAL,13,3,473,22.0,0,0.5,4.1,SEVERE
Bengaluru,Whitefield ITPB Main Road,BLR_EAST,22,1,508,16.0,1,1.0,5.5,SEVERE
Bengaluru,Outer Ring Road (Marathahalli - Bellandur),BLR_EAST,9,2,438,20.0,1,1.0,4.0,SEVERE
Bengaluru,Goraguntepalya Tumkur Road Junction,BLR_WEST,3,0,252,24.0,0,1.0,14.4,HEAVY
Bengaluru,Central Silk Board Junction,BLR_SOUTH,11,0,527,18.0,1,1.0,4.0,SEVERE
Bengaluru,Electronic City Elevated Expressway,BLR_SOUTH,1,2,169,48.0,1,1.0,32.7,LOW
Bengaluru,Outer Ring Road (Marathahalli - Bellandur),BLR_EAST,6,3,430,20.0,1,1.0,8.4,SEVERE
Bengaluru,Tin Factory & K.R. Puram Junction,BLR_EAST,1,6,99,12.0,1,1.0,9.0,SEVERE
Bengaluru,Hebbal Flyover to Airport Expressway,BLR_NORTH,17,3,505,35.0,0,1.0,7.1,SEVERE
Bengaluru,Tin Factory & K.R. Puram Junction,BLR_EAST,12,0,403,12.0,1,1.0,5.4,SEVERE
Bengaluru,Goraguntepalya Tumkur Road Junction,BLR_WEST,15,1,527,24.0,0,1.0,7.8,SEVERE
Bengaluru,Central Silk Board Junction,BLR_SOUTH,5,0,420,18.0,1,1.0,7.7,SEVERE
Bengaluru,Hebbal Flyover to Airport Expressway,BLR_NORTH,4,3,61,35.0,0,0.5,13.8,HEAVY
Bengaluru,Outer Ring Road (Marathahalli - Bellandur),BLR_EAST,11,0,426,20.0,1,1.0,4.0,SEVERE
Bengaluru,Outer Ring Road (Marathahalli - Bellandur),BLR_EAST,17,5,468,20.0,1,1.0,4.0,SEVERE
Bengaluru,M.G. Road & Trinity Circle Corridor,BLR_CENTRAL,2,6,296,22.0,0,1.0,12.2,HEAVY
Bengaluru,Hebbal Flyover to Airport Expressway,BLR_NORTH,15,1,300,35.0,0,0.5,9.6,SEVERE
Bengaluru,Hebbal Flyover to Airport Expressway,BLR_NORTH,8,4,412,35.0,0,1.0,9.0,SEVERE
Bengaluru,Central Silk Board Junction,BLR_SOUTH,13,1,577,18.0,1,0.5,4.0,SEVERE
Bengaluru,Goraguntepalya Tumkur Road Junction,BLR_WEST,17,4,514,24.0,0,1.0,4.7,SEVERE
Bengaluru,Central Silk Board Junction,BLR_SOUTH,4,3,288,18.0,1,1.0,10.1,HEAVY
Bengaluru,Hebbal Flyover to Airport Expressway,BLR_NORTH,4,3,367,35.0,0,1.0,16.9,HEAVY
Bengaluru,Whitefield ITPB Main Road,BLR_EAST,9,0,166,16.0,1,1.0,4.5,SEVERE
Bengaluru,Electronic City Elevated Expressway,BLR_SOUTH,22,4,388,48.0,1,1.0,22.2,MODERATE
Bengaluru,Outer Ring Road (Marathahalli - Bellandur),BLR_EAST,17,5,340,20.0,1,1.0,4.2,SEVERE
Bengaluru,Hebbal Flyover to Airport Expressway,BLR_NORTH,2,6,249,35.0,0,1.0,21.0,MODERATE
Bengaluru,Central Silk Board Junction,BLR_SOUTH,21,0,397,18.0,1,1.0,4.0,SEVERE
Bengaluru,Goraguntepalya Tumkur Road Junction,BLR_WEST,21,0,552,24.0,0,0.5,4.0,SEVERE
Bengaluru,Hebbal Flyover to Airport Expressway,BLR_NORTH,14,2,348,35.0,0,1.0,17.6,HEAVY
Bengaluru,Outer Ring Road (Marathahalli - Bellandur),BLR_EAST,0,2,338,20.0,1,1.0,10.2,HEAVY
Bengaluru,Central Silk Board Junction,BLR_SOUTH,5,4,401,18.0,1,1.0,8.1,SEVERE
Bengaluru,Outer Ring Road (Marathahalli - Bellandur),BLR_EAST,4,5,297,20.0,1,1.0,11.1,HEAVY
Bengaluru,Outer Ring Road (Marathahalli - Bellandur),BLR_EAST,0,0,392,20.0,1,1.0,9.2,SEVERE
Bengaluru,Outer Ring Road (Marathahalli - Bellandur),BLR_EAST,16,3,383,20.0,1,1.0,9.3,SEVERE
Bengaluru,Tin Factory & K.R. Puram Junction,BLR_EAST,11,2,596,12.0,1,1.0,4.0,SEVERE
Bengaluru,Hebbal Flyover to Airport Expressway,BLR_NORTH,4,2,144,35.0,0,0.5,12.4,HEAVY
Bengaluru,Electronic City Elevated Expressway,BLR_SOUTH,8,2,105,48.0,1,1.0,14.7,HEAVY
Bengaluru,Electronic City Elevated Expressway,BLR_SOUTH,10,1,575,48.0,1,1.0,5.4,SEVERE
Bengaluru,Whitefield ITPB Main Road,BLR_EAST,0,2,309,16.0,1,0.5,4.3,SEVERE
Bengaluru,Goraguntepalya Tumkur Road Junction,BLR_WEST,3,0,482,24.0,0,1.0,8.8,SEVERE
Bengaluru,Hebbal Flyover to Airport Expressway,BLR_NORTH,11,5,351,35.0,0,1.0,10.3,HEAVY
Bengaluru,M.G. Road & Trinity Circle Corridor,BLR_CENTRAL,6,1,160,22.0,0,1.0,15.2,HEAVY
Bengaluru,M.G. Road & Trinity Circle Corridor,BLR_CENTRAL,0,3,443,22.0,0,0.5,4.5,SEVERE
Bengaluru,M.G. Road & Trinity Circle Corridor,BLR_CENTRAL,3,4,297,22.0,0,1.0,12.2,HEAVY
Bengaluru,Goraguntepalya Tumkur Road Junction,BLR_WEST,13,4,520,24.0,0,1.0,7.9,SEVERE
Bengaluru,Goraguntepalya Tumkur Road Junction,BLR_WEST,5,6,490,24.0,0,1.0,8.6,SEVERE
Bengaluru,Central Silk Board Junction,BLR_SOUTH,14,0,310,18.0,1,1.0,9.7,SEVERE
Bengaluru,M.G. Road & Trinity Circle Corridor,BLR_CENTRAL,23,4,113,22.0,0,1.0,16.2,HEAVY
Bengaluru,Whitefield ITPB Main Road,BLR_EAST,4,3,462,16.0,1,1.0,6.2,SEVERE
Bengaluru,Outer Ring Road (Marathahalli - Bellandur),BLR_EAST,19,6,179,20.0,1,1.0,5.5,SEVERE
Bengaluru,Central Silk Board Junction,BLR_SOUTH,20,0,98,18.0,1,1.0,5.6,SEVERE
Bengaluru,Tin Factory & K.R. Puram Junction,BLR_EAST,3,3,384,12.0,1,0.5,4.0,SEVERE
Bengaluru,Tin Factory & K.R. Puram Junction,BLR_EAST,20,4,326,12.0,1,1.0,4.0,SEVERE
Bengaluru,Goraguntepalya Tumkur Road Junction,BLR_WEST,11,2,430,24.0,0,1.0,5.9,SEVERE
Bengaluru,M.G. Road & Trinity Circle Corridor,BLR_CENTRAL,21,2,86,22.0,0,1.0,9.9,SEVERE
Bengaluru,Hebbal Flyover to Airport Expressway,BLR_NORTH,15,5,431,35.0,0,0.5,7.3,SEVERE
Bengaluru,M.G. Road & Trinity Circle Corridor,BLR_CENTRAL,9,3,126,22.0,0,1.0,9.4,SEVERE
Bengaluru,Central Silk Board Junction,BLR_SOUTH,14,3,258,18.0,1,0.5,5.3,SEVERE
Bengaluru,Central Silk Board Junction,BLR_SOUTH,17,0,263,18.0,1,1.0,4.4,SEVERE
Bengaluru,Tin Factory & K.R. Puram Junction,BLR_EAST,9,1,444,12.0,1,1.0,4.0,SEVERE
Bengaluru,Central Silk Board Junction,BLR_SOUTH,14,2,100,18.0,1,1.0,13.5,HEAVY
Bengaluru,Whitefield ITPB Main Road,BLR_EAST,0,6,262,16.0,1,1.0,9.4,SEVERE
Bengaluru,M.G. Road & Trinity Circle Corridor,BLR_CENTRAL,7,3,346,22.0,0,1.0,11.1,HEAVY
Bengaluru,Whitefield ITPB Main Road,BLR_EAST,20,1,372,16.0,1,1.0,4.0,SEVERE
Bengaluru,Tin Factory & K.R. Puram Junction,BLR_EAST,22,6,476,12.0,1,1.0,4.5,SEVERE
Bengaluru,Central Silk Board Junction,BLR_SOUTH,4,6,286,18.0,1,1.0,10.2,HEAVY
Bengaluru,Goraguntepalya Tumkur Road Junction,BLR_WEST,3,0,358,24.0,0,1.0,11.8,HEAVY
Bengaluru,Goraguntepalya Tumkur Road Junction,BLR_WEST,5,1,514,24.0,0,1.0,8.1,SEVERE
Bengaluru,Tin Factory & K.R. Puram Junction,BLR_EAST,10,3,411,12.0,1,1.0,4.0,SEVERE
Bengaluru,Outer Ring Road (Marathahalli - Bellandur),BLR_EAST,2,4,74,20.0,1,1.0,15.5,HEAVY
Bengaluru,Whitefield ITPB Main Road,BLR_EAST,10,0,313,16.0,1,1.0,4.0,SEVERE
Bengaluru,Central Silk Board Junction,BLR_SOUTH,7,0,520,18.0,1,1.0,5.9,SEVERE
Bengaluru,Goraguntepalya Tumkur Road Junction,BLR_WEST,8,3,561,24.0,0,1.0,4.1,SEVERE
Bengaluru,Tin Factory & K.R. Puram Junction,BLR_EAST,19,1,410,12.0,1,0.5,4.0,SEVERE
Bengaluru,Hebbal Flyover to Airport Expressway,BLR_NORTH,20,3,584,35.0,0,1.0,5.5,SEVERE
Bengaluru,Central Silk Board Junction,BLR_SOUTH,17,1,231,18.0,1,1.0,4.6,SEVERE
Bengaluru,Outer Ring Road (Marathahalli - Bellandur),BLR_EAST,21,0,101,20.0,1,1.0,6.2,SEVERE
Bengaluru,Tin Factory & K.R. Puram Junction,BLR_EAST,17,1,437,12.0,1,1.0,4.0,SEVERE
Bengaluru,Tin Factory & K.R. Puram Junction,BLR_EAST,8,4,111,12.0,1,1.0,4.0,SEVERE
Bengaluru,Goraguntepalya Tumkur Road Junction,BLR_WEST,19,2,346,24.0,0,1.0,7.1,SEVERE
Bengaluru,Central Silk Board Junction,BLR_SOUTH,5,5,208,18.0,1,1.0,11.6,HEAVY
Bengaluru,M.G. Road & Trinity Circle Corridor,BLR_CENTRAL,5,3,306,22.0,0,1.0,12.0,HEAVY
Bengaluru,Tin Factory & K.R. Puram Junction,BLR_EAST,17,3,328,12.0,1,1.0,4.0,SEVERE
Bengaluru,Outer Ring Road (Marathahalli - Bellandur),BLR_EAST,7,2,404,20.0,1,1.0,8.9,SEVERE
Bengaluru,Whitefield ITPB Main Road,BLR_EAST,15,6,580,16.0,1,1.0,4.3,SEVERE
Bengaluru,M.G. Road & Trinity Circle Corridor,BLR_CENTRAL,6,0,536,22.0,0,1.0,6.9,SEVERE
Bengaluru,Tin Factory & K.R. Puram Junction,BLR_EAST,13,2,526,12.0,1,1.0,4.0,SEVERE
Bengaluru,Electronic City Elevated Expressway,BLR_SOUTH,10,5,291,48.0,1,0.5,5.5,SEVERE
Bengaluru,Central Silk Board Junction,BLR_SOUTH,23,1,481,18.0,1,1.0,6.6,SEVERE
Bengaluru,Central Silk Board Junction,BLR_SOUTH,7,6,239,18.0,1,1.0,11.0,HEAVY
Bengaluru,Hebbal Flyover to Airport Expressway,BLR_NORTH,1,3,206,35.0,0,1.0,22.5,MODERATE
Bengaluru,Goraguntepalya Tumkur Road Junction,BLR_WEST,9,6,298,24.0,0,1.0,7.8,SEVERE
Bengaluru,Electronic City Elevated Expressway,BLR_SOUTH,21,2,494,48.0,1,1.0,7.0,SEVERE
Bengaluru,Electronic City Elevated Expressway,BLR_SOUTH,4,0,127,48.0,1,1.0,34.7,LOW
Bengaluru,Goraguntepalya Tumkur Road Junction,BLR_WEST,11,2,223,24.0,0,1.0,8.9,SEVERE
Bengaluru,M.G. Road & Trinity Circle Corridor,BLR_CENTRAL,10,6,330,22.0,0,1.0,6.7,SEVERE
Bengaluru,M.G. Road & Trinity Circle Corridor,BLR_CENTRAL,2,6,512,22.0,0,0.5,4.0,SEVERE
Bengaluru,M.G. Road & Trinity Circle Corridor,BLR_CENTRAL,3,5,124,22.0,0,1.0,16.0,HEAVY
Bengaluru,Tin Factory & K.R. Puram Junction,BLR_EAST,16,0,85,12.0,1,1.0,9.2,SEVERE
Bengaluru,Tin Factory & K.R. Puram Junction,BLR_EAST,23,6,511,12.0,1,0.5,4.0,SEVERE
Bengaluru,Tin Factory & K.R. Puram Junction,BLR_EAST,22,6,520,12.0,1,0.5,4.0,SEVERE
Bengaluru,Tin Factory & K.R. Puram Junction,BLR_EAST,5,0,328,12.0,1,0.5,4.0,SEVERE
Bengaluru,Central Silk Board Junction,BLR_SOUTH,4,4,283,18.0,1,0.5,5.1,SEVERE
Bengaluru,Tin Factory & K.R. Puram Junction,BLR_EAST,2,0,398,12.0,1,0.5,4.0,SEVERE
Bengaluru,Tin Factory & K.R. Puram Junction,BLR_EAST,4,6,154,12.0,1,0.5,4.2,SEVERE
Bengaluru,Whitefield ITPB Main Road,BLR_EAST,19,4,300,16.0,1,1.0,4.0,SEVERE
Bengaluru,Central Silk Board Junction,BLR_SOUTH,14,6,213,18.0,1,0.5,5.7,SEVERE
Bengaluru,Whitefield ITPB Main Road,BLR_EAST,9,5,455,16.0,1,0.5,4.0,SEVERE
Bengaluru,Outer Ring Road (Marathahalli - Bellandur),BLR_EAST,0,1,457,20.0,1,1.0,7.9,SEVERE
Bengaluru,Goraguntepalya Tumkur Road Junction,BLR_WEST,3,0,478,24.0,0,1.0,8.9,SEVERE
Bengaluru,Outer Ring Road (Marathahalli - Bellandur),BLR_EAST,3,2,153,20.0,1,0.5,7.0,SEVERE
Bengaluru,Hebbal Flyover to Airport Expressway,BLR_NORTH,15,5,288,35.0,0,0.5,9.8,SEVERE
Bengaluru,Whitefield ITPB Main Road,BLR_EAST,8,5,515,16.0,1,1.0,4.0,SEVERE
Bengaluru,Whitefield ITPB Main Road,BLR_EAST,21,1,503,16.0,1,1.0,4.0,SEVERE
Bengaluru,M.G. Road & Trinity Circle Corridor,BLR_CENTRAL,7,1,349,22.0,0,1.0,11.0,HEAVY
Bengaluru,Tin Factory & K.R. Puram Junction,BLR_EAST,6,0,533,12.0,1,1.0,4.0,SEVERE
Bengaluru,Whitefield ITPB Main Road,BLR_EAST,13,6,551,16.0,1,1.0,4.8,SEVERE
Bengaluru,Hebbal Flyover to Airport Expressway,BLR_NORTH,15,3,98,35.0,0,1.0,26.3,MODERATE
Bengaluru,Whitefield ITPB Main Road,BLR_EAST,4,4,430,16.0,1,1.0,6.7,SEVERE
Bengaluru,M.G. Road & Trinity Circle Corridor,BLR_CENTRAL,23,6,600,22.0,0,0.5,4.0,SEVERE
Bengaluru,Electronic City Elevated Expressway,BLR_SOUTH,23,5,385,48.0,1,1.0,22.3,MODERATE
Bengaluru,M.G. Road & Trinity Circle Corridor,BLR_CENTRAL,11,6,331,22.0,0,1.0,6.7,SEVERE
Bengaluru,Tin Factory & K.R. Puram Junction,BLR_EAST,3,1,211,12.0,1,1.0,7.7,SEVERE
Bengaluru,Hebbal Flyover to Airport Expressway,BLR_NORTH,12,6,97,35.0,0,1.0,26.4,MODERATE
Bengaluru,Electronic City Elevated Expressway,BLR_SOUTH,14,4,118,48.0,1,1.0,35.1,LOW
Bengaluru,Outer Ring Road (Marathahalli - Bellandur),BLR_EAST,22,0,105,20.0,1,1.0,14.9,HEAVY
Bengaluru,Outer Ring Road (Marathahalli - Bellandur),BLR_EAST,11,6,546,20.0,1,1.0,4.0,SEVERE
Bengaluru,Central Silk Board Junction,BLR_SOUTH,14,3,431,18.0,1,1.0,7.5,SEVERE
Bengaluru,Hebbal Flyover to Airport Expressway,BLR_NORTH,1,4,338,35.0,0,0.5,9.0,SEVERE
Bengaluru,Tin Factory & K.R. Puram Junction,BLR_EAST,9,5,294,12.0,1,1.0,4.0,SEVERE
Bengaluru,Tin Factory & K.R. Puram Junction,BLR_EAST,13,5,509,12.0,1,1.0,4.1,SEVERE
Bengaluru,Whitefield ITPB Main Road,BLR_EAST,7,3,525,16.0,1,1.0,5.2,SEVERE
Bengaluru,Hebbal Flyover to Airport Expressway,BLR_NORTH,9,5,85,35.0,0,1.0,15.8,HEAVY
Bengaluru,Hebbal Flyover to Airport Expressway,BLR_NORTH,11,1,390,35.0,0,1.0,9.5,SEVERE
Bengaluru,Hebbal Flyover to Airport Expressway,BLR_NORTH,4,4,272,35.0,0,1.0,20.2,MODERATE
Bengaluru,Goraguntepalya Tumkur Road Junction,BLR_WEST,16,0,199,24.0,0,1.0,15.6,HEAVY
Bengaluru,Tin Factory & K.R. Puram Junction,BLR_EAST,1,2,93,12.0,1,1.0,9.1,SEVERE
Bengaluru,Outer Ring Road (Marathahalli - Bellandur),BLR_EAST,16,6,549,20.0,1,1.0,6.0,SEVERE
Bengaluru,Goraguntepalya Tumkur Road Junction,BLR_WEST,16,2,304,24.0,0,1.0,13.1,HEAVY
Bengaluru,Outer Ring Road (Marathahalli - Bellandur),BLR_EAST,13,3,172,20.0,1,1.0,13.6,HEAVY
Bengaluru,Electronic City Elevated Expressway,BLR_SOUTH,1,5,160,48.0,1,1.0,33.1,LOW
Bengaluru,Hebbal Flyover to Airport Expressway,BLR_NORTH,0,6,589,35.0,0,1.0,9.1,SEVERE
Bengaluru,Tin Factory & K.R. Puram Junction,BLR_EAST,7,4,111,12.0,1,1.0,8.9,SEVERE
Bengaluru,Hebbal Flyover to Airport Expressway,BLR_NORTH,4,1,163,35.0,0,0.5,12.0,HEAVY
Bengaluru,M.G. Road & Trinity Circle Corridor,BLR_CENTRAL,21,2,554,22.0,0,0.5,4.0,SEVERE
Bengaluru,Goraguntepalya Tumkur Road Junction,BLR_WEST,23,2,444,24.0,0,1.0,9.7,SEVERE
Bengaluru,Whitefield ITPB Main Road,BLR_EAST,17,1,258,16.0,1,1.0,4.0,SEVERE
Bengaluru,Hebbal Flyover to Airport Expressway,BLR_NORTH,22,6,199,35.0,0,1.0,22.8,MODERATE
Bengaluru,Hebbal Flyover to Airport Expressway,BLR_NORTH,9,0,525,35.0,0,0.5,4.0,SEVERE
Bengaluru,Hebbal Flyover to Airport Expressway,BLR_NORTH,16,3,188,35.0,0,1.0,23.2,MODERATE
Bengaluru,Hebbal Flyover to Airport Expressway,BLR_NORTH,18,4,279,35.0,0,1.0,11.8,HEAVY
Bengaluru,Hebbal Flyover to Airport Expressway,BLR_NORTH,8,1,406,35.0,0,1.0,9.1,SEVERE
Bengaluru,Goraguntepalya Tumkur Road Junction,BLR_WEST,13,4,411,24.0,0,1.0,10.5,HEAVY
Bengaluru,Hebbal Flyover to Airport Expressway,BLR_NORTH,17,3,414,35.0,0,1.0,9.0,SEVERE
Bengaluru,Whitefield ITPB Main Road,BLR_EAST,16,2,168,16.0,1,0.5,5.5,SEVERE
Bengaluru,Whitefield ITPB Main Road,BLR_EAST,7,4,343,16.0,1,1.0,8.1,SEVERE
Bengaluru,M.G. Road & Trinity Circle Corridor,BLR_CENTRAL,15,0,441,22.0,0,0.5,4.5,SEVERE
Bengaluru,M.G. Road & Trinity Circle Corridor,BLR_CENTRAL,7,3,85,22.0,0,1.0,16.8,HEAVY
Bengaluru,Outer Ring Road (Marathahalli - Bellandur),BLR_EAST,15,1,106,20.0,1,1.0,14.9,HEAVY
Bengaluru,Outer Ring Road (Marathahalli - Bellandur),BLR_EAST,19,5,371,20.0,1,1.0,4.0,SEVERE
Bengaluru,Outer Ring Road (Marathahalli - Bellandur),BLR_EAST,22,4,186,20.0,1,1.0,13.3,HEAVY
Bengaluru,Tin Factory & K.R. Puram Junction,BLR_EAST,4,1,426,12.0,1,1.0,5.1,SEVERE
Bengaluru,Outer Ring Road (Marathahalli - Bellandur),BLR_EAST,10,1,96,20.0,1,1.0,6.2,SEVERE
Bengaluru,Electronic City Elevated Expressway,BLR_SOUTH,17,3,222,48.0,1,1.0,12.4,HEAVY
Bengaluru,Outer Ring Road (Marathahalli - Bellandur),BLR_EAST,9,2,372,20.0,1,1.0,4.0,SEVERE
Bengaluru,Whitefield ITPB Main Road,BLR_EAST,2,3,323,16.0,1,1.0,8.4,SEVERE
Bengaluru,M.G. Road & Trinity Circle Corridor,BLR_CENTRAL,14,6,485,22.0,0,1.0,8.0,SEVERE
Bengaluru,Hebbal Flyover to Airport Expressway,BLR_NORTH,8,4,561,35.0,0,1.0,5.9,SEVERE
Bengaluru,Central Silk Board Junction,BLR_SOUTH,13,5,196,18.0,1,1.0,11.8,HEAVY
Bengaluru,Tin Factory & K.R. Puram Junction,BLR_EAST,15,4,244,12.0,1,1.0,7.3,SEVERE
Bengaluru,Tin Factory & K.R. Puram Junction,BLR_EAST,20,5,571,12.0,1,1.0,4.0,SEVERE
Bengaluru,Goraguntepalya Tumkur Road Junction,BLR_WEST,7,1,555,24.0,0,1.0,7.1,SEVERE
Bengaluru,Outer Ring Road (Marathahalli - Bellandur),BLR_EAST,6,5,73,20.0,1,0.5,7.8,SEVERE
Bengaluru,M.G. Road & Trinity Circle Corridor,BLR_CENTRAL,18,1,382,22.0,0,1.0,6.1,SEVERE
Bengaluru,Hebbal Flyover to Airport Expressway,BLR_NORTH,22,5,112,35.0,0,1.0,25.8,MODERATE
Bengaluru,Whitefield ITPB Main Road,BLR_EAST,12,6,580,16.0,1,0.5,4.0,SEVERE
Bengaluru,Tin Factory & K.R. Puram Junction,BLR_EAST,21,2,599,12.0,1,0.5,4.0,SEVERE
Bengaluru,Electronic City Elevated Expressway,BLR_SOUTH,4,1,581,48.0,1,1.0,12.9,HEAVY
Bengaluru,Electronic City Elevated Expressway,BLR_SOUTH,17,6,80,48.0,1,0.5,7.6,SEVERE
Bengaluru,M.G. Road & Trinity Circle Corridor,BLR_CENTRAL,1,5,429,22.0,0,0.5,4.6,SEVERE
Bengaluru,Goraguntepalya Tumkur Road Junction,BLR_WEST,18,0,425,24.0,0,1.0,6.0,SEVERE
Bengaluru,Electronic City Elevated Expressway,BLR_SOUTH,21,0,374,48.0,1,1.0,9.4,SEVERE
Bengaluru,Central Silk Board Junction,BLR_SOUTH,8,2,479,18.0,1,1.0,4.0,SEVERE
Bengaluru,Tin Factory & K.R. Puram Junction,BLR_EAST,6,4,334,12.0,1,1.0,6.2,SEVERE
Bengaluru,Whitefield ITPB Main Road,BLR_EAST,7,3,324,16.0,1,1.0,8.4,SEVERE
Bengaluru,Outer Ring Road (Marathahalli - Bellandur),BLR_EAST,3,2,230,20.0,1,1.0,12.4,HEAVY
Bengaluru,Outer Ring Road (Marathahalli - Bellandur),BLR_EAST,5,5,500,20.0,1,1.0,7.0,SEVERE
Bengaluru,Electronic City Elevated Expressway,BLR_SOUTH,17,1,237,48.0,1,1.0,12.1,HEAVY
Bengaluru,Electronic City Elevated Expressway,BLR_SOUTH,6,5,490,48.0,1,0.5,8.6,SEVERE
Bengaluru,Goraguntepalya Tumkur Road Junction,BLR_WEST,10,5,100,24.0,0,1.0,10.6,HEAVY
Bengaluru,Goraguntepalya Tumkur Road Junction,BLR_WEST,3,6,349,24.0,0,1.0,12.0,HEAVY
Bengaluru,Whitefield ITPB Main Road,BLR_EAST,7,4,85,16.0,1,1.0,12.2,HEAVY
Bengaluru,M.G. Road & Trinity Circle Corridor,BLR_CENTRAL,6,5,451,22.0,0,1.0,8.8,SEVERE
Bengaluru,Goraguntepalya Tumkur Road Junction,BLR_WEST,22,6,311,24.0,0,1.0,12.9,HEAVY
Bengaluru,Hebbal Flyover to Airport Expressway,BLR_NORTH,3,2,459,35.0,0,1.0,13.7,HEAVY
Bengaluru,M.G. Road & Trinity Circle Corridor,BLR_CENTRAL,7,4,205,22.0,0,1.0,14.2,HEAVY
Bengaluru,Hebbal Flyover to Airport Expressway,BLR_NORTH,13,4,338,35.0,0,1.0,17.9,HEAVY
Bengaluru,Electronic City Elevated Expressway,BLR_SOUTH,4,3,448,48.0,1,1.0,19.3,HEAVY
Bengaluru,Electronic City Elevated Expressway,BLR_SOUTH,20,2,155,48.0,1,1.0,13.7,HEAVY
Bengaluru,Central Silk Board Junction,BLR_SOUTH,22,0,417,18.0,1,1.0,7.8,SEVERE
Bengaluru,Hebbal Flyover to Airport Expressway,BLR_NORTH,20,3,330,35.0,0,1.0,10.7,HEAVY
Bengaluru,Electronic City Elevated Expressway,BLR_SOUTH,15,2,213,48.0,1,0.5,15.3,HEAVY
Bengaluru,Central Silk Board Junction,BLR_SOUTH,11,2,396,18.0,1,1.0,4.0,SEVERE
Bengaluru,Hebbal Flyover to Airport Expressway,BLR_NORTH,4,5,372,35.0,0,0.5,8.4,SEVERE
Bengaluru,Tin Factory & K.R. Puram Junction,BLR_EAST,21,0,186,12.0,1,1.0,4.0,SEVERE
Bengaluru,Central Silk Board Junction,BLR_SOUTH,14,2,353,18.0,1,0.5,4.5,SEVERE
Bengaluru,Goraguntepalya Tumkur Road Junction,BLR_WEST,15,4,549,24.0,0,1.0,7.2,SEVERE
Bengaluru,M.G. Road & Trinity Circle Corridor,BLR_CENTRAL,19,5,122,22.0,0,1.0,9.4,SEVERE
Bengaluru,M.G. Road & Trinity Circle Corridor,BLR_CENTRAL,13,2,494,22.0,0,0.5,4.0,SEVERE
Bengaluru,Goraguntepalya Tumkur Road Junction,BLR_WEST,5,3,412,24.0,0,1.0,10.5,HEAVY
Bengaluru,Central Silk Board Junction,BLR_SOUTH,18,0,86,18.0,1,1.0,5.7,SEVERE
Bengaluru,Goraguntepalya Tumkur Road Junction,BLR_WEST,22,4,414,24.0,0,1.0,10.5,HEAVY
Bengaluru,Central Silk Board Junction,BLR_SOUTH,1,1,478,18.0,1,1.0,6.7,SEVERE
Bengaluru,Central Silk Board Junction,BLR_SOUTH,21,0,196,18.0,1,1.0,4.8,SEVERE
Bengaluru,Goraguntepalya Tumkur Road Junction,BLR_WEST,13,3,239,24.0,0,1.0,14.7,HEAVY
Bengaluru,Outer Ring Road (Marathahalli - Bellandur),BLR_EAST,2,0,389,20.0,1,0.5,4.6,SEVERE
Bengaluru,Goraguntepalya Tumkur Road Junction,BLR_WEST,8,2,331,24.0,0,1.0,7.3,SEVERE
Bengaluru,Whitefield ITPB Main Road,BLR_EAST,9,5,232,16.0,1,1.0,4.1,SEVERE
Bengaluru,Whitefield ITPB Main Road,BLR_EAST,7,5,154,16.0,1,1.0,11.1,HEAVY
Bengaluru,Goraguntepalya Tumkur Road Junction,BLR_WEST,14,5,592,24.0,0,1.0,6.2,SEVERE
Bengaluru,Central Silk Board Junction,BLR_SOUTH,5,4,146,18.0,1,1.0,12.7,HEAVY
Bengaluru,Hebbal Flyover to Airport Expressway,BLR_NORTH,22,0,331,35.0,0,1.0,18.2,HEAVY
Bengaluru,Electronic City Elevated Expressway,BLR_SOUTH,6,4,133,48.0,1,1.0,34.4,LOW
Bengaluru,Hebbal Flyover to Airport Expressway,BLR_NORTH,20,4,356,35.0,0,1.0,10.2,HEAVY
Bengaluru,Whitefield ITPB Main Road,BLR_EAST,20,0,578,16.0,1,0.5,4.0,SEVERE
Bengaluru,Tin Factory & K.R. Puram Junction,BLR_EAST,7,3,110,12.0,1,1.0,8.9,SEVERE
Bengaluru,Tin Factory & K.R. Puram Junction,BLR_EAST,2,0,290,12.0,1,1.0,6.7,SEVERE
Bengaluru,Hebbal Flyover to Airport Expressway,BLR_NORTH,8,4,184,35.0,0,0.5,6.9,SEVERE
Bengaluru,Outer Ring Road (Marathahalli - Bellandur),BLR_EAST,3,4,141,20.0,1,1.0,14.2,HEAVY
Bengaluru,Hebbal Flyover to Airport Expressway,BLR_NORTH,12,4,521,35.0,0,1.0,11.5,HEAVY
Bengaluru,Hebbal Flyover to Airport Expressway,BLR_NORTH,13,6,313,35.0,0,1.0,18.8,HEAVY
Bengaluru,Hebbal Flyover to Airport Expressway,BLR_NORTH,19,6,352,35.0,0,1.0,10.3,HEAVY
Bengaluru,Hebbal Flyover to Airport Expressway,BLR_NORTH,1,0,176,35.0,0,1.0,23.6,MODERATE
Bengaluru,Outer Ring Road (Marathahalli - Bellandur),BLR_EAST,14,1,561,20.0,1,1.0,5.8,SEVERE
Bengaluru,Electronic City Elevated Expressway,BLR_SOUTH,13,0,333,48.0,1,1.0,24.8,MODERATE
Bengaluru,Goraguntepalya Tumkur Road Junction,BLR_WEST,5,4,176,24.0,0,1.0,16.2,HEAVY
Bengaluru,Hebbal Flyover to Airport Expressway,BLR_NORTH,22,5,453,35.0,0,1.0,13.9,HEAVY
Bengaluru,Electronic City Elevated Expressway,BLR_SOUTH,23,3,274,48.0,1,1.0,27.6,MODERATE
Bengaluru,Tin Factory & K.R. Puram Junction,BLR_EAST,20,5,124,12.0,1,1.0,4.0,SEVERE
Bengaluru,Goraguntepalya Tumkur Road Junction,BLR_WEST,4,4,153,24.0,0,1.0,16.7,HEAVY
Bengaluru,Whitefield ITPB Main Road,BLR_EAST,2,1,512,16.0,1,1.0,5.4,SEVERE
Bengaluru,M.G. Road & Trinity Circle Corridor,BLR_CENTRAL,0,1,346,22.0,0,1.0,11.1,HEAVY
Bengaluru,M.G. Road & Trinity Circle Corridor,BLR_CENTRAL,4,4,174,22.0,0,1.0,14.9,HEAVY
Bengaluru,Whitefield ITPB Main Road,BLR_EAST,14,0,332,16.0,1,1.0,8.3,SEVERE
Bengaluru,Central Silk Board Junction,BLR_SOUTH,17,5,184,18.0,1,1.0,4.9,SEVERE
Bengaluru,Tin Factory & K.R. Puram Junction,BLR_EAST,13,4,311,12.0,1,0.5,4.0,SEVERE
Bengaluru,Whitefield ITPB Main Road,BLR_EAST,2,0,351,16.0,1,1.0,8.0,SEVERE
Bengaluru,Outer Ring Road (Marathahalli - Bellandur),BLR_EAST,14,1,555,20.0,1,0.5,4.0,SEVERE
Bengaluru,Tin Factory & K.R. Puram Junction,BLR_EAST,9,0,493,12.0,1,1.0,4.0,SEVERE
Bengaluru,Goraguntepalya Tumkur Road Junction,BLR_WEST,16,1,216,24.0,0,1.0,15.2,HEAVY
Bengaluru,Tin Factory & K.R. Puram Junction,BLR_EAST,9,4,262,12.0,1,1.0,4.0,SEVERE
Bengaluru,Central Silk Board Junction,BLR_SOUTH,15,0,235,18.0,1,0.5,5.5,SEVERE
Bengaluru,Outer Ring Road (Marathahalli - Bellandur),BLR_EAST,6,2,525,20.0,1,0.5,4.0,SEVERE
Bengaluru,Goraguntepalya Tumkur Road Junction,BLR_WEST,21,6,429,24.0,0,1.0,5.9,SEVERE
Bengaluru,Outer Ring Road (Marathahalli - Bellandur),BLR_EAST,20,3,215,20.0,1,1.0,5.2,SEVERE
Bengaluru,Hebbal Flyover to Airport Expressway,BLR_NORTH,12,4,84,35.0,0,1.0,26.8,MODERATE
Bengaluru,Goraguntepalya Tumkur Road Junction,BLR_WEST,0,6,535,24.0,0,1.0,7.6,SEVERE
Bengaluru,Tin Factory & K.R. Puram Junction,BLR_EAST,8,4,599,12.0,1,1.0,4.0,SEVERE
Bengaluru,Central Silk Board Junction,BLR_SOUTH,3,3,429,18.0,1,1.0,7.6,SEVERE
Bengaluru,Outer Ring Road (Marathahalli - Bellandur),BLR_EAST,6,5,217,20.0,1,1.0,12.7,HEAVY
Bengaluru,M.G. Road & Trinity Circle Corridor,BLR_CENTRAL,3,3,498,22.0,0,1.0,7.7,SEVERE
Bengaluru,Tin Factory & K.R. Puram Junction,BLR_EAST,3,2,100,12.0,1,1.0,9.0,SEVERE
Bengaluru,M.G. Road & Trinity Circle Corridor,BLR_CENTRAL,20,4,326,22.0,0,1.0,6.8,SEVERE
Bengaluru,Electronic City Elevated Expressway,BLR_SOUTH,16,3,531,48.0,1,1.0,15.3,HEAVY
Bengaluru,Electronic City Elevated Expressway,BLR_SOUTH,9,1,130,48.0,1,1.0,14.2,HEAVY
Bengaluru,Hebbal Flyover to Airport Expressway,BLR_NORTH,20,2,465,35.0,0,1.0,7.9,SEVERE
Bengaluru,Tin Factory & K.R. Puram Junction,BLR_EAST,18,2,393,12.0,1,1.0,4.0,SEVERE
Bengaluru,Hebbal Flyover to Airport Expressway,BLR_NORTH,18,2,73,35.0,0,1.0,16.0,HEAVY
Bengaluru,Whitefield ITPB Main Road,BLR_EAST,9,3,252,16.0,1,0.5,4.0,SEVERE
Bengaluru,Whitefield ITPB Main Road,BLR_EAST,18,6,578,16.0,1,1.0,4.0,SEVERE
Bengaluru,M.G. Road & Trinity Circle Corridor,BLR_CENTRAL,6,4,159,22.0,0,1.0,15.2,HEAVY
Bengaluru,Electronic City Elevated Expressway,BLR_SOUTH,6,6,375,48.0,1,1.0,22.8,MODERATE
Bengaluru,Central Silk Board Junction,BLR_SOUTH,19,4,171,18.0,1,1.0,5.0,SEVERE
Bengaluru,Central Silk Board Junction,BLR_SOUTH,13,1,190,18.0,1,1.0,11.9,HEAVY
Bengaluru,Whitefield ITPB Main Road,BLR_EAST,14,5,384,16.0,1,1.0,7.5,SEVERE
Bengaluru,Whitefield ITPB Main Road,BLR_EAST,11,3,387,16.0,1,1.0,4.0,SEVERE
Bengaluru,Goraguntepalya Tumkur Road Junction,BLR_WEST,13,6,121,24.0,0,1.0,17.5,HEAVY
Bengaluru,Tin Factory & K.R. Puram Junction,BLR_EAST,3,4,284,12.0,1,1.0,6.8,SEVERE
Bengaluru,Goraguntepalya Tumkur Road Junction,BLR_WEST,3,1,227,24.0,0,1.0,15.0,HEAVY
Bengaluru,Tin Factory & K.R. Puram Junction,BLR_EAST,19,4,393,12.0,1,1.0,4.0,SEVERE
Bengaluru,M.G. Road & Trinity Circle Corridor,BLR_CENTRAL,21,2,533,22.0,0,0.5,4.0,SEVERE
Bengaluru,Electronic City Elevated Expressway,BLR_SOUTH,2,1,263,48.0,1,1.0,28.2,MODERATE
Bengaluru,Outer Ring Road (Marathahalli - Bellandur),BLR_EAST,14,3,161,20.0,1,1.0,13.8,HEAVY
Bengaluru,M.G. Road & Trinity Circle Corridor,BLR_CENTRAL,15,6,536,22.0,0,1.0,6.9,SEVERE
Bengaluru,Outer Ring Road (Marathahalli - Bellandur),BLR_EAST,6,1,600,20.0,1,1.0,5.0,SEVERE
Bengaluru,M.G. Road & Trinity Circle Corridor,BLR_CENTRAL,12,5,574,22.0,0,1.0,6.1,SEVERE
Bengaluru,Whitefield ITPB Main Road,BLR_EAST,19,6,360,16.0,1,1.0,4.0,SEVERE
Bengaluru,Tin Factory & K.R. Puram Junction,BLR_EAST,3,0,133,12.0,1,1.0,8.6,SEVERE
Bengaluru,Outer Ring Road (Marathahalli - Bellandur),BLR_EAST,19,6,578,20.0,1,0.5,4.0,SEVERE
Bengaluru,Tin Factory & K.R. Puram Junction,BLR_EAST,8,6,212,12.0,1,1.0,4.0,SEVERE
Bengaluru,Whitefield ITPB Main Road,BLR_EAST,23,1,95,16.0,1,1.0,12.1,HEAVY
Bengaluru,M.G. Road & Trinity Circle Corridor,BLR_CENTRAL,8,5,359,22.0,0,1.0,6.4,SEVERE
Bengaluru,Electronic City Elevated Expressway,BLR_SOUTH,11,5,364,48.0,1,0.5,4.8,SEVERE
Bengaluru,Electronic City Elevated Expressway,BLR_SOUTH,13,6,364,48.0,1,1.0,23.3,MODERATE
Bengaluru,Outer Ring Road (Marathahalli - Bellandur),BLR_EAST,22,6,261,20.0,1,1.0,11.8,HEAVY
Bengaluru,Electronic City Elevated Expressway,BLR_SOUTH,20,6,570,48.0,1,0.5,4.0,SEVERE
Bengaluru,Electronic City Elevated Expressway,BLR_SOUTH,4,2,522,48.0,1,1.0,15.7,HEAVY
Bengaluru,Central Silk Board Junction,BLR_SOUTH,21,0,188,18.0,1,0.5,4.0,SEVERE
Bengaluru,M.G. Road & Trinity Circle Corridor,BLR_CENTRAL,13,2,598,22.0,0,0.5,4.0,SEVERE
Bengaluru,Tin Factory & K.R. Puram Junction,BLR_EAST,10,4,219,12.0,1,1.0,4.0,SEVERE
Bengaluru,Goraguntepalya Tumkur Road Junction,BLR_WEST,6,2,267,24.0,0,1.0,14.0,HEAVY
Bengaluru,M.G. Road & Trinity Circle Corridor,BLR_CENTRAL,16,0,571,22.0,0,1.0,6.1,SEVERE
Bengaluru,Whitefield ITPB Main Road,BLR_EAST,1,5,363,16.0,1,1.0,7.8,SEVERE
Bengaluru,Outer Ring Road (Marathahalli - Bellandur),BLR_EAST,4,2,351,20.0,1,0.5,5.0,SEVERE
Bengaluru,Whitefield ITPB Main Road,BLR_EAST,19,6,375,16.0,1,1.0,4.0,SEVERE
Bengaluru,M.G. Road & Trinity Circle Corridor,BLR_CENTRAL,16,3,384,22.0,0,0.5,5.1,SEVERE
Bengaluru,Electronic City Elevated Expressway,BLR_SOUTH,4,0,242,48.0,1,1.0,29.2,MODERATE
Bengaluru,Outer Ring Road (Marathahalli - Bellandur),BLR_EAST,18,0,516,20.0,1,0.5,4.0,SEVERE
Bengaluru,Whitefield ITPB Main Road,BLR_EAST,17,5,103,16.0,1,1.0,4.9,SEVERE
Bengaluru,Whitefield ITPB Main Road,BLR_EAST,14,4,544,16.0,1,1.0,4.9,SEVERE
Bengaluru,Goraguntepalya Tumkur Road Junction,BLR_WEST,16,3,421,24.0,0,0.5,5.1,SEVERE
Bengaluru,Electronic City Elevated Expressway,BLR_SOUTH,23,4,278,48.0,1,1.0,27.5,MODERATE
Bengaluru,Outer Ring Road (Marathahalli - Bellandur),BLR_EAST,19,3,113,20.0,1,0.5,4.0,SEVERE
Bengaluru,Tin Factory & K.R. Puram Junction,BLR_EAST,13,3,244,12.0,1,1.0,7.3,SEVERE
Bengaluru,Electronic City Elevated Expressway,BLR_SOUTH,4,5,79,48.0,1,1.0,37.0,LOW
Bengaluru,Goraguntepalya Tumkur Road Junction,BLR_WEST,15,3,260,24.0,0,1.0,14.2,HEAVY
Bengaluru,Electronic City Elevated Expressway,BLR_SOUTH,23,3,471,48.0,1,0.5,9.1,SEVERE
Bengaluru,Tin Factory & K.R. Puram Junction,BLR_EAST,19,4,589,12.0,1,1.0,4.0,SEVERE
Bengaluru,Tin Factory & K.R. Puram Junction,BLR_EAST,14,1,581,12.0,1,0.5,4.0,SEVERE
Bengaluru,Electronic City Elevated Expressway,BLR_SOUTH,12,2,505,48.0,1,1.0,16.6,HEAVY
Bengaluru,Central Silk Board Junction,BLR_SOUTH,8,1,173,18.0,1,0.5,4.0,SEVERE
Bengaluru,Outer Ring Road (Marathahalli - Bellandur),BLR_EAST,6,4,117,20.0,1,1.0,14.7,HEAVY
Bengaluru,Hebbal Flyover to Airport Expressway,BLR_NORTH,5,3,408,35.0,0,1.0,15.5,HEAVY
Bengaluru,Electronic City Elevated Expressway,BLR_SOUTH,4,3,99,48.0,1,1.0,36.0,LOW
Bengaluru,M.G. Road & Trinity Circle Corridor,BLR_CENTRAL,15,4,596,22.0,0,0.5,4.0,SEVERE
Bengaluru,Central Silk Board Junction,BLR_SOUTH,5,5,331,18.0,1,0.5,4.7,SEVERE
Bengaluru,Whitefield ITPB Main Road,BLR_EAST,15,1,233,16.0,1,1.0,9.9,SEVERE
Bengaluru,Tin Factory & K.R. Puram Junction,BLR_EAST,4,1,530,12.0,1,1.0,4.0,SEVERE
Bengaluru,Electronic City Elevated Expressway,BLR_SOUTH,3,2,546,48.0,1,1.0,14.6,HEAVY
Bengaluru,Goraguntepalya Tumkur Road Junction,BLR_WEST,7,4,331,24.0,0,0.5,6.2,SEVERE
Bengaluru,Goraguntepalya Tumkur Road Junction,BLR_WEST,21,5,501,24.0,0,0.5,4.0,SEVERE
Bengaluru,Outer Ring Road (Marathahalli - Bellandur),BLR_EAST,13,1,185,20.0,1,1.0,13.3,HEAVY
Bengaluru,Goraguntepalya Tumkur Road Junction,BLR_WEST,13,3,387,24.0,0,1.0,11.1,HEAVY
Bengaluru,Central Silk Board Junction,BLR_SOUTH,3,4,222,18.0,1,0.5,5.7,SEVERE
Bengaluru,Electronic City Elevated Expressway,BLR_SOUTH,23,4,384,48.0,1,1.0,22.4,MODERATE
Bengaluru,Hebbal Flyover to Airport Expressway,BLR_NORTH,9,3,421,35.0,0,1.0,8.8,SEVERE
Bengaluru,Outer Ring Road (Marathahalli - Bellandur),BLR_EAST,20,5,229,20.0,1,0.5,4.0,SEVERE
Bengaluru,Central Silk Board Junction,BLR_SOUTH,22,5,359,18.0,1,1.0,8.8,SEVERE
Bengaluru,M.G. Road & Trinity Circle Corridor,BLR_CENTRAL,15,5,348,22.0,0,0.5,5.5,SEVERE
Bengaluru,Tin Factory & K.R. Puram Junction,BLR_EAST,19,0,427,12.0,1,0.5,4.0,SEVERE
Bengaluru,Goraguntepalya Tumkur Road Junction,BLR_WEST,4,3,156,24.0,0,1.0,16.7,HEAVY
Bengaluru,Goraguntepalya Tumkur Road Junction,BLR_WEST,16,0,250,24.0,0,1.0,14.4,HEAVY
Bengaluru,Goraguntepalya Tumkur Road Junction,BLR_WEST,23,6,369,24.0,0,1.0,11.5,HEAVY
Bengaluru,Outer Ring Road (Marathahalli - Bellandur),BLR_EAST,10,3,249,20.0,1,1.0,4.9,SEVERE
Bengaluru,M.G. Road & Trinity Circle Corridor,BLR_CENTRAL,13,4,431,22.0,0,1.0,9.2,SEVERE
Bengaluru,Hebbal Flyover to Airport Expressway,BLR_NORTH,13,5,413,35.0,0,1.0,15.3,HEAVY
Bengaluru,Whitefield ITPB Main Road,BLR_EAST,14,3,118,16.0,1,1.0,11.7,HEAVY
Bengaluru,Goraguntepalya Tumkur Road Junction,BLR_WEST,0,6,359,24.0,0,1.0,11.8,HEAVY
Bengaluru,Goraguntepalya Tumkur Road Junction,BLR_WEST,1,0,101,24.0,0,1.0,18.0,HEAVY
Bengaluru,Hebbal Flyover to Airport Expressway,BLR_NORTH,12,2,308,35.0,0,1.0,19.0,HEAVY
Bengaluru,Central Silk Board Junction,BLR_SOUTH,17,0,492,18.0,1,1.0,4.0,SEVERE
Bengaluru,Electronic City Elevated Expressway,BLR_SOUTH,5,4,296,48.0,1,1.0,26.6,MODERATE
Bengaluru,Outer Ring Road (Marathahalli - Bellandur),BLR_EAST,9,3,74,20.0,1,0.5,4.0,SEVERE
Bengaluru,Goraguntepalya Tumkur Road Junction,BLR_WEST,22,5,522,24.0,0,1.0,7.9,SEVERE
Bengaluru,Outer Ring Road (Marathahalli - Bellandur),BLR_EAST,20,1,490,20.0,1,1.0,4.0,SEVERE
Bengaluru,Goraguntepalya Tumkur Road Junction,BLR_WEST,15,4,222,24.0,0,0.5,7.5,SEVERE
Bengaluru,Tin Factory & K.R. Puram Junction,BLR_EAST,18,4,562,12.0,1,1.0,4.0,SEVERE
Bengaluru,M.G. Road & Trinity Circle Corridor,BLR_CENTRAL,14,6,272,22.0,0,1.0,12.7,HEAVY
Bengaluru,Goraguntepalya Tumkur Road Junction,BLR_WEST,9,4,445,24.0,0,0.5,4.0,SEVERE
Bengaluru,Tin Factory & K.R. Puram Junction,BLR_EAST,8,4,142,12.0,1,1.0,4.0,SEVERE
Bengaluru,Hebbal Flyover to Airport Expressway,BLR_NORTH,10,5,66,35.0,0,1.0,16.1,HEAVY
Bengaluru,Electronic City Elevated Expressway,BLR_SOUTH,9,2,163,48.0,1,1.0,13.6,HEAVY
Bengaluru,Outer Ring Road (Marathahalli - Bellandur),BLR_EAST,7,0,491,20.0,1,1.0,7.2,SEVERE
Bengaluru,Tin Factory & K.R. Puram Junction,BLR_EAST,13,1,455,12.0,1,1.0,4.7,SEVERE
Bengaluru,Electronic City Elevated Expressway,BLR_SOUTH,22,5,121,48.0,1,1.0,35.0,LOW
Bengaluru,Tin Factory & K.R. Puram Junction,BLR_EAST,10,0,158,12.0,1,1.0,4.0,SEVERE
Bengaluru,Goraguntepalya Tumkur Road Junction,BLR_WEST,10,3,111,24.0,0,1.0,10.4,HEAVY
Bengaluru,Hebbal Flyover to Airport Expressway,BLR_NORTH,17,0,515,35.0,0,1.0,6.9,SEVERE
Bengaluru,Goraguntepalya Tumkur Road Junction,BLR_WEST,22,4,135,24.0,0,1.0,17.2,HEAVY
Bengaluru,Outer Ring Road (Marathahalli - Bellandur),BLR_EAST,4,2,240,20.0,1,1.0,12.2,HEAVY
Bengaluru,Hebbal Flyover to Airport Expressway,BLR_NORTH,6,0,204,35.0,0,1.0,22.6,MODERATE
Bengaluru,Central Silk Board Junction,BLR_SOUTH,22,2,552,18.0,1,0.5,4.0,SEVERE
Bengaluru,Whitefield ITPB Main Road,BLR_EAST,0,6,371,16.0,1,1.0,7.7,SEVERE
Bengaluru,Whitefield ITPB Main Road,BLR_EAST,8,6,399,16.0,1,0.5,4.0,SEVERE
Bengaluru,Tin Factory & K.R. Puram Junction,BLR_EAST,10,1,225,12.0,1,1.0,4.0,SEVERE
Bengaluru,M.G. Road & Trinity Circle Corridor,BLR_CENTRAL,15,3,222,22.0,0,1.0,13.8,HEAVY
Bengaluru,Whitefield ITPB Main Road,BLR_EAST,8,6,323,16.0,1,1.0,4.0,SEVERE
Bengaluru,Electronic City Elevated Expressway,BLR_SOUTH,13,4,445,48.0,1,0.5,9.7,SEVERE
Bengaluru,M.G. Road & Trinity Circle Corridor,BLR_CENTRAL,10,4,464,22.0,0,1.0,5.0,SEVERE
Bengaluru,Hebbal Flyover to Airport Expressway,BLR_NORTH,13,0,68,35.0,0,1.0,27.4,MODERATE
Bengaluru,Central Silk Board Junction,BLR_SOUTH,4,2,562,18.0,1,1.0,5.2,SEVERE
Bengaluru,Central Silk Board Junction,BLR_SOUTH,9,5,65,18.0,1,1.0,5.8,SEVERE
Bengaluru,Goraguntepalya Tumkur Road Junction,BLR_WEST,19,4,573,24.0,0,1.0,4.0,SEVERE
Bengaluru,Central Silk Board Junction,BLR_SOUTH,4,1,195,18.0,1,1.0,11.8,HEAVY
Bengaluru,Outer Ring Road (Marathahalli - Bellandur),BLR_EAST,6,6,200,20.0,1,1.0,13.0,HEAVY
Bengaluru,Hebbal Flyover to Airport Expressway,BLR_NORTH,0,6,530,35.0,0,1.0,11.2,HEAVY
Bengaluru,M.G. Road & Trinity Circle Corridor,BLR_CENTRAL,19,2,248,22.0,0,1.0,7.8,SEVERE
Bengaluru,Tin Factory & K.R. Puram Junction,BLR_EAST,9,3,550,12.0,1,1.0,4.0,SEVERE
Bengaluru,Outer Ring Road (Marathahalli - Bellandur),BLR_EAST,16,0,574,20.0,1,1.0,5.5,SEVERE
Bengaluru,M.G. Road & Trinity Circle Corridor,BLR_CENTRAL,12,6,205,22.0,0,1.0,14.2,HEAVY
Bengaluru,Central Silk Board Junction,BLR_SOUTH,13,6,574,18.0,1,1.0,5.0,SEVERE
Bengaluru,Whitefield ITPB Main Road,BLR_EAST,9,1,158,16.0,1,1.0,4.6,SEVERE
Bengaluru,Hebbal Flyover to Airport Expressway,BLR_NORTH,3,4,314,35.0,0,0.5,9.4,SEVERE
Bengaluru,Goraguntepalya Tumkur Road Junction,BLR_WEST,13,1,140,24.0,0,0.5,8.5,SEVERE
Bengaluru,M.G. Road & Trinity Circle Corridor,BLR_CENTRAL,8,4,543,22.0,0,1.0,4.0,SEVERE
Bengaluru,Outer Ring Road (Marathahalli - Bellandur),BLR_EAST,7,4,303,20.0,1,1.0,10.9,HEAVY
Bengaluru,Electronic City Elevated Expressway,BLR_SOUTH,19,4,114,48.0,1,1.0,14.5,HEAVY
Bengaluru,Goraguntepalya Tumkur Road Junction,BLR_WEST,11,1,255,24.0,0,1.0,8.4,SEVERE
Bengaluru,Central Silk Board Junction,BLR_SOUTH,13,4,361,18.0,1,1.0,8.8,SEVERE
Bengaluru,Whitefield ITPB Main Road,BLR_EAST,11,3,376,16.0,1,1.0,4.0,SEVERE
Bengaluru,Goraguntepalya Tumkur Road Junction,BLR_WEST,7,4,549,24.0,0,0.5,4.0,SEVERE
Bengaluru,Central Silk Board Junction,BLR_SOUTH,4,3,414,18.0,1,1.0,7.8,SEVERE
Bengaluru,Tin Factory & K.R. Puram Junction,BLR_EAST,9,2,435,12.0,1,1.0,4.0,SEVERE
Bengaluru,Central Silk Board Junction,BLR_SOUTH,6,2,325,18.0,1,0.5,4.7,SEVERE
Bengaluru,Central Silk Board Junction,BLR_SOUTH,19,6,324,18.0,1,1.0,4.0,SEVERE
Bengaluru,Central Silk Board Junction,BLR_SOUTH,12,4,370,18.0,1,1.0,8.6,SEVERE
Bengaluru,M.G. Road & Trinity Circle Corridor,BLR_CENTRAL,20,4,131,22.0,0,1.0,9.3,SEVERE
Bengaluru,Tin Factory & K.R. Puram Junction,BLR_EAST,8,2,133,12.0,1,1.0,4.0,SEVERE
Bengaluru,Central Silk Board Junction,BLR_SOUTH,8,4,219,18.0,1,1.0,4.7,SEVERE
Bengaluru,Tin Factory & K.R. Puram Junction,BLR_EAST,6,6,62,12.0,1,1.0,9.5,SEVERE
Bengaluru,Whitefield ITPB Main Road,BLR_EAST,14,3,74,16.0,1,1.0,12.4,HEAVY
Bengaluru,Whitefield ITPB Main Road,BLR_EAST,6,6,465,16.0,1,1.0,6.2,SEVERE
Bengaluru,Whitefield ITPB Main Road,BLR_EAST,22,4,181,16.0,1,1.0,10.7,HEAVY
Bengaluru,Central Silk Board Junction,BLR_SOUTH,8,0,507,18.0,1,1.0,4.0,SEVERE
Bengaluru,Hebbal Flyover to Airport Expressway,BLR_NORTH,21,4,292,35.0,0,1.0,11.5,HEAVY
Bengaluru,M.G. Road & Trinity Circle Corridor,BLR_CENTRAL,15,0,251,22.0,0,1.0,13.2,HEAVY
Bengaluru,M.G. Road & Trinity Circle Corridor,BLR_CENTRAL,9,3,207,22.0,0,0.5,4.2,SEVERE
Bengaluru,M.G. Road & Trinity Circle Corridor,BLR_CENTRAL,1,1,88,22.0,0,0.5,8.4,SEVERE
Bengaluru,Hebbal Flyover to Airport Expressway,BLR_NORTH,0,1,521,35.0,0,1.0,11.5,HEAVY
Bengaluru,M.G. Road & Trinity Circle Corridor,BLR_CENTRAL,7,4,209,22.0,0,1.0,14.1,HEAVY
Bengaluru,Central Silk Board Junction,BLR_SOUTH,20,2,116,18.0,1,0.5,4.0,SEVERE
Bengaluru,Electronic City Elevated Expressway,BLR_SOUTH,17,3,152,48.0,1,1.0,13.8,HEAVY
Bengaluru,Tin Factory & K.R. Puram Junction,BLR_EAST,15,4,63,12.0,1,0.5,4.7,SEVERE
Bengaluru,Tin Factory & K.R. Puram Junction,BLR_EAST,11,5,533,12.0,1,1.0,4.0,SEVERE
Bengaluru,Electronic City Elevated Expressway,BLR_SOUTH,9,1,584,48.0,1,1.0,5.3,SEVERE
Bengaluru,Whitefield ITPB Main Road,BLR_EAST,6,4,105,16.0,1,1.0,11.9,HEAVY
Bengaluru,Electronic City Elevated Expressway,BLR_SOUTH,19,3,451,48.0,1,0.5,4.0,SEVERE
Bengaluru,Tin Factory & K.R. Puram Junction,BLR_EAST,19,0,268,12.0,1,1.0,4.0,SEVERE
Bengaluru,Outer Ring Road (Marathahalli - Bellandur),BLR_EAST,4,1,386,20.0,1,1.0,9.3,SEVERE
Bengaluru,Electronic City Elevated Expressway,BLR_SOUTH,5,3,248,48.0,1,1.0,28.9,MODERATE
Bengaluru,Tin Factory & K.R. Puram Junction,BLR_EAST,11,4,565,12.0,1,0.5,4.0,SEVERE
Bengaluru,Hebbal Flyover to Airport Expressway,BLR_NORTH,1,0,309,35.0,0,1.0,18.9,HEAVY
Bengaluru,Outer Ring Road (Marathahalli - Bellandur),BLR_EAST,5,6,69,20.0,1,1.0,15.6,HEAVY
Bengaluru,Tin Factory & K.R. Puram Junction,BLR_EAST,19,4,74,12.0,1,1.0,4.0,SEVERE
Bengaluru,Outer Ring Road (Marathahalli - Bellandur),BLR_EAST,7,2,284,20.0,1,1.0,11.3,HEAVY
Bengaluru,Goraguntepalya Tumkur Road Junction,BLR_WEST,0,0,223,24.0,0,1.0,15.0,HEAVY
Bengaluru,Electronic City Elevated Expressway,BLR_SOUTH,13,5,174,48.0,1,1.0,32.4,LOW
Bengaluru,Hebbal Flyover to Airport Expressway,BLR_NORTH,23,4,308,35.0,0,1.0,19.0,HEAVY
Bengaluru,M.G. Road & Trinity Circle Corridor,BLR_CENTRAL,4,0,507,22.0,0,0.5,4.0,SEVERE
Bengaluru,Electronic City Elevated Expressway,BLR_SOUTH,5,6,63,48.0,1,1.0,37.8,LOW
Bengaluru,Hebbal Flyover to Airport Expressway,BLR_NORTH,14,2,404,35.0,0,1.0,15.6,HEAVY
Bengaluru,Hebbal Flyover to Airport Expressway,BLR_NORTH,12,0,129,35.0,0,1.0,25.2,MODERATE
Bengaluru,Goraguntepalya Tumkur Road Junction,BLR_WEST,23,4,539,24.0,0,1.0,7.5,SEVERE
Bengaluru,Tin Factory & K.R. Puram Junction,BLR_EAST,16,5,356,12.0,1,1.0,5.9,SEVERE
Bengaluru,M.G. Road & Trinity Circle Corridor,BLR_CENTRAL,13,2,426,22.0,0,1.0,9.3,SEVERE
Bengaluru,Goraguntepalya Tumkur Road Junction,BLR_WEST,18,3,74,24.0,0,0.5,5.5,SEVERE
Bengaluru,Outer Ring Road (Marathahalli - Bellandur),BLR_EAST,6,4,171,20.0,1,1.0,13.6,HEAVY
Bengaluru,Tin Factory & K.R. Puram Junction,BLR_EAST,13,1,322,12.0,1,0.5,4.0,SEVERE
Bengaluru,Central Silk Board Junction,BLR_SOUTH,18,2,460,18.0,1,1.0,4.0,SEVERE
Bengaluru,Electronic City Elevated Expressway,BLR_SOUTH,21,3,231,48.0,1,1.0,12.2,HEAVY
Bengaluru,Electronic City Elevated Expressway,BLR_SOUTH,0,5,562,48.0,1,1.0,13.8,HEAVY
Bengaluru,M.G. Road & Trinity Circle Corridor,BLR_CENTRAL,18,0,391,22.0,0,1.0,5.9,SEVERE
Bengaluru,Electronic City Elevated Expressway,BLR_SOUTH,18,0,324,48.0,1,0.5,5.2,SEVERE
Bengaluru,Outer Ring Road (Marathahalli - Bellandur),BLR_EAST,1,1,588,20.0,1,1.0,5.2,SEVERE
Bengaluru,Goraguntepalya Tumkur Road Junction,BLR_WEST,9,1,497,24.0,0,0.5,4.0,SEVERE
Bengaluru,Tin Factory & K.R. Puram Junction,BLR_EAST,13,4,586,12.0,1,1.0,4.0,SEVERE
Bengaluru,Hebbal Flyover to Airport Expressway,BLR_NORTH,17,3,130,35.0,0,1.0,14.8,HEAVY
Bengaluru,Outer Ring Road (Marathahalli - Bellandur),BLR_EAST,6,5,464,20.0,1,1.0,7.7,SEVERE
Bengaluru,Hebbal Flyover to Airport Expressway,BLR_NORTH,18,2,499,35.0,0,1.0,7.2,SEVERE
Bengaluru,Central Silk Board Junction,BLR_SOUTH,12,4,402,18.0,1,1.0,8.1,SEVERE
Bengaluru,Electronic City Elevated Expressway,BLR_SOUTH,15,1,156,48.0,1,1.0,33.3,LOW
Bengaluru,Tin Factory & K.R. Puram Junction,BLR_EAST,21,5,423,12.0,1,1.0,4.0,SEVERE
Bengaluru,Electronic City Elevated Expressway,BLR_SOUTH,6,6,202,48.0,1,1.0,31.1,LOW
Bengaluru,Tin Factory & K.R. Puram Junction,BLR_EAST,12,2,86,12.0,1,1.0,9.2,SEVERE
Bengaluru,M.G. Road & Trinity Circle Corridor,BLR_CENTRAL,8,3,331,22.0,0,1.0,6.7,SEVERE
Bengaluru,Goraguntepalya Tumkur Road Junction,BLR_WEST,0,3,427,24.0,0,1.0,10.2,HEAVY
Bengaluru,M.G. Road & Trinity Circle Corridor,BLR_CENTRAL,23,1,447,22.0,0,1.0,8.9,SEVERE
Bengaluru,M.G. Road & Trinity Circle Corridor,BLR_CENTRAL,14,4,214,22.0,0,1.0,14.0,HEAVY
Bengaluru,Central Silk Board Junction,BLR_SOUTH,22,6,458,18.0,1,0.5,4.0,SEVERE
Bengaluru,Hebbal Flyover to Airport Expressway,BLR_NORTH,12,3,288,35.0,0,1.0,19.7,HEAVY
Bengaluru,Goraguntepalya Tumkur Road Junction,BLR_WEST,13,0,264,24.0,0,1.0,14.1,HEAVY
Bengaluru,Whitefield ITPB Main Road,BLR_EAST,14,1,436,16.0,1,1.0,6.6,SEVERE
Bengaluru,Outer Ring Road (Marathahalli - Bellandur),BLR_EAST,14,5,425,20.0,1,1.0,8.5,SEVERE
Bengaluru,Hebbal Flyover to Airport Expressway,BLR_NORTH,23,2,404,35.0,0,1.0,15.6,HEAVY
Bengaluru,Tin Factory & K.R. Puram Junction,BLR_EAST,18,3,505,12.0,1,1.0,4.0,SEVERE
Bengaluru,Electronic City Elevated Expressway,BLR_SOUTH,11,5,307,48.0,1,0.5,5.4,SEVERE
Bengaluru,Central Silk Board Junction,BLR_SOUTH,6,5,62,18.0,1,1.0,14.2,HEAVY
Bengaluru,Goraguntepalya Tumkur Road Junction,BLR_WEST,2,1,570,24.0,0,0.5,4.0,SEVERE
Bengaluru,M.G. Road & Trinity Circle Corridor,BLR_CENTRAL,13,6,507,22.0,0,1.0,7.5,SEVERE
Bengaluru,Outer Ring Road (Marathahalli - Bellandur),BLR_EAST,3,4,505,20.0,1,1.0,6.9,SEVERE
Bengaluru,Hebbal Flyover to Airport Expressway,BLR_NORTH,4,0,486,35.0,0,1.0,12.7,HEAVY
Bengaluru,Central Silk Board Junction,BLR_SOUTH,20,4,519,18.0,1,1.0,4.0,SEVERE
Bengaluru,Outer Ring Road (Marathahalli - Bellandur),BLR_EAST,9,2,243,20.0,1,0.5,4.0,SEVERE
Bengaluru,Goraguntepalya Tumkur Road Junction,BLR_WEST,15,0,280,24.0,0,1.0,13.7,HEAVY
Bengaluru,Outer Ring Road (Marathahalli - Bellandur),BLR_EAST,16,6,495,20.0,1,0.5,4.0,SEVERE
Bengaluru,Central Silk Board Junction,BLR_SOUTH,21,4,447,18.0,1,0.5,4.0,SEVERE
Bengaluru,Electronic City Elevated Expressway,BLR_SOUTH,12,0,557,48.0,1,1.0,14.1,HEAVY
Bengaluru,Outer Ring Road (Marathahalli - Bellandur),BLR_EAST,6,2,518,20.0,1,1.0,6.6,SEVERE
Bengaluru,Electronic City Elevated Expressway,BLR_SOUTH,16,1,529,48.0,1,1.0,15.4,HEAVY
Bengaluru,Hebbal Flyover to Airport Expressway,BLR_NORTH,11,4,381,35.0,0,1.0,9.7,SEVERE
Bengaluru,Goraguntepalya Tumkur Road Junction,BLR_WEST,3,4,283,24.0,0,1.0,13.6,HEAVY
Bengaluru,Central Silk Board Junction,BLR_SOUTH,2,4,96,18.0,1,1.0,13.6,HEAVY
Bengaluru,M.G. Road & Trinity Circle Corridor,BLR_CENTRAL,12,5,316,22.0,0,1.0,11.7,HEAVY
Bengaluru,Whitefield ITPB Main Road,BLR_EAST,0,2,221,16.0,1,1.0,10.1,HEAVY
Bengaluru,Whitefield ITPB Main Road,BLR_EAST,15,5,543,16.0,1,1.0,4.9,SEVERE
Bengaluru,Whitefield ITPB Main Road,BLR_EAST,17,3,242,16.0,1,1.0,4.0,SEVERE
Bengaluru,Central Silk Board Junction,BLR_SOUTH,15,1,242,18.0,1,1.0,10.9,HEAVY
Bengaluru,Tin Factory & K.R. Puram Junction,BLR_EAST,18,1,162,12.0,1,1.0,4.0,SEVERE
Bengaluru,Hebbal Flyover to Airport Expressway,BLR_NORTH,6,3,137,35.0,0,1.0,25.0,MODERATE
Bengaluru,Electronic City Elevated Expressway,BLR_SOUTH,0,4,193,48.0,1,1.0,31.5,LOW
Bengaluru,Hebbal Flyover to Airport Expressway,BLR_NORTH,3,0,557,35.0,0,1.0,10.3,HEAVY
Bengaluru,M.G. Road & Trinity Circle Corridor,BLR_CENTRAL,9,5,92,22.0,0,1.0,9.8,SEVERE
Bengaluru,Hebbal Flyover to Airport Expressway,BLR_NORTH,15,5,537,35.0,0,1.0,11.0,HEAVY
Bengaluru,Tin Factory & K.R. Puram Junction,BLR_EAST,20,2,68,12.0,1,1.0,4.0,SEVERE
Bengaluru,M.G. Road & Trinity Circle Corridor,BLR_CENTRAL,23,3,134,22.0,0,1.0,15.8,HEAVY
Bengaluru,Hebbal Flyover to Airport Expressway,BLR_NORTH,20,2,365,35.0,0,0.5,5.0,SEVERE
Bengaluru,Hebbal Flyover to Airport Expressway,BLR_NORTH,13,6,202,35.0,0,1.0,22.7,MODERATE
Bengaluru,Outer Ring Road (Marathahalli - Bellandur),BLR_EAST,14,5,391,20.0,1,1.0,9.2,SEVERE
Bengaluru,Goraguntepalya Tumkur Road Junction,BLR_WEST,9,1,301,24.0,0,1.0,7.8,SEVERE
Bengaluru,Electronic City Elevated Expressway,BLR_SOUTH,13,5,585,48.0,1,1.0,12.7,HEAVY
Bengaluru,Whitefield ITPB Main Road,BLR_EAST,16,6,283,16.0,1,1.0,9.1,SEVERE
Bengaluru,Electronic City Elevated Expressway,BLR_SOUTH,5,5,544,48.0,1,1.0,14.7,HEAVY
Bengaluru,Hebbal Flyover to Airport Expressway,BLR_NORTH,22,6,448,35.0,0,0.5,7.0,SEVERE
Bengaluru,Hebbal Flyover to Airport Expressway,BLR_NORTH,6,4,461,35.0,0,0.5,6.8,SEVERE
Bengaluru,Tin Factory & K.R. Puram Junction,BLR_EAST,10,4,458,12.0,1,0.5,4.0,SEVERE
Bengaluru,Outer Ring Road (Marathahalli - Bellandur),BLR_EAST,3,3,598,20.0,1,1.0,5.0,SEVERE
Bengaluru,Hebbal Flyover to Airport Expressway,BLR_NORTH,6,0,294,35.0,0,1.0,19.5,HEAVY
Bengaluru,Central Silk Board Junction,BLR_SOUTH,23,2,466,18.0,1,1.0,6.9,SEVERE
Bengaluru,Hebbal Flyover to Airport Expressway,BLR_NORTH,13,2,151,35.0,0,1.0,24.5,MODERATE
Bengaluru,Central Silk Board Junction,BLR_SOUTH,11,5,411,18.0,1,1.0,4.0,SEVERE
Bengaluru,Central Silk Board Junction,BLR_SOUTH,3,4,69,18.0,1,1.0,14.1,HEAVY
Bengaluru,Electronic City Elevated Expressway,BLR_SOUTH,17,4,101,48.0,1,1.0,14.8,HEAVY
Bengaluru,Whitefield ITPB Main Road,BLR_EAST,14,2,453,16.0,1,1.0,6.4,SEVERE
Bengaluru,Hebbal Flyover to Airport Expressway,BLR_NORTH,19,5,536,35.0,0,1.0,6.5,SEVERE
Bengaluru,Whitefield ITPB Main Road,BLR_EAST,18,4,293,16.0,1,1.0,4.0,SEVERE
Bengaluru,M.G. Road & Trinity Circle Corridor,BLR_CENTRAL,19,1,302,22.0,0,1.0,7.1,SEVERE
Bengaluru,Whitefield ITPB Main Road,BLR_EAST,16,2,66,16.0,1,1.0,12.5,HEAVY
Bengaluru,Outer Ring Road (Marathahalli - Bellandur),BLR_EAST,20,6,595,20.0,1,0.5,4.0,SEVERE
Bengaluru,Tin Factory & K.R. Puram Junction,BLR_EAST,9,6,468,12.0,1,1.0,4.0,SEVERE
Bengaluru,Central Silk Board Junction,BLR_SOUTH,8,5,106,18.0,1,1.0,5.5,SEVERE
Bengaluru,Goraguntepalya Tumkur Road Junction,BLR_WEST,10,5,571,24.0,0,1.0,4.0,SEVERE
Bengaluru,Electronic City Elevated Expressway,BLR_SOUTH,23,6,234,48.0,1,1.0,29.6,MODERATE
Bengaluru,Central Silk Board Junction,BLR_SOUTH,17,4,226,18.0,1,1.0,4.6,SEVERE
Bengaluru,Goraguntepalya Tumkur Road Junction,BLR_WEST,7,4,330,24.0,0,0.5,6.2,SEVERE
Bengaluru,Whitefield ITPB Main Road,BLR_EAST,10,1,95,16.0,1,1.0,5.0,SEVERE
Bengaluru,Outer Ring Road (Marathahalli - Bellandur),BLR_EAST,4,3,271,20.0,1,0.5,5.8,SEVERE
Bengaluru,Hebbal Flyover to Airport Expressway,BLR_NORTH,10,1,394,35.0,0,1.0,9.4,SEVERE
Bengaluru,Hebbal Flyover to Airport Expressway,BLR_NORTH,2,2,439,35.0,0,0.5,7.2,SEVERE
Bengaluru,Electronic City Elevated Expressway,BLR_SOUTH,9,5,111,48.0,1,1.0,14.6,HEAVY
Bengaluru,Tin Factory & K.R. Puram Junction,BLR_EAST,13,1,465,12.0,1,1.0,4.6,SEVERE
Bengaluru,Outer Ring Road (Marathahalli - Bellandur),BLR_EAST,14,6,326,20.0,1,1.0,10.5,HEAVY
Bengaluru,Electronic City Elevated Expressway,BLR_SOUTH,1,2,66,48.0,1,1.0,37.6,LOW
Bengaluru,Tin Factory & K.R. Puram Junction,BLR_EAST,18,1,446,12.0,1,1.0,4.0,SEVERE
Bengaluru,Central Silk Board Junction,BLR_SOUTH,20,1,347,18.0,1,1.0,4.0,SEVERE
Bengaluru,Whitefield ITPB Main Road,BLR_EAST,1,4,112,16.0,1,1.0,11.8,HEAVY
Bengaluru,Goraguntepalya Tumkur Road Junction,BLR_WEST,7,2,298,24.0,0,1.0,13.2,HEAVY
Bengaluru,M.G. Road & Trinity Circle Corridor,BLR_CENTRAL,6,2,567,22.0,0,1.0,6.2,SEVERE
Bengaluru,Central Silk Board Junction,BLR_SOUTH,2,1,280,18.0,1,1.0,10.3,HEAVY
Bengaluru,Tin Factory & K.R. Puram Junction,BLR_EAST,19,5,82,12.0,1,1.0,4.0,SEVERE
Bengaluru,Goraguntepalya Tumkur Road Junction,BLR_WEST,2,3,314,24.0,0,1.0,12.9,HEAVY
Bengaluru,Outer Ring Road (Marathahalli - Bellandur),BLR_EAST,10,0,94,20.0,1,1.0,6.2,SEVERE
Bengaluru,Hebbal Flyover to Airport Expressway,BLR_NORTH,12,0,574,35.0,0,0.5,4.8,SEVERE
Bengaluru,Tin Factory & K.R. Puram Junction,BLR_EAST,14,6,125,12.0,1,0.5,4.3,SEVERE
Bengaluru,Whitefield ITPB Main Road,BLR_EAST,1,3,427,16.0,1,1.0,6.8,SEVERE
Bengaluru,M.G. Road & Trinity Circle Corridor,BLR_CENTRAL,9,0,449,22.0,0,1.0,5.2,SEVERE
Bengaluru,Whitefield ITPB Main Road,BLR_EAST,10,6,277,16.0,1,1.0,4.0,SEVERE
Bengaluru,Electronic City Elevated Expressway,BLR_SOUTH,22,5,435,48.0,1,1.0,19.9,HEAVY
Bengaluru,Whitefield ITPB Main Road,BLR_EAST,9,5,570,16.0,1,1.0,4.0,SEVERE
Bengaluru,Tin Factory & K.R. Puram Junction,BLR_EAST,5,2,87,12.0,1,1.0,9.2,SEVERE
Bengaluru,Whitefield ITPB Main Road,BLR_EAST,23,2,493,16.0,1,0.5,4.0,SEVERE
Bengaluru,Outer Ring Road (Marathahalli - Bellandur),BLR_EAST,4,6,80,20.0,1,0.5,7.7,SEVERE
Bengaluru,M.G. Road & Trinity Circle Corridor,BLR_CENTRAL,16,3,74,22.0,0,1.0,17.1,HEAVY
Bengaluru,Electronic City Elevated Expressway,BLR_SOUTH,21,2,365,48.0,1,0.5,4.8,SEVERE
Bengaluru,Electronic City Elevated Expressway,BLR_SOUTH,18,4,239,48.0,1,1.0,12.1,HEAVY
Bengaluru,Goraguntepalya Tumkur Road Junction,BLR_WEST,21,1,287,24.0,0,1.0,7.9,SEVERE
Bengaluru,Hebbal Flyover to Airport Expressway,BLR_NORTH,0,4,471,35.0,0,1.0,13.3,HEAVY
Bengaluru,M.G. Road & Trinity Circle Corridor,BLR_CENTRAL,14,0,600,22.0,0,1.0,5.5,SEVERE
Bengaluru,Tin Factory & K.R. Puram Junction,BLR_EAST,10,5,522,12.0,1,0.5,4.0,SEVERE
Bengaluru,Outer Ring Road (Marathahalli - Bellandur),BLR_EAST,5,4,175,20.0,1,0.5,6.8,SEVERE
Bengaluru,Goraguntepalya Tumkur Road Junction,BLR_WEST,16,0,119,24.0,0,1.0,17.5,HEAVY
Bengaluru,Whitefield ITPB Main Road,BLR_EAST,8,2,528,16.0,1,0.5,4.0,SEVERE
Bengaluru,Tin Factory & K.R. Puram Junction,BLR_EAST,14,1,363,12.0,1,1.0,5.8,SEVERE
Bengaluru,Outer Ring Road (Marathahalli - Bellandur),BLR_EAST,17,0,207,20.0,1,1.0,5.3,SEVERE
Bengaluru,Tin Factory & K.R. Puram Junction,BLR_EAST,3,3,226,12.0,1,1.0,7.5,SEVERE
Bengaluru,Electronic City Elevated Expressway,BLR_SOUTH,3,5,280,48.0,1,1.0,27.4,MODERATE
Bengaluru,Tin Factory & K.R. Puram Junction,BLR_EAST,13,2,429,12.0,1,1.0,5.1,SEVERE
Bengaluru,Goraguntepalya Tumkur Road Junction,BLR_WEST,21,5,311,24.0,0,1.0,7.6,SEVERE
Bengaluru,Tin Factory & K.R. Puram Junction,BLR_EAST,8,3,394,12.0,1,1.0,4.0,SEVERE
Bengaluru,Whitefield ITPB Main Road,BLR_EAST,10,5,323,16.0,1,1.0,4.0,SEVERE
Bengaluru,Goraguntepalya Tumkur Road Junction,BLR_WEST,2,6,134,24.0,0,1.0,17.2,HEAVY
Bengaluru,Tin Factory & K.R. Puram Junction,BLR_EAST,18,2,114,12.0,1,1.0,4.0,SEVERE
Bengaluru,Outer Ring Road (Marathahalli - Bellandur),BLR_EAST,7,1,559,20.0,1,0.5,4.0,SEVERE
Bengaluru,Central Silk Board Junction,BLR_SOUTH,20,4,85,18.0,1,1.0,5.7,SEVERE
Bengaluru,Hebbal Flyover to Airport Expressway,BLR_NORTH,4,0,161,35.0,0,0.5,12.1,HEAVY
Bengaluru,Goraguntepalya Tumkur Road Junction,BLR_WEST,22,1,494,24.0,0,1.0,8.5,SEVERE
Bengaluru,Goraguntepalya Tumkur Road Junction,BLR_WEST,6,0,246,24.0,0,1.0,14.5,HEAVY
Bengaluru,Hebbal Flyover to Airport Expressway,BLR_NORTH,8,3,89,35.0,0,1.0,15.7,HEAVY
Bengaluru,Whitefield ITPB Main Road,BLR_EAST,11,5,444,16.0,1,1.0,4.0,SEVERE
Bengaluru,Tin Factory & K.R. Puram Junction,BLR_EAST,14,6,442,12.0,1,1.0,4.9,SEVERE
Bengaluru,Outer Ring Road (Marathahalli - Bellandur),BLR_EAST,11,3,163,20.0,1,1.0,5.7,SEVERE
Bengaluru,M.G. Road & Trinity Circle Corridor,BLR_CENTRAL,17,0,81,22.0,0,1.0,10.0,HEAVY
Bengaluru,Tin Factory & K.R. Puram Junction,BLR_EAST,12,5,117,12.0,1,0.5,4.4,SEVERE
Bengaluru,Central Silk Board Junction,BLR_SOUTH,8,0,355,18.0,1,1.0,4.0,SEVERE
Bengaluru,Tin Factory & K.R. Puram Junction,BLR_EAST,21,6,173,12.0,1,1.0,4.0,SEVERE
Bengaluru,Outer Ring Road (Marathahalli - Bellandur),BLR_EAST,12,4,86,20.0,1,1.0,15.3,HEAVY
Bengaluru,Hebbal Flyover to Airport Expressway,BLR_NORTH,11,0,103,35.0,0,1.0,15.4,HEAVY
Bengaluru,Goraguntepalya Tumkur Road Junction,BLR_WEST,2,4,480,24.0,0,1.0,8.9,SEVERE
Bengaluru,Tin Factory & K.R. Puram Junction,BLR_EAST,3,6,456,12.0,1,1.0,4.7,SEVERE
Bengaluru,Whitefield ITPB Main Road,BLR_EAST,10,1,296,16.0,1,1.0,4.0,SEVERE
Bengaluru,Central Silk Board Junction,BLR_SOUTH,6,6,178,18.0,1,1.0,12.1,HEAVY
Bengaluru,Electronic City Elevated Expressway,BLR_SOUTH,6,2,345,48.0,1,1.0,24.2,MODERATE
Bengaluru,Electronic City Elevated Expressway,BLR_SOUTH,14,1,93,48.0,1,1.0,36.3,LOW
Bengaluru,Goraguntepalya Tumkur Road Junction,BLR_WEST,21,1,426,24.0,0,0.5,4.0,SEVERE
Bengaluru,Hebbal Flyover to Airport Expressway,BLR_NORTH,4,4,532,35.0,0,1.0,11.1,HEAVY
Bengaluru,Tin Factory & K.R. Puram Junction,BLR_EAST,0,5,343,12.0,1,0.5,4.0,SEVERE
Bengaluru,Outer Ring Road (Marathahalli - Bellandur),BLR_EAST,10,1,278,20.0,1,0.5,4.0,SEVERE
Bengaluru,M.G. Road & Trinity Circle Corridor,BLR_CENTRAL,10,5,261,22.0,0,1.0,7.6,SEVERE
Bengaluru,M.G. Road & Trinity Circle Corridor,BLR_CENTRAL,4,0,145,22.0,0,1.0,15.5,HEAVY
Bengaluru,Outer Ring Road (Marathahalli - Bellandur),BLR_EAST,3,3,85,20.0,1,0.5,7.7,SEVERE
Bengaluru,M.G. Road & Trinity Circle Corridor,BLR_CENTRAL,6,6,64,22.0,0,0.5,8.6,SEVERE
Bengaluru,Central Silk Board Junction,BLR_SOUTH,13,5,72,18.0,1,1.0,14.0,HEAVY
Bengaluru,Tin Factory & K.R. Puram Junction,BLR_EAST,21,6,543,12.0,1,1.0,4.0,SEVERE
Bengaluru,Electronic City Elevated Expressway,BLR_SOUTH,19,5,481,48.0,1,1.0,7.3,SEVERE
Bengaluru,M.G. Road & Trinity Circle Corridor,BLR_CENTRAL,2,5,558,22.0,0,1.0,6.4,SEVERE
Bengaluru,Outer Ring Road (Marathahalli - Bellandur),BLR_EAST,7,4,528,20.0,1,1.0,6.4,SEVERE
Bengaluru,Whitefield ITPB Main Road,BLR_EAST,1,6,513,16.0,1,1.0,5.4,SEVERE
Bengaluru,Hebbal Flyover to Airport Expressway,BLR_NORTH,18,1,113,35.0,0,1.0,15.2,HEAVY
Bengaluru,Whitefield ITPB Main Road,BLR_EAST,5,2,568,16.0,1,1.0,4.5,SEVERE
Bengaluru,Hebbal Flyover to Airport Expressway,BLR_NORTH,18,2,349,35.0,0,1.0,10.3,HEAVY
Bengaluru,Hebbal Flyover to Airport Expressway,BLR_NORTH,3,4,162,35.0,0,1.0,24.1,MODERATE
Bengaluru,Tin Factory & K.R. Puram Junction,BLR_EAST,19,5,186,12.0,1,1.0,4.0,SEVERE
Bengaluru,Whitefield ITPB Main Road,BLR_EAST,9,3,217,16.0,1,1.0,4.2,SEVERE
Bengaluru,M.G. Road & Trinity Circle Corridor,BLR_CENTRAL,14,5,109,22.0,0,1.0,16.3,HEAVY
Bengaluru,M.G. Road & Trinity Circle Corridor,BLR_CENTRAL,9,3,377,22.0,0,0.5,4.0,SEVERE
Bengaluru,Central Silk Board Junction,BLR_SOUTH,6,1,424,18.0,1,0.5,4.0,SEVERE
Bengaluru,Electronic City Elevated Expressway,BLR_SOUTH,15,5,91,48.0,1,1.0,36.4,LOW
Bengaluru,Goraguntepalya Tumkur Road Junction,BLR_WEST,3,2,244,24.0,0,1.0,14.5,HEAVY
Bengaluru,Whitefield ITPB Main Road,BLR_EAST,16,1,181,16.0,1,1.0,10.7,HEAVY
Bengaluru,Hebbal Flyover to Airport Expressway,BLR_NORTH,3,5,438,35.0,0,1.0,14.4,HEAVY
Bengaluru,Electronic City Elevated Expressway,BLR_SOUTH,13,2,97,48.0,1,1.0,36.1,LOW
Bengaluru,Outer Ring Road (Marathahalli - Bellandur),BLR_EAST,9,6,519,20.0,1,1.0,4.0,SEVERE
Bengaluru,Whitefield ITPB Main Road,BLR_EAST,9,2,219,16.0,1,1.0,4.2,SEVERE
Bengaluru,M.G. Road & Trinity Circle Corridor,BLR_CENTRAL,20,5,156,22.0,0,1.0,9.0,SEVERE
Bengaluru,Hebbal Flyover to Airport Expressway,BLR_NORTH,11,4,349,35.0,0,1.0,10.3,HEAVY
Bengaluru,M.G. Road & Trinity Circle Corridor,BLR_CENTRAL,21,4,186,22.0,0,1.0,8.6,SEVERE
Bengaluru,Whitefield ITPB Main Road,BLR_EAST,9,5,462,16.0,1,1.0,4.0,SEVERE
Bengaluru,Whitefield ITPB Main Road,BLR_EAST,8,4,138,16.0,1,1.0,4.7,SEVERE
Bengaluru,Goraguntepalya Tumkur Road Junction,BLR_WEST,21,4,469,24.0,0,0.5,4.0,SEVERE
Bengaluru,Central Silk Board Junction,BLR_SOUTH,21,0,154,18.0,1,1.0,5.2,SEVERE
Bengaluru,Goraguntepalya Tumkur Road Junction,BLR_WEST,14,1,68,24.0,0,1.0,18.8,HEAVY
Bengaluru,Whitefield ITPB Main Road,BLR_EAST,6,5,399,16.0,1,0.5,4.0,SEVERE
Bengaluru,Tin Factory & K.R. Puram Junction,BLR_EAST,6,1,271,12.0,1,0.5,4.0,SEVERE
Bengaluru,Electronic City Elevated Expressway,BLR_SOUTH,6,5,245,48.0,1,1.0,29.0,MODERATE
Bengaluru,Outer Ring Road (Marathahalli - Bellandur),BLR_EAST,4,1,223,20.0,1,1.0,12.5,HEAVY
Bengaluru,Whitefield ITPB Main Road,BLR_EAST,13,6,249,16.0,1,1.0,9.6,SEVERE
Bengaluru,Tin Factory & K.R. Puram Junction,BLR_EAST,14,5,338,12.0,1,0.5,4.0,SEVERE
Bengaluru,Hebbal Flyover to Airport Expressway,BLR_NORTH,7,3,272,35.0,0,1.0,20.2,MODERATE
Bengaluru,Central Silk Board Junction,BLR_SOUTH,13,3,173,18.0,1,1.0,12.2,HEAVY
Bengaluru,Electronic City Elevated Expressway,BLR_SOUTH,19,6,112,48.0,1,0.5,7.3,SEVERE
Bengaluru,Central Silk Board Junction,BLR_SOUTH,0,3,318,18.0,1,1.0,9.6,SEVERE
Bengaluru,Outer Ring Road (Marathahalli - Bellandur),BLR_EAST,20,1,251,20.0,1,1.0,4.9,SEVERE
Bengaluru,Central Silk Board Junction,BLR_SOUTH,4,1,470,18.0,1,1.0,6.8,SEVERE
Bengaluru,Electronic City Elevated Expressway,BLR_SOUTH,11,6,586,48.0,1,1.0,5.2,SEVERE
Bengaluru,Goraguntepalya Tumkur Road Junction,BLR_WEST,23,1,221,24.0,0,0.5,7.5,SEVERE
Bengaluru,Outer Ring Road (Marathahalli - Bellandur),BLR_EAST,1,4,193,20.0,1,1.0,13.1,HEAVY
Bengaluru,M.G. Road & Trinity Circle Corridor,BLR_CENTRAL,7,3,346,22.0,0,1.0,11.1,HEAVY
Bengaluru,M.G. Road & Trinity Circle Corridor,BLR_CENTRAL,19,6,223,22.0,0,1.0,8.1,SEVERE
Bengaluru,Outer Ring Road (Marathahalli - Bellandur),BLR_EAST,8,3,341,20.0,1,1.0,4.2,SEVERE
Bengaluru,M.G. Road & Trinity Circle Corridor,BLR_CENTRAL,10,3,87,22.0,0,1.0,9.9,SEVERE
Bengaluru,Whitefield ITPB Main Road,BLR_EAST,7,4,485,16.0,1,1.0,5.8,SEVERE
Bengaluru,Hebbal Flyover to Airport Expressway,BLR_NORTH,18,3,258,35.0,0,1.0,12.2,HEAVY
Bengaluru,Whitefield ITPB Main Road,BLR_EAST,2,1,380,16.0,1,1.0,7.5,SEVERE
Bengaluru,Electronic City Elevated Expressway,BLR_SOUTH,3,1,444,48.0,1,1.0,19.5,HEAVY
Bengaluru,M.G. Road & Trinity Circle Corridor,BLR_CENTRAL,4,0,268,22.0,0,1.0,12.8,HEAVY
Bengaluru,Goraguntepalya Tumkur Road Junction,BLR_WEST,23,3,400,24.0,0,1.0,10.8,HEAVY
Bengaluru,Hebbal Flyover to Airport Expressway,BLR_NORTH,7,2,82,35.0,0,1.0,26.9,MODERATE
Bengaluru,Central Silk Board Junction,BLR_SOUTH,3,0,236,18.0,1,0.5,5.5,SEVERE
Bengaluru,Hebbal Flyover to Airport Expressway,BLR_NORTH,6,6,279,35.0,0,1.0,20.0,MODERATE
Bengaluru,Hebbal Flyover to Airport Expressway,BLR_NORTH,12,2,474,35.0,0,1.0,13.2,HEAVY
Bengaluru,Electronic City Elevated Expressway,BLR_SOUTH,15,6,211,48.0,1,1.0,30.7,LOW
Bengaluru,M.G. Road & Trinity Circle Corridor,BLR_CENTRAL,18,4,277,22.0,0,0.5,4.0,SEVERE
Bengaluru,M.G. Road & Trinity Circle Corridor,BLR_CENTRAL,16,4,338,22.0,0,1.0,11.3,HEAVY
Bengaluru,Outer Ring Road (Marathahalli - Bellandur),BLR_EAST,17,0,105,20.0,1,1.0,6.1,SEVERE
Bengaluru,Whitefield ITPB Main Road,BLR_EAST,15,1,565,16.0,1,1.0,4.6,SEVERE
Bengaluru,M.G. Road & Trinity Circle Corridor,BLR_CENTRAL,6,1,495,22.0,0,1.0,7.8,SEVERE
Bengaluru,Hebbal Flyover to Airport Expressway,BLR_NORTH,3,2,360,35.0,0,1.0,17.1,HEAVY
Bengaluru,Goraguntepalya Tumkur Road Junction,BLR_WEST,21,4,504,24.0,0,0.5,4.0,SEVERE
Bengaluru,Electronic City Elevated Expressway,BLR_SOUTH,23,5,207,48.0,1,1.0,30.9,LOW
Bengaluru,Electronic City Elevated Expressway,BLR_SOUTH,15,4,201,48.0,1,1.0,31.2,LOW
Bengaluru,Electronic City Elevated Expressway,BLR_SOUTH,11,1,168,48.0,1,0.5,6.7,SEVERE
Bengaluru,Tin Factory & K.R. Puram Junction,BLR_EAST,18,3,505,12.0,1,1.0,4.0,SEVERE
Bengaluru,Outer Ring Road (Marathahalli - Bellandur),BLR_EAST,5,0,169,20.0,1,1.0,13.6,HEAVY
Bengaluru,M.G. Road & Trinity Circle Corridor,BLR_CENTRAL,19,4,324,22.0,0,1.0,6.8,SEVERE
Bengaluru,Goraguntepalya Tumkur Road Junction,BLR_WEST,7,1,407,24.0,0,1.0,10.6,HEAVY
Bengaluru,Tin Factory & K.R. Puram Junction,BLR_EAST,9,3,582,12.0,1,0.5,4.0,SEVERE
Bengaluru,Goraguntepalya Tumkur Road Junction,BLR_WEST,7,1,433,24.0,0,1.0,10.0,HEAVY
Bengaluru,Central Silk Board Junction,BLR_SOUTH,11,0,514,18.0,1,1.0,4.0,SEVERE
Bengaluru,Central Silk Board Junction,BLR_SOUTH,3,0,69,18.0,1,1.0,14.1,HEAVY
Bengaluru,Central Silk Board Junction,BLR_SOUTH,18,5,307,18.0,1,1.0,4.0,SEVERE
Bengaluru,Electronic City Elevated Expressway,BLR_SOUTH,5,6,161,48.0,1,1.0,33.1,LOW
Bengaluru,M.G. Road & Trinity Circle Corridor,BLR_CENTRAL,1,2,368,22.0,0,1.0,10.6,HEAVY
Bengaluru,Goraguntepalya Tumkur Road Junction,BLR_WEST,4,1,403,24.0,0,1.0,10.7,HEAVY
Bengaluru,M.G. Road & Trinity Circle Corridor,BLR_CENTRAL,18,5,76,22.0,0,1.0,10.0,HEAVY
Bengaluru,Tin Factory & K.R. Puram Junction,BLR_EAST,21,5,565,12.0,1,1.0,4.0,SEVERE
Bengaluru,Hebbal Flyover to Airport Expressway,BLR_NORTH,20,5,167,35.0,0,1.0,14.1,HEAVY
Bengaluru,Goraguntepalya Tumkur Road Junction,BLR_WEST,5,6,496,24.0,0,0.5,4.2,SEVERE
Bengaluru,Goraguntepalya Tumkur Road Junction,BLR_WEST,7,6,399,24.0,0,1.0,10.8,HEAVY
Bengaluru,Electronic City Elevated Expressway,BLR_SOUTH,16,5,447,48.0,1,1.0,19.3,HEAVY
Bengaluru,Tin Factory & K.R. Puram Junction,BLR_EAST,12,1,340,12.0,1,1.0,6.1,SEVERE
Bengaluru,Electronic City Elevated Expressway,BLR_SOUTH,22,3,503,48.0,1,1.0,16.7,HEAVY
Bengaluru,Goraguntepalya Tumkur Road Junction,BLR_WEST,2,2,155,24.0,0,1.0,16.7,HEAVY
Bengaluru,Central Silk Board Junction,BLR_SOUTH,5,5,220,18.0,1,1.0,11.3,HEAVY
Bengaluru,Electronic City Elevated Expressway,BLR_SOUTH,9,3,99,48.0,1,1.0,14.8,HEAVY
Bengaluru,Electronic City Elevated Expressway,BLR_SOUTH,16,4,282,48.0,1,1.0,27.3,MODERATE
Bengaluru,Hebbal Flyover to Airport Expressway,BLR_NORTH,15,3,586,35.0,0,1.0,9.2,SEVERE
Bengaluru,Central Silk Board Junction,BLR_SOUTH,4,4,428,18.0,1,1.0,7.6,SEVERE
Bengaluru,Hebbal Flyover to Airport Expressway,BLR_NORTH,17,4,201,35.0,0,1.0,13.4,HEAVY
Bengaluru,Hebbal Flyover to Airport Expressway,BLR_NORTH,9,6,381,35.0,0,1.0,9.7,SEVERE
Bengaluru,M.G. Road & Trinity Circle Corridor,BLR_CENTRAL,7,1,251,22.0,0,1.0,13.2,HEAVY
Bengaluru,Tin Factory & K.R. Puram Junction,BLR_EAST,12,2,541,12.0,1,0.5,4.0,SEVERE
Bengaluru,Goraguntepalya Tumkur Road Junction,BLR_WEST,11,6,168,24.0,0,1.0,9.6,SEVERE
Bengaluru,Goraguntepalya Tumkur Road Junction,BLR_WEST,9,5,331,24.0,0,1.0,7.3,SEVERE
Bengaluru,Tin Factory & K.R. Puram Junction,BLR_EAST,13,2,92,12.0,1,1.0,9.1,SEVERE
Bengaluru,Hebbal Flyover to Airport Expressway,BLR_NORTH,10,2,209,35.0,0,1.0,13.2,HEAVY
Bengaluru,Outer Ring Road (Marathahalli - Bellandur),BLR_EAST,14,5,310,20.0,1,1.0,10.8,HEAVY
Bengaluru,Outer Ring Road (Marathahalli - Bellandur),BLR_EAST,11,2,76,20.0,1,1.0,6.4,SEVERE
Bengaluru,Goraguntepalya Tumkur Road Junction,BLR_WEST,12,2,404,24.0,0,0.5,5.4,SEVERE
Bengaluru,Whitefield ITPB Main Road,BLR_EAST,0,2,387,16.0,1,0.5,4.0,SEVERE
Bengaluru,Goraguntepalya Tumkur Road Junction,BLR_WEST,21,5,231,24.0,0,0.5,4.4,SEVERE
Bengaluru,Electronic City Elevated Expressway,BLR_SOUTH,15,0,76,48.0,1,1.0,37.2,LOW
Bengaluru,Central Silk Board Junction,BLR_SOUTH,13,4,277,18.0,1,0.5,5.2,SEVERE
Bengaluru,Outer Ring Road (Marathahalli - Bellandur),BLR_EAST,9,5,377,20.0,1,1.0,4.0,SEVERE
Bengaluru,M.G. Road & Trinity Circle Corridor,BLR_CENTRAL,10,0,555,22.0,0,1.0,4.0,SEVERE
Bengaluru,Outer Ring Road (Marathahalli - Bellandur),BLR_EAST,18,3,286,20.0,1,1.0,4.6,SEVERE
Bengaluru,Tin Factory & K.R. Puram Junction,BLR_EAST,15,5,398,12.0,1,1.0,5.4,SEVERE
Bengaluru,Central Silk Board Junction,BLR_SOUTH,15,1,89,18.0,1,1.0,13.7,HEAVY
Bengaluru,Outer Ring Road (Marathahalli - Bellandur),BLR_EAST,3,1,240,20.0,1,1.0,12.2,HEAVY
Bengaluru,Tin Factory & K.R. Puram Junction,BLR_EAST,14,3,581,12.0,1,0.5,4.0,SEVERE
Bengaluru,Whitefield ITPB Main Road,BLR_EAST,14,2,159,16.0,1,1.0,11.1,HEAVY
Bengaluru,Tin Factory & K.R. Puram Junction,BLR_EAST,6,6,285,12.0,1,1.0,6.8,SEVERE
Bengaluru,Hebbal Flyover to Airport Expressway,BLR_NORTH,14,2,156,35.0,0,1.0,24.3,MODERATE
Bengaluru,Central Silk Board Junction,BLR_SOUTH,14,6,186,18.0,1,1.0,12.0,HEAVY
Bengaluru,Central Silk Board Junction,BLR_SOUTH,11,4,474,18.0,1,1.0,4.0,SEVERE
Bengaluru,Hebbal Flyover to Airport Expressway,BLR_NORTH,17,0,205,35.0,0,0.5,6.6,SEVERE
Bengaluru,Goraguntepalya Tumkur Road Junction,BLR_WEST,16,0,116,24.0,0,1.0,17.6,HEAVY
Bengaluru,Tin Factory & K.R. Puram Junction,BLR_EAST,16,1,540,12.0,1,1.0,4.0,SEVERE
Bengaluru,Tin Factory & K.R. Puram Junction,BLR_EAST,16,0,103,12.0,1,0.5,4.5,SEVERE
Bengaluru,Tin Factory & K.R. Puram Junction,BLR_EAST,6,4,574,12.0,1,1.0,4.0,SEVERE
Bengaluru,Whitefield ITPB Main Road,BLR_EAST,10,3,368,16.0,1,1.0,4.0,SEVERE
Bengaluru,Electronic City Elevated Expressway,BLR_SOUTH,23,3,424,48.0,1,1.0,20.4,MODERATE
Bengaluru,Electronic City Elevated Expressway,BLR_SOUTH,12,2,428,48.0,1,1.0,20.3,MODERATE
Bengaluru,M.G. Road & Trinity Circle Corridor,BLR_CENTRAL,17,6,141,22.0,0,0.5,4.6,SEVERE
Bengaluru,Tin Factory & K.R. Puram Junction,BLR_EAST,10,6,146,12.0,1,1.0,4.0,SEVERE
Bengaluru,Goraguntepalya Tumkur Road Junction,BLR_WEST,1,0,550,24.0,0,0.5,4.0,SEVERE
Bengaluru,M.G. Road & Trinity Circle Corridor,BLR_CENTRAL,23,3,347,22.0,0,1.0,11.1,HEAVY
Bengaluru,Outer Ring Road (Marathahalli - Bellandur),BLR_EAST,10,4,115,20.0,1,0.5,4.0,SEVERE
Bengaluru,M.G. Road & Trinity Circle Corridor,BLR_CENTRAL,0,1,322,22.0,0,1.0,11.6,HEAVY
Bengaluru,M.G. Road & Trinity Circle Corridor,BLR_CENTRAL,5,3,439,22.0,0,0.5,4.5,SEVERE
Bengaluru,Outer Ring Road (Marathahalli - Bellandur),BLR_EAST,3,6,294,20.0,1,0.5,5.6,SEVERE
Bengaluru,Central Silk Board Junction,BLR_SOUTH,0,4,252,18.0,1,1.0,10.8,HEAVY
Bengaluru,Hebbal Flyover to Airport Expressway,BLR_NORTH,10,1,110,35.0,0,1.0,15.2,HEAVY
Bengaluru,M.G. Road & Trinity Circle Corridor,BLR_CENTRAL,17,5,98,22.0,0,0.5,4.9,SEVERE
Bengaluru,Goraguntepalya Tumkur Road Junction,BLR_WEST,7,5,71,24.0,0,0.5,9.3,SEVERE
Bengaluru,Hebbal Flyover to Airport Expressway,BLR_NORTH,2,0,317,35.0,0,0.5,9.3,SEVERE
Bengaluru,Electronic City Elevated Expressway,BLR_SOUTH,18,3,291,48.0,1,1.0,11.0,HEAVY
Bengaluru,Electronic City Elevated Expressway,BLR_SOUTH,13,2,239,48.0,1,1.0,29.3,MODERATE
Bengaluru,Central Silk Board Junction,BLR_SOUTH,19,3,487,18.0,1,1.0,4.0,SEVERE
Bengaluru,Goraguntepalya Tumkur Road Junction,BLR_WEST,0,3,372,24.0,0,1.0,11.5,HEAVY
Bengaluru,Goraguntepalya Tumkur Road Junction,BLR_WEST,5,6,539,24.0,0,1.0,7.5,SEVERE
Bengaluru,Outer Ring Road (Marathahalli - Bellandur),BLR_EAST,15,0,138,20.0,1,1.0,14.2,HEAVY
Bengaluru,Outer Ring Road (Marathahalli - Bellandur),BLR_EAST,6,6,249,20.0,1,1.0,12.0,HEAVY
Bengaluru,Hebbal Flyover to Airport Expressway,BLR_NORTH,12,3,434,35.0,0,1.0,14.6,HEAVY
Bengaluru,Electronic City Elevated Expressway,BLR_SOUTH,23,3,261,48.0,1,1.0,28.3,MODERATE
Bengaluru,Outer Ring Road (Marathahalli - Bellandur),BLR_EAST,13,6,543,20.0,1,0.5,4.0,SEVERE
Bengaluru,Tin Factory & K.R. Puram Junction,BLR_EAST,0,0,255,12.0,1,1.0,7.1,SEVERE
Bengaluru,M.G. Road & Trinity Circle Corridor,BLR_CENTRAL,3,4,77,22.0,0,1.0,17.0,HEAVY
Bengaluru,Tin Factory & K.R. Puram Junction,BLR_EAST,21,0,218,12.0,1,1.0,4.0,SEVERE
Bengaluru,Central Silk Board Junction,BLR_SOUTH,18,6,349,18.0,1,1.0,4.0,SEVERE
Bengaluru,Goraguntepalya Tumkur Road Junction,BLR_WEST,2,5,214,24.0,0,1.0,15.3,HEAVY
Bengaluru,Goraguntepalya Tumkur Road Junction,BLR_WEST,17,2,449,24.0,0,0.5,4.0,SEVERE
Bengaluru,Electronic City Elevated Expressway,BLR_SOUTH,1,2,531,48.0,1,1.0,15.3,HEAVY
Bengaluru,Hebbal Flyover to Airport Expressway,BLR_NORTH,18,5,511,35.0,0,1.0,7.0,SEVERE
Bengaluru,Outer Ring Road (Marathahalli - Bellandur),BLR_EAST,0,6,571,20.0,1,1.0,5.6,SEVERE
Bengaluru,Electronic City Elevated Expressway,BLR_SOUTH,19,6,493,48.0,1,1.0,7.1,SEVERE
Bengaluru,Central Silk Board Junction,BLR_SOUTH,17,0,113,18.0,1,1.0,5.5,SEVERE
Bengaluru,Hebbal Flyover to Airport Expressway,BLR_NORTH,0,3,536,35.0,0,1.0,11.0,HEAVY
Bengaluru,Outer Ring Road (Marathahalli - Bellandur),BLR_EAST,14,0,594,20.0,1,1.0,5.1,SEVERE
Bengaluru,Hebbal Flyover to Airport Expressway,BLR_NORTH,23,3,72,35.0,0,0.5,13.6,HEAVY
Bengaluru,Central Silk Board Junction,BLR_SOUTH,1,1,61,18.0,1,1.0,14.2,HEAVY
Bengaluru,Goraguntepalya Tumkur Road Junction,BLR_WEST,20,4,229,24.0,0,1.0,8.8,SEVERE
Bengaluru,Tin Factory & K.R. Puram Junction,BLR_EAST,8,3,530,12.0,1,1.0,4.0,SEVERE
Bengaluru,Tin Factory & K.R. Puram Junction,BLR_EAST,6,1,414,12.0,1,0.5,4.0,SEVERE
Bengaluru,Whitefield ITPB Main Road,BLR_EAST,18,2,108,16.0,1,0.5,4.0,SEVERE
Bengaluru,M.G. Road & Trinity Circle Corridor,BLR_CENTRAL,21,4,95,22.0,0,1.0,9.8,SEVERE
Bengaluru,Outer Ring Road (Marathahalli - Bellandur),BLR_EAST,10,1,133,20.0,1,1.0,5.9,SEVERE
Bengaluru,Hebbal Flyover to Airport Expressway,BLR_NORTH,1,4,147,35.0,0,1.0,24.6,MODERATE
Bengaluru,Hebbal Flyover to Airport Expressway,BLR_NORTH,13,6,281,35.0,0,1.0,19.9,HEAVY
Bengaluru,Tin Factory & K.R. Puram Junction,BLR_EAST,23,3,377,12.0,1,1.0,5.7,SEVERE
Bengaluru,Goraguntepalya Tumkur Road Junction,BLR_WEST,12,5,479,24.0,0,1.0,8.9,SEVERE
Bengaluru,Electronic City Elevated Expressway,BLR_SOUTH,22,1,102,48.0,1,1.0,35.9,LOW
Bengaluru,Whitefield ITPB Main Road,BLR_EAST,13,5,431,16.0,1,1.0,6.7,SEVERE
Bengaluru,Central Silk Board Junction,BLR_SOUTH,11,2,515,18.0,1,1.0,4.0,SEVERE
Bengaluru,Whitefield ITPB Main Road,BLR_EAST,14,6,377,16.0,1,1.0,7.6,SEVERE
Bengaluru,Central Silk Board Junction,BLR_SOUTH,6,6,567,18.0,1,1.0,5.1,SEVERE
Bengaluru,M.G. Road & Trinity Circle Corridor,BLR_CENTRAL,22,0,414,22.0,0,1.0,9.6,SEVERE
Bengaluru,Electronic City Elevated Expressway,BLR_SOUTH,8,1,470,48.0,1,1.0,7.5,SEVERE
Bengaluru,Whitefield ITPB Main Road,BLR_EAST,14,3,228,16.0,1,1.0,10.0,HEAVY
Bengaluru,Central Silk Board Junction,BLR_SOUTH,16,1,290,18.0,1,1.0,10.1,HEAVY
Bengaluru,Outer Ring Road (Marathahalli - Bellandur),BLR_EAST,11,4,454,20.0,1,1.0,4.0,SEVERE
Bengaluru,M.G. Road & Trinity Circle Corridor,BLR_CENTRAL,22,2,562,22.0,0,1.0,6.3,SEVERE
Bengaluru,M.G. Road & Trinity Circle Corridor,BLR_CENTRAL,19,6,218,22.0,0,1.0,8.2,SEVERE
Bengaluru,Tin Factory & K.R. Puram Junction,BLR_EAST,4,6,343,12.0,1,1.0,6.1,SEVERE
Bengaluru,Hebbal Flyover to Airport Expressway,BLR_NORTH,9,1,500,35.0,0,0.5,4.0,SEVERE
Bengaluru,M.G. Road & Trinity Circle Corridor,BLR_CENTRAL,3,3,93,22.0,0,0.5,8.3,SEVERE
Bengaluru,Hebbal Flyover to Airport Expressway,BLR_NORTH,23,3,430,35.0,0,1.0,14.7,HEAVY
Bengaluru,Electronic City Elevated Expressway,BLR_SOUTH,19,3,498,48.0,1,1.0,7.0,SEVERE
Bengaluru,Electronic City Elevated Expressway,BLR_SOUTH,7,5,266,48.0,1,1.0,28.0,MODERATE
Bengaluru,Hebbal Flyover to Airport Expressway,BLR_NORTH,15,1,566,35.0,0,1.0,9.9,SEVERE
Bengaluru,Outer Ring Road (Marathahalli - Bellandur),BLR_EAST,21,5,256,20.0,1,1.0,4.9,SEVERE
Bengaluru,M.G. Road & Trinity Circle Corridor,BLR_CENTRAL,10,6,70,22.0,0,1.0,10.1,HEAVY
Bengaluru,Hebbal Flyover to Airport Expressway,BLR_NORTH,7,6,308,35.0,0,0.5,9.5,SEVERE
Bengaluru,Electronic City Elevated Expressway,BLR_SOUTH,6,0,328,48.0,1,1.0,25.1,MODERATE
Bengaluru,Goraguntepalya Tumkur Road Junction,BLR_WEST,4,4,531,24.0,0,0.5,4.0,SEVERE
Bengaluru,Whitefield ITPB Main Road,BLR_EAST,10,4,222,16.0,1,1.0,4.1,SEVERE
Bengaluru,M.G. Road & Trinity Circle Corridor,BLR_CENTRAL,5,3,91,22.0,0,0.5,8.3,SEVERE
Bengaluru,Central Silk Board Junction,BLR_SOUTH,11,6,63,18.0,1,1.0,5.8,SEVERE
Bengaluru,Central Silk Board Junction,BLR_SOUTH,14,1,406,18.0,1,0.5,4.0,SEVERE
Bengaluru,Central Silk Board Junction,BLR_SOUTH,19,0,294,18.0,1,1.0,4.1,SEVERE
Bengaluru,Tin Factory & K.R. Puram Junction,BLR_EAST,3,2,539,12.0,1,1.0,4.0,SEVERE
Bengaluru,Electronic City Elevated Expressway,BLR_SOUTH,22,3,539,48.0,1,1.0,14.9,HEAVY
Bengaluru,Central Silk Board Junction,BLR_SOUTH,19,2,439,18.0,1,1.0,4.0,SEVERE
Bengaluru,Outer Ring Road (Marathahalli - Bellandur),BLR_EAST,7,6,528,20.0,1,1.0,6.4,SEVERE
Bengaluru,M.G. Road & Trinity Circle Corridor,BLR_CENTRAL,18,1,299,22.0,0,0.5,4.0,SEVERE
Bengaluru,M.G. Road & Trinity Circle Corridor,BLR_CENTRAL,18,1,227,22.0,0,1.0,8.1,SEVERE
Bengaluru,Electronic City Elevated Expressway,BLR_SOUTH,8,2,594,48.0,1,1.0,5.1,SEVERE
Bengaluru,Central Silk Board Junction,BLR_SOUTH,0,2,522,18.0,1,1.0,5.9,SEVERE
Bengaluru,M.G. Road & Trinity Circle Corridor,BLR_CENTRAL,1,6,448,22.0,0,1.0,8.8,SEVERE
Bengaluru,Goraguntepalya Tumkur Road Junction,BLR_WEST,16,1,283,24.0,0,1.0,13.6,HEAVY
Bengaluru,Tin Factory & K.R. Puram Junction,BLR_EAST,8,4,363,12.0,1,1.0,4.0,SEVERE
Bengaluru,Whitefield ITPB Main Road,BLR_EAST,20,2,598,16.0,1,1.0,4.0,SEVERE
Bengaluru,Electronic City Elevated Expressway,BLR_SOUTH,10,6,460,48.0,1,0.5,4.0,SEVERE
Bengaluru,Electronic City Elevated Expressway,BLR_SOUTH,6,0,227,48.0,1,1.0,29.9,MODERATE
Bengaluru,M.G. Road & Trinity Circle Corridor,BLR_CENTRAL,0,5,353,22.0,0,1.0,10.9,HEAVY
Bengaluru,Goraguntepalya Tumkur Road Junction,BLR_WEST,12,3,387,24.0,0,1.0,11.1,HEAVY
Bengaluru,M.G. Road & Trinity Circle Corridor,BLR_CENTRAL,12,4,71,22.0,0,1.0,17.1,HEAVY
Bengaluru,Central Silk Board Junction,BLR_SOUTH,16,3,502,18.0,1,1.0,6.3,SEVERE
Bengaluru,Central Silk Board Junction,BLR_SOUTH,2,0,246,18.0,1,1.0,10.9,HEAVY
Bengaluru,Whitefield ITPB Main Road,BLR_EAST,12,2,223,16.0,1,1.0,10.0,HEAVY
Bengaluru,Whitefield ITPB Main Road,BLR_EAST,21,5,587,16.0,1,1.0,4.0,SEVERE
Bengaluru,Outer Ring Road (Marathahalli - Bellandur),BLR_EAST,8,5,88,20.0,1,1.0,6.3,SEVERE
Bengaluru,Whitefield ITPB Main Road,BLR_EAST,15,6,374,16.0,1,1.0,7.6,SEVERE
Bengaluru,Goraguntepalya Tumkur Road Junction,BLR_WEST,16,0,188,24.0,0,1.0,15.9,HEAVY
Bengaluru,Central Silk Board Junction,BLR_SOUTH,15,2,166,18.0,1,0.5,6.2,SEVERE
Bengaluru,Goraguntepalya Tumkur Road Junction,BLR_WEST,19,1,550,24.0,0,1.0,4.2,SEVERE
Bengaluru,Tin Factory & K.R. Puram Junction,BLR_EAST,0,4,597,12.0,1,0.5,4.0,SEVERE
Bengaluru,Central Silk Board Junction,BLR_SOUTH,21,5,489,18.0,1,1.0,4.0,SEVERE
Bengaluru,Outer Ring Road (Marathahalli - Bellandur),BLR_EAST,0,5,574,20.0,1,1.0,5.5,SEVERE
Bengaluru,Outer Ring Road (Marathahalli - Bellandur),BLR_EAST,16,4,442,20.0,1,1.0,8.2,SEVERE
Bengaluru,Goraguntepalya Tumkur Road Junction,BLR_WEST,3,6,370,24.0,0,1.0,11.5,HEAVY
Bengaluru,Electronic City Elevated Expressway,BLR_SOUTH,20,2,513,48.0,1,0.5,4.0,SEVERE
Bengaluru,Central Silk Board Junction,BLR_SOUTH,5,5,389,18.0,1,1.0,8.3,SEVERE
Bengaluru,Hebbal Flyover to Airport Expressway,BLR_NORTH,19,3,229,35.0,0,1.0,12.8,HEAVY
Bengaluru,Central Silk Board Junction,BLR_SOUTH,23,3,235,18.0,1,1.0,11.1,HEAVY
Bengaluru,Goraguntepalya Tumkur Road Junction,BLR_WEST,22,0,231,24.0,0,1.0,14.9,HEAVY
Bengaluru,Goraguntepalya Tumkur Road Junction,BLR_WEST,21,2,90,24.0,0,0.5,5.4,SEVERE
Bengaluru,Tin Factory & K.R. Puram Junction,BLR_EAST,10,3,72,12.0,1,0.5,4.0,SEVERE
Bengaluru,Central Silk Board Junction,BLR_SOUTH,12,5,413,18.0,1,1.0,7.9,SEVERE
Bengaluru,Whitefield ITPB Main Road,BLR_EAST,1,3,156,16.0,1,1.0,11.1,HEAVY
Bengaluru,Goraguntepalya Tumkur Road Junction,BLR_WEST,23,4,338,24.0,0,1.0,12.3,HEAVY
Bengaluru,Whitefield ITPB Main Road,BLR_EAST,0,6,414,16.0,1,1.0,7.0,SEVERE
Bengaluru,Tin Factory & K.R. Puram Junction,BLR_EAST,7,6,91,12.0,1,0.5,4.6,SEVERE
Bengaluru,Outer Ring Road (Marathahalli - Bellandur),BLR_EAST,2,2,340,20.0,1,0.5,5.1,SEVERE
Bengaluru,Tin Factory & K.R. Puram Junction,BLR_EAST,8,2,538,12.0,1,0.5,4.0,SEVERE
Bengaluru,Whitefield ITPB Main Road,BLR_EAST,7,3,422,16.0,1,1.0,6.8,SEVERE
Bengaluru,Outer Ring Road (Marathahalli - Bellandur),BLR_EAST,20,2,350,20.0,1,1.0,4.1,SEVERE
Bengaluru,M.G. Road & Trinity Circle Corridor,BLR_CENTRAL,4,6,402,22.0,0,1.0,9.9,SEVERE
Bengaluru,Outer Ring Road (Marathahalli - Bellandur),BLR_EAST,4,5,414,20.0,1,1.0,8.7,SEVERE
Bengaluru,Goraguntepalya Tumkur Road Junction,BLR_WEST,6,4,555,24.0,0,1.0,7.1,SEVERE
Bengaluru,Hebbal Flyover to Airport Expressway,BLR_NORTH,9,6,202,35.0,0,0.5,6.7,SEVERE
Bengaluru,Hebbal Flyover to Airport Expressway,BLR_NORTH,15,5,389,35.0,0,1.0,16.1,HEAVY
Bengaluru,M.G. Road & Trinity Circle Corridor,BLR_CENTRAL,19,0,593,22.0,0,0.5,4.0,SEVERE
Bengaluru,Tin Factory & K.R. Puram Junction,BLR_EAST,6,5,517,12.0,1,1.0,4.0,SEVERE
Bengaluru,Electronic City Elevated Expressway,BLR_SOUTH,20,4,581,48.0,1,0.5,4.0,SEVERE
Bengaluru,Goraguntepalya Tumkur Road Junction,BLR_WEST,21,1,408,24.0,0,1.0,6.2,SEVERE
Bengaluru,M.G. Road & Trinity Circle Corridor,BLR_CENTRAL,10,1,219,22.0,0,0.5,4.1,SEVERE
Bengaluru,Whitefield ITPB Main Road,BLR_EAST,7,4,354,16.0,1,1.0,7.9,SEVERE
Bengaluru,M.G. Road & Trinity Circle Corridor,BLR_CENTRAL,5,6,180,22.0,0,1.0,14.7,HEAVY
Bengaluru,Tin Factory & K.R. Puram Junction,BLR_EAST,6,4,223,12.0,1,1.0,7.5,SEVERE
Bengaluru,Hebbal Flyover to Airport Expressway,BLR_NORTH,2,5,81,35.0,0,1.0,26.9,MODERATE
Bengaluru,Tin Factory & K.R. Puram Junction,BLR_EAST,14,6,206,12.0,1,0.5,4.0,SEVERE
Bengaluru,M.G. Road & Trinity Circle Corridor,BLR_CENTRAL,21,1,236,22.0,0,0.5,4.0,SEVERE
Bengaluru,Central Silk Board Junction,BLR_SOUTH,16,1,126,18.0,1,1.0,13.0,HEAVY
Bengaluru,Goraguntepalya Tumkur Road Junction,BLR_WEST,22,5,407,24.0,0,1.0,10.6,HEAVY
Bengaluru,Tin Factory & K.R. Puram Junction,BLR_EAST,3,6,383,12.0,1,0.5,4.0,SEVERE
Bengaluru,Tin Factory & K.R. Puram Junction,BLR_EAST,17,3,62,12.0,1,1.0,4.0,SEVERE
Bengaluru,Tin Factory & K.R. Puram Junction,BLR_EAST,0,2,574,12.0,1,1.0,4.0,SEVERE
Bengaluru,Whitefield ITPB Main Road,BLR_EAST,6,0,371,16.0,1,1.0,7.7,SEVERE
Bengaluru,Electronic City Elevated Expressway,BLR_SOUTH,12,6,325,48.0,1,1.0,25.2,MODERATE
Bengaluru,Hebbal Flyover to Airport Expressway,BLR_NORTH,1,2,282,35.0,0,1.0,19.9,HEAVY
Bengaluru,Electronic City Elevated Expressway,BLR_SOUTH,15,0,477,48.0,1,1.0,17.9,HEAVY
Bengaluru,Central Silk Board Junction,BLR_SOUTH,3,0,316,18.0,1,1.0,9.6,SEVERE
Bengaluru,Outer Ring Road (Marathahalli - Bellandur),BLR_EAST,0,3,373,20.0,1,1.0,9.5,SEVERE
Bengaluru,Central Silk Board Junction,BLR_SOUTH,13,6,121,18.0,1,1.0,13.1,HEAVY
Bengaluru,Goraguntepalya Tumkur Road Junction,BLR_WEST,4,2,259,24.0,0,1.0,14.2,HEAVY
Bengaluru,Hebbal Flyover to Airport Expressway,BLR_NORTH,1,1,193,35.0,0,1.0,23.0,MODERATE
Bengaluru,Hebbal Flyover to Airport Expressway,BLR_NORTH,2,0,175,35.0,0,1.0,23.6,MODERATE
Bengaluru,Central Silk Board Junction,BLR_SOUTH,11,4,187,18.0,1,0.5,4.0,SEVERE
Bengaluru,Whitefield ITPB Main Road,BLR_EAST,1,4,244,16.0,1,1.0,9.7,SEVERE
Bengaluru,Outer Ring Road (Marathahalli - Bellandur),BLR_EAST,10,0,111,20.0,1,1.0,6.1,SEVERE
Bengaluru,M.G. Road & Trinity Circle Corridor,BLR_CENTRAL,2,4,92,22.0,0,1.0,16.7,HEAVY
Bengaluru,M.G. Road & Trinity Circle Corridor,BLR_CENTRAL,7,0,65,22.0,0,1.0,17.3,HEAVY
Bengaluru,Outer Ring Road (Marathahalli - Bellandur),BLR_EAST,10,4,158,20.0,1,1.0,5.7,SEVERE
Bengaluru,Outer Ring Road (Marathahalli - Bellandur),BLR_EAST,7,0,317,20.0,1,1.0,10.7,HEAVY
Bengaluru,M.G. Road & Trinity Circle Corridor,BLR_CENTRAL,2,0,309,22.0,0,0.5,6.0,SEVERE
Bengaluru,Outer Ring Road (Marathahalli - Bellandur),BLR_EAST,16,2,495,20.0,1,1.0,7.1,SEVERE
Bengaluru,Central Silk Board Junction,BLR_SOUTH,21,3,302,18.0,1,1.0,4.1,SEVERE
Bengaluru,Central Silk Board Junction,BLR_SOUTH,6,6,458,18.0,1,1.0,7.1,SEVERE
Bengaluru,Outer Ring Road (Marathahalli - Bellandur),BLR_EAST,0,2,574,20.0,1,1.0,5.5,SEVERE
Bengaluru,Tin Factory & K.R. Puram Junction,BLR_EAST,21,5,223,12.0,1,1.0,4.0,SEVERE
Bengaluru,Electronic City Elevated Expressway,BLR_SOUTH,1,5,402,48.0,1,1.0,21.5,MODERATE
Bengaluru,Tin Factory & K.R. Puram Junction,BLR_EAST,15,2,351,12.0,1,1.0,6.0,SEVERE
Bengaluru,Tin Factory & K.R. Puram Junction,BLR_EAST,20,4,280,12.0,1,0.5,4.0,SEVERE
Bengaluru,Whitefield ITPB Main Road,BLR_EAST,4,4,370,16.0,1,1.0,7.7,SEVERE
Bengaluru,M.G. Road & Trinity Circle Corridor,BLR_CENTRAL,13,5,326,22.0,0,1.0,11.5,HEAVY
Bengaluru,Hebbal Flyover to Airport Expressway,BLR_NORTH,9,5,388,35.0,0,0.5,4.8,SEVERE
Bengaluru,Hebbal Flyover to Airport Expressway,BLR_NORTH,11,5,136,35.0,0,0.5,7.3,SEVERE
Bengaluru,Central Silk Board Junction,BLR_SOUTH,20,4,190,18.0,1,1.0,4.9,SEVERE
Bengaluru,Outer Ring Road (Marathahalli - Bellandur),BLR_EAST,12,4,441,20.0,1,0.5,4.1,SEVERE
Bengaluru,Tin Factory & K.R. Puram Junction,BLR_EAST,19,0,374,12.0,1,0.5,4.0,SEVERE
Bengaluru,Goraguntepalya Tumkur Road Junction,BLR_WEST,2,2,405,24.0,0,1.0,10.7,HEAVY
Bengaluru,Hebbal Flyover to Airport Expressway,BLR_NORTH,12,3,128,35.0,0,1.0,25.3,MODERATE
Bengaluru,M.G. Road & Trinity Circle Corridor,BLR_CENTRAL,1,6,367,22.0,0,1.0,10.6,HEAVY
Bengaluru,Outer Ring Road (Marathahalli - Bellandur),BLR_EAST,13,6,413,20.0,1,1.0,8.7,SEVERE
Bengaluru,Central Silk Board Junction,BLR_SOUTH,11,2,206,18.0,1,0.5,4.0,SEVERE
Bengaluru,Outer Ring Road (Marathahalli - Bellandur),BLR_EAST,13,3,320,20.0,1,1.0,10.6,HEAVY
Bengaluru,Outer Ring Road (Marathahalli - Bellandur),BLR_EAST,16,5,78,20.0,1,0.5,7.7,SEVERE
Bengaluru,Electronic City Elevated Expressway,BLR_SOUTH,22,0,262,48.0,1,1.0,28.2,MODERATE
Bengaluru,Central Silk Board Junction,BLR_SOUTH,4,5,246,18.0,1,1.0,10.9,HEAVY
Bengaluru,Outer Ring Road (Marathahalli - Bellandur),BLR_EAST,9,2,439,20.0,1,1.0,4.0,SEVERE
Bengaluru,Goraguntepalya Tumkur Road Junction,BLR_WEST,13,4,584,24.0,0,1.0,6.4,SEVERE
Bengaluru,Tin Factory & K.R. Puram Junction,BLR_EAST,3,2,347,12.0,1,0.5,4.0,SEVERE
Bengaluru,Outer Ring Road (Marathahalli - Bellandur),BLR_EAST,20,5,148,20.0,1,1.0,5.8,SEVERE
Bengaluru,Electronic City Elevated Expressway,BLR_SOUTH,16,2,397,48.0,1,1.0,21.7,MODERATE
Bengaluru,Outer Ring Road (Marathahalli - Bellandur),BLR_EAST,11,0,579,20.0,1,0.5,4.0,SEVERE
Bengaluru,Tin Factory & K.R. Puram Junction,BLR_EAST,11,5,501,12.0,1,0.5,4.0,SEVERE
Bengaluru,Tin Factory & K.R. Puram Junction,BLR_EAST,17,2,429,12.0,1,1.0,4.0,SEVERE
Bengaluru,Central Silk Board Junction,BLR_SOUTH,19,0,290,18.0,1,1.0,4.2,SEVERE
Bengaluru,Hebbal Flyover to Airport Expressway,BLR_NORTH,13,4,274,35.0,0,0.5,10.1,HEAVY
Bengaluru,Tin Factory & K.R. Puram Junction,BLR_EAST,10,0,318,12.0,1,1.0,4.0,SEVERE
Bengaluru,Outer Ring Road (Marathahalli - Bellandur),BLR_EAST,14,2,78,20.0,1,1.0,15.4,HEAVY
Bengaluru,Central Silk Board Junction,BLR_SOUTH,12,5,238,18.0,1,1.0,11.0,HEAVY
Bengaluru,Tin Factory & K.R. Puram Junction,BLR_EAST,10,3,453,12.0,1,1.0,4.0,SEVERE
Bengaluru,Tin Factory & K.R. Puram Junction,BLR_EAST,18,0,215,12.0,1,0.5,4.0,SEVERE
Bengaluru,Electronic City Elevated Expressway,BLR_SOUTH,3,0,210,48.0,1,1.0,30.7,LOW
Bengaluru,Whitefield ITPB Main Road,BLR_EAST,0,0,227,16.0,1,0.5,5.0,SEVERE
Bengaluru,Goraguntepalya Tumkur Road Junction,BLR_WEST,21,6,223,24.0,0,1.0,8.9,SEVERE
Bengaluru,Central Silk Board Junction,BLR_SOUTH,12,5,297,18.0,1,0.5,5.0,SEVERE
Bengaluru,Outer Ring Road (Marathahalli - Bellandur),BLR_EAST,11,0,273,20.0,1,1.0,4.8,SEVERE
Bengaluru,Hebbal Flyover to Airport Expressway,BLR_NORTH,13,6,189,35.0,0,1.0,23.1,MODERATE
Bengaluru,Tin Factory & K.R. Puram Junction,BLR_EAST,16,2,180,12.0,1,0.5,4.0,SEVERE
Bengaluru,Goraguntepalya Tumkur Road Junction,BLR_WEST,4,1,134,24.0,0,0.5,8.6,SEVERE
Bengaluru,Central Silk Board Junction,BLR_SOUTH,10,1,87,18.0,1,0.5,4.0,SEVERE
Bengaluru,M.G. Road & Trinity Circle Corridor,BLR_CENTRAL,1,3,166,22.0,0,1.0,15.0,HEAVY
Bengaluru,Whitefield ITPB Main Road,BLR_EAST,3,4,578,16.0,1,1.0,4.4,SEVERE
Bengaluru,Outer Ring Road (Marathahalli - Bellandur),BLR_EAST,19,1,88,20.0,1,1.0,6.3,SEVERE
Bengaluru,Central Silk Board Junction,BLR_SOUTH,13,1,203,18.0,1,1.0,11.6,HEAVY
Bengaluru,Tin Factory & K.R. Puram Junction,BLR_EAST,22,6,327,12.0,1,1.0,6.3,SEVERE
Bengaluru,M.G. Road & Trinity Circle Corridor,BLR_CENTRAL,1,5,68,22.0,0,1.0,17.2,HEAVY
Bengaluru,Goraguntepalya Tumkur Road Junction,BLR_WEST,21,3,535,24.0,0,1.0,4.4,SEVERE
Bengaluru,Whitefield ITPB Main Road,BLR_EAST,5,3,359,16.0,1,1.0,7.9,SEVERE
Bengaluru,Hebbal Flyover to Airport Expressway,BLR_NORTH,15,6,215,35.0,0,0.5,11.1,HEAVY
Bengaluru,M.G. Road & Trinity Circle Corridor,BLR_CENTRAL,21,2,372,22.0,0,1.0,6.2,SEVERE
Bengaluru,Goraguntepalya Tumkur Road Junction,BLR_WEST,17,1,403,24.0,0,1.0,6.3,SEVERE
Bengaluru,Goraguntepalya Tumkur Road Junction,BLR_WEST,5,5,335,24.0,0,0.5,6.2,SEVERE
Bengaluru,Goraguntepalya Tumkur Road Junction,BLR_WEST,0,0,262,24.0,0,1.0,14.1,HEAVY
Bengaluru,Electronic City Elevated Expressway,BLR_SOUTH,0,2,277,48.0,1,1.0,27.5,MODERATE
Bengaluru,Outer Ring Road (Marathahalli - Bellandur),BLR_EAST,14,6,592,20.0,1,1.0,5.2,SEVERE
Bengaluru,Whitefield ITPB Main Road,BLR_EAST,2,2,441,16.0,1,1.0,6.5,SEVERE
Bengaluru,Electronic City Elevated Expressway,BLR_SOUTH,23,6,530,48.0,1,1.0,15.4,HEAVY
Bengaluru,Central Silk Board Junction,BLR_SOUTH,15,6,399,18.0,1,0.5,4.1,SEVERE
Bengaluru,Electronic City Elevated Expressway,BLR_SOUTH,9,1,456,48.0,1,1.0,7.8,SEVERE
Bengaluru,Hebbal Flyover to Airport Expressway,BLR_NORTH,12,5,194,35.0,0,1.0,23.0,MODERATE
Bengaluru,Goraguntepalya Tumkur Road Junction,BLR_WEST,14,5,362,24.0,0,1.0,11.7,HEAVY
Bengaluru,Whitefield ITPB Main Road,BLR_EAST,10,3,225,16.0,1,1.0,4.1,SEVERE
Bengaluru,Whitefield ITPB Main Road,BLR_EAST,15,3,100,16.0,1,0.5,6.0,SEVERE
Bengaluru,Central Silk Board Junction,BLR_SOUTH,23,1,571,18.0,1,1.0,5.0,SEVERE
Bengaluru,Outer Ring Road (Marathahalli - Bellandur),BLR_EAST,4,2,348,20.0,1,1.0,10.0,HEAVY
Bengaluru,Tin Factory & K.R. Puram Junction,BLR_EAST,4,0,356,12.0,1,1.0,5.9,SEVERE
Bengaluru,Central Silk Board Junction,BLR_SOUTH,11,5,524,18.0,1,0.5,4.0,SEVERE
Bengaluru,Tin Factory & K.R. Puram Junction,BLR_EAST,6,6,556,12.0,1,0.5,4.0,SEVERE
Bengaluru,Goraguntepalya Tumkur Road Junction,BLR_WEST,1,3,416,24.0,0,1.0,10.4,HEAVY
Bengaluru,Goraguntepalya Tumkur Road Junction,BLR_WEST,10,0,173,24.0,0,0.5,4.8,SEVERE
Bengaluru,Tin Factory & K.R. Puram Junction,BLR_EAST,3,2,438,12.0,1,1.0,4.9,SEVERE
Bengaluru,Electronic City Elevated Expressway,BLR_SOUTH,16,0,198,48.0,1,0.5,15.6,HEAVY
Bengaluru,Hebbal Flyover to Airport Expressway,BLR_NORTH,7,6,236,35.0,0,1.0,21.5,MODERATE
Bengaluru,Goraguntepalya Tumkur Road Junction,BLR_WEST,3,5,317,24.0,0,1.0,12.8,HEAVY
Bengaluru,Electronic City Elevated Expressway,BLR_SOUTH,0,0,518,48.0,1,1.0,15.9,HEAVY
Bengaluru,Outer Ring Road (Marathahalli - Bellandur),BLR_EAST,17,4,424,20.0,1,1.0,4.0,SEVERE
Bengaluru,Outer Ring Road (Marathahalli - Bellandur),BLR_EAST,8,3,261,20.0,1,1.0,4.9,SEVERE
Bengaluru,Whitefield ITPB Main Road,BLR_EAST,10,4,350,16.0,1,1.0,4.0,SEVERE
Bengaluru,Hebbal Flyover to Airport Expressway,BLR_NORTH,2,6,537,35.0,0,1.0,11.0,HEAVY
Bengaluru,Goraguntepalya Tumkur Road Junction,BLR_WEST,2,2,285,24.0,0,1.0,13.6,HEAVY
Bengaluru,M.G. Road & Trinity Circle Corridor,BLR_CENTRAL,17,0,309,22.0,0,1.0,7.0,SEVERE
Bengaluru,M.G. Road & Trinity Circle Corridor,BLR_CENTRAL,17,5,224,22.0,0,0.5,4.1,SEVERE
Bengaluru,Goraguntepalya Tumkur Road Junction,BLR_WEST,9,2,188,24.0,0,1.0,9.3,SEVERE
Bengaluru,Tin Factory & K.R. Puram Junction,BLR_EAST,5,2,394,12.0,1,1.0,5.5,SEVERE
Bengaluru,M.G. Road & Trinity Circle Corridor,BLR_CENTRAL,15,5,253,22.0,0,1.0,13.1,HEAVY
Bengaluru,Tin Factory & K.R. Puram Junction,BLR_EAST,10,0,233,12.0,1,1.0,4.0,SEVERE
Bengaluru,Whitefield ITPB Main Road,BLR_EAST,20,1,251,16.0,1,0.5,4.0,SEVERE
Bengaluru,Tin Factory & K.R. Puram Junction,BLR_EAST,22,4,309,12.0,1,1.0,6.5,SEVERE
Bengaluru,M.G. Road & Trinity Circle Corridor,BLR_CENTRAL,1,2,195,22.0,0,1.0,14.4,HEAVY
Bengaluru,Central Silk Board Junction,BLR_SOUTH,23,6,364,18.0,1,1.0,8.7,SEVERE
Bengaluru,Tin Factory & K.R. Puram Junction,BLR_EAST,23,5,471,12.0,1,1.0,4.5,SEVERE
Bengaluru,Central Silk Board Junction,BLR_SOUTH,11,4,514,18.0,1,1.0,4.0,SEVERE
Bengaluru,Tin Factory & K.R. Puram Junction,BLR_EAST,2,6,170,12.0,1,0.5,4.1,SEVERE
Bengaluru,Electronic City Elevated Expressway,BLR_SOUTH,16,5,102,48.0,1,1.0,35.9,LOW
Bengaluru,M.G. Road & Trinity Circle Corridor,BLR_CENTRAL,3,6,517,22.0,0,1.0,7.3,SEVERE
Bengaluru,Electronic City Elevated Expressway,BLR_SOUTH,10,0,416,48.0,1,1.0,8.6,SEVERE
Bengaluru,Tin Factory & K.R. Puram Junction,BLR_EAST,11,0,73,12.0,1,1.0,4.0,SEVERE
Bengaluru,Goraguntepalya Tumkur Road Junction,BLR_WEST,17,2,129,24.0,0,1.0,10.2,HEAVY
Bengaluru,Central Silk Board Junction,BLR_SOUTH,22,0,340,18.0,1,1.0,9.2,SEVERE
Bengaluru,Whitefield ITPB Main Road,BLR_EAST,10,0,200,16.0,1,1.0,4.3,SEVERE
Bengaluru,Goraguntepalya Tumkur Road Junction,BLR_WEST,22,6,134,24.0,0,1.0,17.2,HEAVY
Bengaluru,Electronic City Elevated Expressway,BLR_SOUTH,6,0,292,48.0,1,1.0,26.8,MODERATE
Bengaluru,Hebbal Flyover to Airport Expressway,BLR_NORTH,11,3,122,35.0,0,1.0,15.0,HEAVY
Bengaluru,Electronic City Elevated Expressway,BLR_SOUTH,2,6,498,48.0,1,1.0,16.9,HEAVY
Bengaluru,M.G. Road & Trinity Circle Corridor,BLR_CENTRAL,1,0,336,22.0,0,0.5,5.7,SEVERE
Bengaluru,Outer Ring Road (Marathahalli - Bellandur),BLR_EAST,7,4,186,20.0,1,1.0,13.3,HEAVY
Bengaluru,Outer Ring Road (Marathahalli - Bellandur),BLR_EAST,18,5,336,20.0,1,1.0,4.2,SEVERE
Bengaluru,Goraguntepalya Tumkur Road Junction,BLR_WEST,17,3,363,24.0,0,0.5,4.0,SEVERE
Bengaluru,Tin Factory & K.R. Puram Junction,BLR_EAST,17,0,477,12.0,1,1.0,4.0,SEVERE
Bengaluru,M.G. Road & Trinity Circle Corridor,BLR_CENTRAL,4,5,307,22.0,0,1.0,11.9,HEAVY
Bengaluru,Central Silk Board Junction,BLR_SOUTH,14,6,359,18.0,1,0.5,4.4,SEVERE
Bengaluru,Tin Factory & K.R. Puram Junction,BLR_EAST,10,5,472,12.0,1,1.0,4.0,SEVERE
Bengaluru,Electronic City Elevated Expressway,BLR_SOUTH,21,3,65,48.0,1,1.0,15.5,HEAVY
Bengaluru,Whitefield ITPB Main Road,BLR_EAST,17,0,191,16.0,1,1.0,4.3,SEVERE
Bengaluru,Central Silk Board Junction,BLR_SOUTH,16,2,377,18.0,1,1.0,8.5,SEVERE
Bengaluru,M.G. Road & Trinity Circle Corridor,BLR_CENTRAL,5,3,156,22.0,0,1.0,15.3,HEAVY
Bengaluru,Electronic City Elevated Expressway,BLR_SOUTH,13,6,582,48.0,1,1.0,12.9,HEAVY
