city,corridor,zone,hour,day_of_week,vehicle_count,historical_avg_speed_kmh,target_speed_kmh,congestion_level
Delhi NCR,Ashram Chowk & Mathura Road,DELHI_SOUTH,13,6,498,14.0,5.0,SEVERE
Delhi NCR,Laxmi Nagar Vikas Marg,DELHI_EAST,17,1,470,16.0,5.0,SEVERE
Delhi NCR,AIIMS Ring Road Flyover,DELHI_SOUTH,6,0,369,22.0,10.1,SEVERE
Delhi NCR,Connaught Place Outer Circle,DELHI_CENTRAL,7,4,246,25.0,14.7,HEAVY
Delhi NCR,Laxmi Nagar Vikas Marg,DELHI_EAST,7,6,202,16.0,10.2,SEVERE
Delhi NCR,ITO Junction & Vikas Marg,DELHI_CENTRAL,2,4,296,18.0,9.6,SEVERE
Delhi NCR,Ashram Chowk & Mathura Road,DELHI_SOUTH,6,0,292,14.0,7.6,SEVERE
Delhi NCR,Peeragarhi Outer Ring Road,DELHI_WEST,18,0,363,20.0,5.0,SEVERE
Delhi NCR,DND Flyway (Delhi-Noida Link),DELHI_EAST,17,0,439,45.0,8.1,SEVERE
Delhi NCR,Laxmi Nagar Vikas Marg,DELHI_EAST,18,2,501,16.0,5.0,SEVERE
Delhi NCR,Laxmi Nagar Vikas Marg,DELHI_EAST,14,6,147,16.0,11.1,SEVERE
Delhi NCR,Gurgaon Expressway (Sirhaul Border),DELHI_GURGAON,19,2,180,35.0,10.8,SEVERE
Delhi NCR,AIIMS Ring Road Flyover,DELHI_SOUTH,15,6,505,22.0,6.9,SEVERE
Delhi NCR,Peeragarhi Outer Ring Road,DELHI_WEST,23,5,499,20.0,6.4,SEVERE
Delhi NCR,Ashram Chowk & Mathura Road,DELHI_SOUTH,8,6,85,14.0,10.6,SEVERE
Delhi NCR,Connaught Place Outer Circle,DELHI_CENTRAL,11,0,176,25.0,7.8,SEVERE
Delhi NCR,Connaught Place Outer Circle,DELHI_CENTRAL,17,5,265,25.0,6.7,SEVERE
Delhi NCR,DND Flyway (Delhi-Noida Link),DELHI_EAST,11,4,462,45.0,7.6,SEVERE
Delhi NCR,Peeragarhi Outer Ring Road,DELHI_WEST,2,5,217,20.0,12.4,HEAVY
Delhi NCR,Gurgaon Expressway (Sirhaul Border),DELHI_GURGAON,13,4,291,35.0,18.9,HEAVY
Delhi NCR,Ashram Chowk & Mathura Road,DELHI_SOUTH,2,6,340,14.0,6.8,SEVERE
Delhi NCR,Ashram Chowk & Mathura Road,DELHI_SOUTH,22,2,139,14.0,9.8,SEVERE
Delhi NCR,Connaught Place Outer Circle,DELHI_CENTRAL,14,5,157,25.0,17.1,HEAVY
Delhi NCR,Gurgaon Expressway (Sirhaul Border),DELHI_GURGAON,15,2,432,35.0,13.7,HEAVY
Delhi NCR,Ashram Chowk & Mathura Road,DELHI_SOUTH,10,5,387,14.0,5.0,SEVERE
Delhi NCR,AIIMS Ring Road Flyover,DELHI_SOUTH,13,1,200,22.0,14.0,HEAVY
Delhi NCR,AIIMS Ring Road Flyover,DELHI_SOUTH,21,1,456,22.0,5.0,SEVERE
Delhi NCR,DND Flyway (Delhi-Noida Link),DELHI_EAST,9,1,342,45.0,10.3,SEVERE
Delhi NCR,Laxmi Nagar Vikas Marg,DELHI_EAST,9,6,368,16.0,5.0,SEVERE
Delhi NCR,Laxmi Nagar Vikas Marg,DELHI_EAST,19,4,380,16.0,5.0,SEVERE
Delhi NCR,Connaught Place Outer Circle,DELHI_CENTRAL,1,3,276,25.0,13.9,HEAVY
Delhi NCR,DND Flyway (Delhi-Noida Link),DELHI_EAST,21,0,348,45.0,10.2,SEVERE
Delhi NCR,Gurgaon Expressway (Sirhaul Border),DELHI_GURGAON,19,4,341,35.0,8.0,SEVERE
Delhi NCR,AIIMS Ring Road Flyover,DELHI_SOUTH,20,6,165,22.0,7.0,SEVERE
Delhi NCR,Gurgaon Expressway (Sirhaul Border),DELHI_GURGAON,20,6,404,35.0,6.9,SEVERE
Delhi NCR,ITO Junction & Vikas Marg,DELHI_CENTRAL,11,3,439,18.0,5.0,SEVERE
Delhi NCR,Connaught Place Outer Circle,DELHI_CENTRAL,21,2,509,25.0,5.0,SEVERE
Delhi NCR,Connaught Place Outer Circle,DELHI_CENTRAL,12,5,109,25.0,18.4,HEAVY
Delhi NCR,ITO Junction & Vikas Marg,DELHI_CENTRAL,22,4,167,18.0,12.1,HEAVY
Delhi NCR,Laxmi Nagar Vikas Marg,DELHI_EAST,3,1,484,16.0,5.4,SEVERE
Delhi NCR,Ashram Chowk & Mathura Road,DELHI_SOUTH,10,4,319,14.0,5.0,SEVERE
Delhi NCR,ITO Junction & Vikas Marg,DELHI_CENTRAL,6,2,266,18.0,10.2,SEVERE
Delhi NCR,AIIMS Ring Road Flyover,DELHI_SOUTH,5,3,207,22.0,13.9,HEAVY
Delhi NCR,ITO Junction & Vikas Marg,DELHI_CENTRAL,13,6,222,18.0,11.1,SEVERE
Delhi NCR,Laxmi Nagar Vikas Marg,DELHI_EAST,2,6,324,16.0,8.1,SEVERE
Delhi NCR,Ashram Chowk & Mathura Road,DELHI_SOUTH,22,5,202,14.0,8.9,SEVERE
Delhi NCR,AIIMS Ring Road Flyover,DELHI_SOUTH,10,1,352,22.0,5.0,SEVERE
Delhi NCR,Connaught Place Outer Circle,DELHI_CENTRAL,9,6,469,25.0,5.0,SEVERE
Delhi NCR,Ashram Chowk & Mathura Road,DELHI_SOUTH,0,1,343,14.0,6.8,SEVERE
Delhi NCR,Connaught Place Outer Circle,DELHI_CENTRAL,13,2,255,25.0,14.5,HEAVY
Delhi NCR,DND Flyway (Delhi-Noida Link),DELHI_EAST,13,1,93,45.0,33.8,LOW
Delhi NCR,Peeragarhi Outer Ring Road,DELHI_WEST,17,0,226,20.0,5.7,SEVERE
Delhi NCR,Ashram Chowk & Mathura Road,DELHI_SOUTH,18,4,242,14.0,5.0,SEVERE
Delhi NCR,Gurgaon Expressway (Sirhaul Border),DELHI_GURGAON,11,3,375,35.0,7.4,SEVERE
Delhi NCR,Peeragarhi Outer Ring Road,DELHI_WEST,20,5,98,20.0,7.0,SEVERE
Delhi NCR,Gurgaon Expressway (Sirhaul Border),DELHI_GURGAON,8,1,493,35.0,11.4,SEVERE
Delhi NCR,ITO Junction & Vikas Marg,DELHI_CENTRAL,20,1,80,18.0,6.5,SEVERE
Delhi NCR,Ashram Chowk & Mathura Road,DELHI_SOUTH,21,1,519,14.0,5.0,SEVERE
Delhi NCR,ITO Junction & Vikas Marg,DELHI_CENTRAL,6,6,277,18.0,10.0,SEVERE
Delhi NCR,Ashram Chowk & Mathura Road,DELHI_SOUTH,7,6,501,14.0,5.0,SEVERE
Delhi NCR,AIIMS Ring Road Flyover,DELHI_SOUTH,9,1,170,22.0,6.9,SEVERE
Delhi NCR,Connaught Place Outer Circle,DELHI_CENTRAL,23,1,182,25.0,16.4,HEAVY
Delhi NCR,Gurgaon Expressway (Sirhaul Border),DELHI_GURGAON,23,3,114,35.0,25.5,MODERATE
Delhi NCR,DND Flyway (Delhi-Noida Link),DELHI_EAST,13,3,452,45.0,16.6,HEAVY
Delhi NCR,Gurgaon Expressway (Sirhaul Border),DELHI_GURGAON,11,1,324,35.0,8.3,SEVERE
Delhi NCR,ITO Junction & Vikas Marg,DELHI_CENTRAL,10,1,453,18.0,5.0,SEVERE
Delhi NCR,Gurgaon Expressway (Sirhaul Border),DELHI_GURGAON,19,4,442,35.0,6.3,SEVERE
Delhi NCR,Laxmi Nagar Vikas Marg,DELHI_EAST,2,3,205,16.0,10.1,SEVERE
Delhi NCR,Connaught Place Outer Circle,DELHI_CENTRAL,10,0,278,25.0,6.5,SEVERE
Delhi NCR,Connaught Place Outer Circle,DELHI_CENTRAL,11,4,303,25.0,6.2,SEVERE
Delhi NCR,Gurgaon Expressway (Sirhaul Border),DELHI_GURGAON,19,4,223,35.0,10.1,SEVERE
Delhi NCR,Connaught Place Outer Circle,DELHI_CENTRAL,6,3,92,25.0,18.8,HEAVY
Delhi NCR,ITO Junction & Vikas Marg,DELHI_CENTRAL,12,3,368,18.0,8.3,SEVERE
Delhi NCR,Ashram Chowk & Mathura Road,DELHI_SOUTH,23,6,386,14.0,6.2,SEVERE
Delhi NCR,ITO Junction & Vikas Marg,DELHI_CENTRAL,9,6,328,18.0,5.0,SEVERE
Delhi NCR,Peeragarhi Outer Ring Road,DELHI_WEST,4,5,193,20.0,12.9,HEAVY
Delhi NCR,Peeragarhi Outer Ring Road,DELHI_WEST,12,3,315,20.0,10.3,SEVERE
Delhi NCR,Gurgaon Expressway (Sirhaul Border),DELHI_GURGAON,11,3,461,35.0,5.9,SEVERE
Delhi NCR,Laxmi Nagar Vikas Marg,DELHI_EAST,19,6,86,16.0,5.7,SEVERE
Delhi NCR,AIIMS Ring Road Flyover,DELHI_SOUTH,17,1,128,22.0,7.4,SEVERE
Delhi NCR,DND Flyway (Delhi-Noida Link),DELHI_EAST,4,3,206,45.0,28.4,MODERATE
Delhi NCR,Gurgaon Expressway (Sirhaul Border),DELHI_GURGAON,10,2,168,35.0,11.1,SEVERE
Delhi NCR,Gurgaon Expressway (Sirhaul Border),DELHI_GURGAON,0,3,518,35.0,10.5,SEVERE
Delhi NCR,DND Flyway (Delhi-Noida Link),DELHI_EAST,21,3,117,45.0,15.4,HEAVY
Delhi NCR,DND Flyway (Delhi-Noida Link),DELHI_EAST,9,5,187,45.0,13.8,HEAVY
Delhi NCR,Peeragarhi Outer Ring Road,DELHI_WEST,17,6,332,20.0,5.0,SEVERE
Delhi NCR,Ashram Chowk & Mathura Road,DELHI_SOUTH,3,6,228,14.0,8.5,SEVERE
Delhi NCR,Laxmi Nagar Vikas Marg,DELHI_EAST,20,5,122,16.0,5.4,SEVERE
Delhi NCR,Peeragarhi Outer Ring Road,DELHI_WEST,12,2,357,20.0,9.4,SEVERE
Delhi NCR,ITO Junction & Vikas Marg,DELHI_CENTRAL,23,1,347,18.0,8.7,SEVERE
Delhi NCR,Ashram Chowk & Mathura Road,DELHI_SOUTH,15,1,182,14.0,9.2,SEVERE
Delhi NCR,Ashram Chowk & Mathura Road,DELHI_SOUTH,0,5,454,14.0,5.1,SEVERE
Delhi NCR,ITO Junction & Vikas Marg,DELHI_CENTRAL,6,1,471,18.0,6.3,SEVERE
Delhi NCR,Connaught Place Outer Circle,DELHI_CENTRAL,12,3,96,25.0,18.7,HEAVY
Delhi NCR,Connaught Place Outer Circle,DELHI_CENTRAL,18,2,221,25.0,7.2,SEVERE
Delhi NCR,Peeragarhi Outer Ring Road,DELHI_WEST,5,0,81,20.0,15.3,HEAVY
Delhi NCR,Ashram Chowk & Mathura Road,DELHI_SOUTH,16,2,305,14.0,7.4,SEVERE
Delhi NCR,Peeragarhi Outer Ring Road,DELHI_WEST,5,0,306,20.0,10.5,SEVERE
Delhi NCR,Connaught Place Outer Circle,DELHI_CENTRAL,13,2,297,25.0,13.4,HEAVY
Delhi NCR,DND Flyway (Delhi-Noida Link),DELHI_EAST,15,5,284,45.0,24.7,MODERATE
Delhi NCR,Peeragarhi Outer Ring Road,DELHI_WEST,8,5,236,20.0,12.0,HEAVY
Delhi NCR,Laxmi Nagar Vikas Marg,DELHI_EAST,6,4,305,16.0,8.4,SEVERE
Delhi NCR,Connaught Place Outer Circle,DELHI_CENTRAL,2,6,442,25.0,9.5,SEVERE
Delhi NCR,DND Flyway (Delhi-Noida Link),DELHI_EAST,20,6,139,45.0,14.9,HEAVY
Delhi NCR,Connaught Place Outer Circle,DELHI_CENTRAL,10,1,503,25.0,5.0,SEVERE
Delhi NCR,Gurgaon Expressway (Sirhaul Border),DELHI_GURGAON,10,2,297,35.0,8.8,SEVERE
Delhi NCR,Connaught Place Outer Circle,DELHI_CENTRAL,22,1,456,25.0,9.1,SEVERE
Delhi NCR,Laxmi Nagar Vikas Marg,DELHI_EAST,13,4,154,16.0,11.0,SEVERE
Delhi NCR,ITO Junction & Vikas Marg,DELHI_CENTRAL,9,2,311,18.0,5.0,SEVERE
Delhi NCR,Connaught Place Outer Circle,DELHI_CENTRAL,8,6,405,25.0,10.5,SEVERE
Delhi NCR,Connaught Place Outer Circle,DELHI_CENTRAL,7,6,308,25.0,13.1,HEAVY
Delhi NCR,Peeragarhi Outer Ring Road,DELHI_WEST,21,4,297,20.0,5.0,SEVERE
Delhi NCR,DND Flyway (Delhi-Noida Link),DELHI_EAST,16,5,204,45.0,28.5,MODERATE
Delhi NCR,DND Flyway (Delhi-Noida Link),DELHI_EAST,22,5,374,45.0,20.4,HEAVY
Delhi NCR,ITO Junction & Vikas Marg,DELHI_CENTRAL,14,2,261,18.0,10.3,SEVERE
Delhi NCR,AIIMS Ring Road Flyover,DELHI_SOUTH,14,3,427,22.0,8.7,SEVERE
Delhi NCR,Laxmi Nagar Vikas Marg,DELHI_EAST,22,2,438,16.0,6.2,SEVERE
Delhi NCR,Peeragarhi Outer Ring Road,DELHI_WEST,23,3,177,20.0,13.2,HEAVY
Delhi NCR,Ashram Chowk & Mathura Road,DELHI_SOUTH,20,4,465,14.0,5.0,SEVERE
Delhi NCR,Laxmi Nagar Vikas Marg,DELHI_EAST,9,6,454,16.0,5.0,SEVERE
Delhi NCR,AIIMS Ring Road Flyover,DELHI_SOUTH,12,0,332,22.0,10.9,SEVERE
Delhi NCR,AIIMS Ring Road Flyover,DELHI_SOUTH,23,4,303,22.0,11.6,SEVERE
Delhi NCR,Ashram Chowk & Mathura Road,DELHI_SOUTH,10,5,440,14.0,5.0,SEVERE
Delhi NCR,Ashram Chowk & Mathura Road,DELHI_SOUTH,20,4,154,14.0,5.0,SEVERE
Delhi NCR,Connaught Place Outer Circle,DELHI_CENTRAL,4,6,113,25.0,18.2,HEAVY
Delhi NCR,ITO Junction & Vikas Marg,DELHI_CENTRAL,12,6,380,18.0,8.0,SEVERE
Delhi NCR,Gurgaon Expressway (Sirhaul Border),DELHI_GURGAON,10,4,364,35.0,7.6,SEVERE
Delhi NCR,Laxmi Nagar Vikas Marg,DELHI_EAST,11,3,388,16.0,5.0,SEVERE
Delhi NCR,Gurgaon Expressway (Sirhaul Border),DELHI_GURGAON,9,3,472,35.0,5.7,SEVERE
Delhi NCR,Ashram Chowk & Mathura Road,DELHI_SOUTH,4,4,166,14.0,9.4,SEVERE
Delhi NCR,DND Flyway (Delhi-Noida Link),DELHI_EAST,19,5,377,45.0,9.5,SEVERE
Delhi NCR,ITO Junction & Vikas Marg,DELHI_CENTRAL,16,1,221,18.0,11.1,SEVERE
Delhi NCR,Connaught Place Outer Circle,DELHI_CENTRAL,5,4,153,25.0,17.2,HEAVY
Delhi NCR,Gurgaon Expressway (Sirhaul Border),DELHI_GURGAON,4,4,466,35.0,12.4,HEAVY
Delhi NCR,ITO Junction & Vikas Marg,DELHI_CENTRAL,21,0,413,18.0,5.0,SEVERE
Delhi NCR,Ashram Chowk & Mathura Road,DELHI_SOUTH,6,4,278,14.0,7.8,SEVERE
Delhi NCR,ITO Junction & Vikas Marg,DELHI_CENTRAL,6,5,95,18.0,13.5,HEAVY
Delhi NCR,Ashram Chowk & Mathura Road,DELHI_SOUTH,12,4,503,14.0,5.0,SEVERE
Delhi NCR,Laxmi Nagar Vikas Marg,DELHI_EAST,5,4,415,16.0,6.5,SEVERE
Delhi NCR,Laxmi Nagar Vikas Marg,DELHI_EAST,8,1,397,16.0,6.9,SEVERE
Delhi NCR,Gurgaon Expressway (Sirhaul Border),DELHI_GURGAON,9,2,429,35.0,6.5,SEVERE
Delhi NCR,Connaught Place Outer Circle,DELHI_CENTRAL,4,2,409,25.0,10.4,SEVERE
Delhi NCR,ITO Junction & Vikas Marg,DELHI_CENTRAL,19,5,311,18.0,5.0,SEVERE
Delhi NCR,Gurgaon Expressway (Sirhaul Border),DELHI_GURGAON,15,0,434,35.0,13.6,HEAVY
Delhi NCR,Gurgaon Expressway (Sirhaul Border),DELHI_GURGAON,16,6,202,35.0,22.2,MODERATE
Delhi NCR,Laxmi Nagar Vikas Marg,DELHI_EAST,22,5,417,16.0,6.5,SEVERE
Delhi NCR,AIIMS Ring Road Flyover,DELHI_SOUTH,2,3,470,22.0,7.7,SEVERE
Delhi NCR,Peeragarhi Outer Ring Road,DELHI_WEST,5,3,451,20.0,7.4,SEVERE
Delhi NCR,Gurgaon Expressway (Sirhaul Border),DELHI_GURGAON,19,6,423,35.0,6.6,SEVERE
Delhi NCR,Gurgaon Expressway (Sirhaul Border),DELHI_GURGAON,7,0,84,35.0,26.6,MODERATE
Delhi NCR,ITO Junction & Vikas Marg,DELHI_CENTRAL,12,6,240,18.0,10.7,SEVERE
Delhi NCR,Ashram Chowk & Mathura Road,DELHI_SOUTH,14,4,183,14.0,9.2,SEVERE
Delhi NCR,ITO Junction & Vikas Marg,DELHI_CENTRAL,8,3,192,18.0,11.6,SEVERE
Delhi NCR,AIIMS Ring Road Flyover,DELHI_SOUTH,11,4,391,22.0,5.0,SEVERE
Delhi NCR,ITO Junction & Vikas Marg,DELHI_CENTRAL,16,6,213,18.0,11.2,SEVERE
Delhi NCR,DND Flyway (Delhi-Noida Link),DELHI_EAST,8,3,185,45.0,29.4,MODERATE
Delhi NCR,ITO Junction & Vikas Marg,DELHI_CENTRAL,22,6,171,18.0,12.0,HEAVY
Delhi NCR,Laxmi Nagar Vikas Marg,DELHI_EAST,1,4,468,16.0,5.6,SEVERE
Delhi NCR,Peeragarhi Outer Ring Road,DELHI_WEST,7,5,513,20.0,6.1,SEVERE
Delhi NCR,ITO Junction & Vikas Marg,DELHI_CENTRAL,12,2,408,18.0,7.5,SEVERE
Delhi NCR,DND Flyway (Delhi-Noida Link),DELHI_EAST,13,2,422,45.0,18.1,HEAVY
Delhi NCR,ITO Junction & Vikas Marg,DELHI_CENTRAL,22,0,230,18.0,10.9,SEVERE
Delhi NCR,DND Flyway (Delhi-Noida Link),DELHI_EAST,7,0,353,45.0,21.4,HEAVY
Delhi NCR,ITO Junction & Vikas Marg,DELHI_CENTRAL,9,0,285,18.0,5.0,SEVERE
Delhi NCR,AIIMS Ring Road Flyover,DELHI_SOUTH,2,3,136,22.0,15.5,HEAVY
Delhi NCR,Ashram Chowk & Mathura Road,DELHI_SOUTH,12,6,82,14.0,10.7,SEVERE
Delhi NCR,Laxmi Nagar Vikas Marg,DELHI_EAST,20,2,219,16.0,5.0,SEVERE
Delhi NCR,DND Flyway (Delhi-Noida Link),DELHI_EAST,21,6,496,45.0,6.8,SEVERE
Delhi NCR,Connaught Place Outer Circle,DELHI_CENTRAL,9,1,249,25.0,6.9,SEVERE
Delhi NCR,DND Flyway (Delhi-Noida Link),DELHI_EAST,14,6,391,45.0,19.6,HEAVY
Delhi NCR,Gurgaon Expressway (Sirhaul Border),DELHI_GURGAON,10,5,440,35.0,6.3,SEVERE
Delhi NCR,Ashram Chowk & Mathura Road,DELHI_SOUTH,4,2,100,14.0,10.4,SEVERE
Delhi NCR,Gurgaon Expressway (Sirhaul Border),DELHI_GURGAON,16,3,406,35.0,14.7,HEAVY
Delhi NCR,Ashram Chowk & Mathura Road,DELHI_SOUTH,0,3,320,14.0,7.1,SEVERE
Delhi NCR,Ashram Chowk & Mathura Road,DELHI_SOUTH,14,5,318,14.0,7.2,SEVERE
Delhi NCR,ITO Junction & Vikas Marg,DELHI_CENTRAL,11,1,426,18.0,5.0,SEVERE
Delhi NCR,Peeragarhi Outer Ring Road,DELHI_WEST,23,3,516,20.0,6.0,SEVERE
Delhi NCR,Connaught Place Outer Circle,DELHI_CENTRAL,8,4,379,25.0,11.2,SEVERE
Delhi NCR,Ashram Chowk & Mathura Road,DELHI_SOUTH,0,2,229,14.0,8.5,SEVERE
Delhi NCR,Gurgaon Expressway (Sirhaul Border),DELHI_GURGAON,11,0,115,35.0,12.0,HEAVY
Delhi NCR,Ashram Chowk & Mathura Road,DELHI_SOUTH,15,2,467,14.0,5.0,SEVERE
Delhi NCR,DND Flyway (Delhi-Noida Link),DELHI_EAST,17,6,437,45.0,8.2,SEVERE
Delhi NCR,Peeragarhi Outer Ring Road,DELHI_WEST,9,0,370,20.0,5.0,SEVERE
Delhi NCR,Gurgaon Expressway (Sirhaul Border),DELHI_GURGAON,15,3,164,35.0,23.7,MODERATE
Delhi NCR,Gurgaon Expressway (Sirhaul Border),DELHI_GURGAON,8,3,204,35.0,22.2,MODERATE
Delhi NCR,DND Flyway (Delhi-Noida Link),DELHI_EAST,23,0,100,45.0,33.5,LOW
Delhi NCR,Peeragarhi Outer Ring Road,DELHI_WEST,8,5,364,20.0,9.3,SEVERE
Delhi NCR,Peeragarhi Outer Ring Road,DELHI_WEST,18,0,96,20.0,7.0,SEVERE
Delhi NCR,Laxmi Nagar Vikas Marg,DELHI_EAST,21,0,362,16.0,5.0,SEVERE
Delhi NCR,Gurgaon Expressway (Sirhaul Border),DELHI_GURGAON,17,3,381,35.0,7.3,SEVERE
Delhi NCR,Laxmi Nagar Vikas Marg,DELHI_EAST,3,5,376,16.0,7.2,SEVERE
Delhi NCR,DND Flyway (Delhi-Noida Link),DELHI_EAST,22,3,361,45.0,21.0,HEAVY
Delhi NCR,Peeragarhi Outer Ring Road,DELHI_WEST,7,5,331,20.0,10.0,SEVERE
Delhi NCR,Peeragarhi Outer Ring Road,DELHI_WEST,0,6,199,20.0,12.8,HEAVY
Delhi NCR,Gurgaon Expressway (Sirhaul Border),DELHI_GURGAON,20,2,449,35.0,6.1,SEVERE
Delhi NCR,DND Flyway (Delhi-Noida Link),DELHI_EAST,14,5,335,45.0,22.2,MODERATE
Delhi NCR,ITO Junction & Vikas Marg,DELHI_CENTRAL,17,0,478,18.0,5.0,SEVERE
Delhi NCR,Connaught Place Outer Circle,DELHI_CENTRAL,22,6,407,25.0,10.4,SEVERE
Delhi NCR,ITO Junction & Vikas Marg,DELHI_CENTRAL,21,1,214,18.0,5.3,SEVERE
Delhi NCR,ITO Junction & Vikas Marg,DELHI_CENTRAL,8,6,201,18.0,11.5,SEVERE
Delhi NCR,Peeragarhi Outer Ring Road,DELHI_WEST,11,4,498,20.0,5.0,SEVERE
Delhi NCR,Laxmi Nagar Vikas Marg,DELHI_EAST,23,3,305,16.0,8.4,SEVERE
Delhi NCR,DND Flyway (Delhi-Noida Link),DELHI_EAST,16,1,381,45.0,20.0,HEAVY
Delhi NCR,Ashram Chowk & Mathura Road,DELHI_SOUTH,12,0,127,14.0,10.0,SEVERE
Delhi NCR,Laxmi Nagar Vikas Marg,DELHI_EAST,12,4,229,16.0,9.7,SEVERE
Delhi NCR,DND Flyway (Delhi-Noida Link),DELHI_EAST,0,1,265,45.0,25.6,MODERATE
Delhi NCR,AIIMS Ring Road Flyover,DELHI_SOUTH,4,6,361,22.0,10.3,SEVERE
Delhi NCR,AIIMS Ring Road Flyover,DELHI_SOUTH,16,3,149,22.0,15.2,HEAVY
Delhi NCR,Connaught Place Outer Circle,DELHI_CENTRAL,21,6,252,25.0,6.9,SEVERE
Delhi NCR,DND Flyway (Delhi-Noida Link),DELHI_EAST,8,2,111,45.0,32.9,LOW
Delhi NCR,Gurgaon Expressway (Sirhaul Border),DELHI_GURGAON,14,5,462,35.0,12.6,HEAVY
Delhi NCR,Peeragarhi Outer Ring Road,DELHI_WEST,20,4,297,20.0,5.0,SEVERE
Delhi NCR,Connaught Place Outer Circle,DELHI_CENTRAL,21,4,231,25.0,7.1,SEVERE
Delhi NCR,Ashram Chowk & Mathura Road,DELHI_SOUTH,11,1,316,14.0,5.0,SEVERE
Delhi NCR,Laxmi Nagar Vikas Marg,DELHI_EAST,14,6,402,16.0,6.8,SEVERE
Delhi NCR,AIIMS Ring Road Flyover,DELHI_SOUTH,2,3,81,22.0,16.8,HEAVY
Delhi NCR,Ashram Chowk & Mathura Road,DELHI_SOUTH,9,2,295,14.0,5.0,SEVERE
Delhi NCR,Laxmi Nagar Vikas Marg,DELHI_EAST,8,5,193,16.0,10.3,SEVERE
Delhi NCR,Peeragarhi Outer Ring Road,DELHI_WEST,15,1,331,20.0,10.0,SEVERE
Delhi NCR,Gurgaon Expressway (Sirhaul Border),DELHI_GURGAON,21,2,262,35.0,9.4,SEVERE
Delhi NCR,Gurgaon Expressway (Sirhaul Border),DELHI_GURGAON,8,4,322,35.0,17.8,HEAVY
Delhi NCR,Laxmi Nagar Vikas Marg,DELHI_EAST,18,2,415,16.0,5.0,SEVERE
Delhi NCR,Connaught Place Outer Circle,DELHI_CENTRAL,12,6,236,25.0,15.0,HEAVY
Delhi NCR,Ashram Chowk & Mathura Road,DELHI_SOUTH,13,5,271,14.0,7.9,SEVERE
Delhi NCR,Peeragarhi Outer Ring Road,DELHI_WEST,14,2,119,20.0,14.5,HEAVY
Delhi NCR,Peeragarhi Outer Ring Road,DELHI_WEST,14,2,332,20.0,9.9,SEVERE
Delhi NCR,AIIMS Ring Road Flyover,DELHI_SOUTH,10,0,404,22.0,5.0,SEVERE
Delhi NCR,DND Flyway (Delhi-Noida Link),DELHI_EAST,9,6,101,45.0,15.7,HEAVY
Delhi NCR,Ashram Chowk & Mathura Road,DELHI_SOUTH,9,5,373,14.0,5.0,SEVERE
Delhi NCR,Laxmi Nagar Vikas Marg,DELHI_EAST,2,3,283,16.0,8.8,SEVERE
Delhi NCR,ITO Junction & Vikas Marg,DELHI_CENTRAL,11,6,96,18.0,6.3,SEVERE
Delhi NCR,Ashram Chowk & Mathura Road,DELHI_SOUTH,17,6,151,14.0,5.0,SEVERE
Delhi NCR,AIIMS Ring Road Flyover,DELHI_SOUTH,9,2,119,22.0,7.5,SEVERE
Delhi NCR,Laxmi Nagar Vikas Marg,DELHI_EAST,6,5,302,16.0,8.5,SEVERE
Delhi NCR,Peeragarhi Outer Ring Road,DELHI_WEST,16,2,505,20.0,6.3,SEVERE
Delhi NCR,Ashram Chowk & Mathura Road,DELHI_SOUTH,4,0,331,14.0,7.0,SEVERE
Delhi NCR,Laxmi Nagar Vikas Marg,DELHI_EAST,0,0,397,16.0,6.9,SEVERE
Delhi NCR,Peeragarhi Outer Ring Road,DELHI_WEST,0,4,376,20.0,9.0,SEVERE
Delhi NCR,Connaught Place Outer Circle,DELHI_CENTRAL,15,1,179,25.0,16.5,HEAVY
Delhi NCR,ITO Junction & Vikas Marg,DELHI_CENTRAL,3,5,418,18.0,7.3,SEVERE
Delhi NCR,Gurgaon Expressway (Sirhaul Border),DELHI_GURGAON,21,5,184,35.0,10.8,SEVERE
Delhi NCR,AIIMS Ring Road Flyover,DELHI_SOUTH,21,2,271,22.0,5.8,SEVERE
Delhi NCR,DND Flyway (Delhi-Noida Link),DELHI_EAST,3,4,368,45.0,20.7,HEAVY
Delhi NCR,Laxmi Nagar Vikas Marg,DELHI_EAST,2,3,155,16.0,11.0,SEVERE
Delhi NCR,AIIMS Ring Road Flyover,DELHI_SOUTH,20,4,85,22.0,7.9,SEVERE
Delhi NCR,Laxmi Nagar Vikas Marg,DELHI_EAST,9,4,362,16.0,5.0,SEVERE
Delhi NCR,Peeragarhi Outer Ring Road,DELHI_WEST,22,2,456,20.0,7.3,SEVERE
Delhi NCR,Laxmi Nagar Vikas Marg,DELHI_EAST,1,0,142,16.0,11.2,SEVERE
Delhi NCR,DND Flyway (Delhi-Noida Link),DELHI_EAST,19,5,128,45.0,15.1,HEAVY
Delhi NCR,Connaught Place Outer Circle,DELHI_CENTRAL,21,2,193,25.0,7.6,SEVERE
Delhi NCR,Connaught Place Outer Circle,DELHI_CENTRAL,22,0,454,25.0,9.2,SEVERE
Delhi NCR,AIIMS Ring Road Flyover,DELHI_SOUTH,4,3,109,22.0,16.2,HEAVY
Delhi NCR,ITO Junction & Vikas Marg,DELHI_CENTRAL,13,3,406,18.0,7.5,SEVERE
Delhi NCR,AIIMS Ring Road Flyover,DELHI_SOUTH,8,0,315,22.0,11.3,SEVERE
Delhi NCR,Connaught Place Outer Circle,DELHI_CENTRAL,12,5,362,25.0,11.6,SEVERE
Delhi NCR,Peeragarhi Outer Ring Road,DELHI_WEST,21,2,168,20.0,6.3,SEVERE
Delhi NCR,Laxmi Nagar Vikas Marg,DELHI_EAST,0,0,385,16.0,7.1,SEVERE
Delhi NCR,AIIMS Ring Road Flyover,DELHI_SOUTH,4,1,242,22.0,13.0,HEAVY
Delhi NCR,Ashram Chowk & Mathura Road,DELHI_SOUTH,2,0,297,14.0,7.5,SEVERE
Delhi NCR,AIIMS Ring Road Flyover,DELHI_SOUTH,3,0,218,22.0,13.6,HEAVY
Delhi NCR,Ashram Chowk & Mathura Road,DELHI_SOUTH,21,3,502,14.0,5.0,SEVERE
Delhi NCR,Laxmi Nagar Vikas Marg,DELHI_EAST,23,0,207,16.0,10.1,SEVERE
Delhi NCR,Peeragarhi Outer Ring Road,DELHI_WEST,22,3,263,20.0,11.4,SEVERE
Delhi NCR,Peeragarhi Outer Ring Road,DELHI_WEST,9,2,490,20.0,5.0,SEVERE
Delhi NCR,DND Flyway (Delhi-Noida Link),DELHI_EAST,22,1,103,45.0,33.3,LOW
Delhi NCR,Peeragarhi Outer Ring Road,DELHI_WEST,15,2,294,20.0,10.8,SEVERE
Delhi NCR,DND Flyway (Delhi-Noida Link),DELHI_EAST,21,4,81,45.0,16.2,HEAVY
Delhi NCR,Connaught Place Outer Circle,DELHI_CENTRAL,8,1,168,25.0,16.8,HEAVY
Delhi NCR,Peeragarhi Outer Ring Road,DELHI_WEST,13,0,139,20.0,14.0,HEAVY
Delhi NCR,Gurgaon Expressway (Sirhaul Border),DELHI_GURGAON,10,4,466,35.0,5.8,SEVERE
Delhi NCR,Ashram Chowk & Mathura Road,DELHI_SOUTH,9,3,360,14.0,5.0,SEVERE
Delhi NCR,Peeragarhi Outer Ring Road,DELHI_WEST,4,3,347,20.0,9.6,SEVERE
Delhi NCR,AIIMS Ring Road Flyover,DELHI_SOUTH,16,6,446,22.0,8.3,SEVERE
Delhi NCR,Ashram Chowk & Mathura Road,DELHI_SOUTH,5,5,494,14.0,5.0,SEVERE
Delhi NCR,AIIMS Ring Road Flyover,DELHI_SOUTH,2,3,226,22.0,13.4,HEAVY
Delhi NCR,Peeragarhi Outer Ring Road,DELHI_WEST,16,0,472,20.0,7.0,SEVERE
Delhi NCR,Peeragarhi Outer Ring Road,DELHI_WEST,17,0,472,20.0,5.0,SEVERE
Delhi NCR,ITO Junction & Vikas Marg,DELHI_CENTRAL,13,2,389,18.0,7.9,SEVERE
Delhi NCR,Laxmi Nagar Vikas Marg,DELHI_EAST,15,3,254,16.0,9.3,SEVERE
Delhi NCR,Gurgaon Expressway (Sirhaul Border),DELHI_GURGAON,10,4,470,35.0,5.8,SEVERE
Delhi NCR,Laxmi Nagar Vikas Marg,DELHI_EAST,23,4,243,16.0,9.5,SEVERE
Delhi NCR,Ashram Chowk & Mathura Road,DELHI_SOUTH,8,0,252,14.0,8.2,SEVERE
Delhi NCR,AIIMS Ring Road Flyover,DELHI_SOUTH,8,4,212,22.0,13.7,HEAVY
Delhi NCR,Gurgaon Expressway (Sirhaul Border),DELHI_GURGAON,14,2,273,35.0,19.6,HEAVY
Delhi NCR,ITO Junction & Vikas Marg,DELHI_CENTRAL,7,6,297,18.0,9.6,SEVERE
Delhi NCR,Peeragarhi Outer Ring Road,DELHI_WEST,17,5,465,20.0,5.0,SEVERE
Delhi NCR,Laxmi Nagar Vikas Marg,DELHI_EAST,22,2,176,16.0,10.6,SEVERE
Delhi NCR,Gurgaon Expressway (Sirhaul Border),DELHI_GURGAON,8,2,393,35.0,15.1,HEAVY
Delhi NCR,Laxmi Nagar Vikas Marg,DELHI_EAST,12,5,458,16.0,5.8,SEVERE
Delhi NCR,AIIMS Ring Road Flyover,DELHI_SOUTH,23,3,87,22.0,16.7,HEAVY
Delhi NCR,Laxmi Nagar Vikas Marg,DELHI_EAST,3,1,338,16.0,7.9,SEVERE
Delhi NCR,Gurgaon Expressway (Sirhaul Border),DELHI_GURGAON,12,6,157,35.0,23.9,MODERATE
Delhi NCR,Laxmi Nagar Vikas Marg,DELHI_EAST,18,4,408,16.0,5.0,SEVERE
Delhi NCR,Connaught Place Outer Circle,DELHI_CENTRAL,0,1,279,25.0,13.8,HEAVY
Delhi NCR,AIIMS Ring Road Flyover,DELHI_SOUTH,11,2,254,22.0,6.0,SEVERE
Delhi NCR,Gurgaon Expressway (Sirhaul Border),DELHI_GURGAON,14,1,462,35.0,12.6,HEAVY
Delhi NCR,Peeragarhi Outer Ring Road,DELHI_WEST,16,0,260,20.0,11.5,SEVERE
Delhi NCR,DND Flyway (Delhi-Noida Link),DELHI_EAST,9,3,282,45.0,11.7,SEVERE
Delhi NCR,Connaught Place Outer Circle,DELHI_CENTRAL,23,6,319,25.0,12.8,HEAVY
Delhi NCR,Gurgaon Expressway (Sirhaul Border),DELHI_GURGAON,17,0,168,35.0,11.1,SEVERE
Delhi NCR,Laxmi Nagar Vikas Marg,DELHI_EAST,9,3,250,16.0,5.0,SEVERE
Delhi NCR,ITO Junction & Vikas Marg,DELHI_CENTRAL,17,2,309,18.0,5.0,SEVERE
Delhi NCR,Connaught Place Outer Circle,DELHI_CENTRAL,3,1,371,25.0,11.4,SEVERE
Delhi NCR,Gurgaon Expressway (Sirhaul Border),DELHI_GURGAON,18,2,178,35.0,10.9,SEVERE
Delhi NCR,ITO Junction & Vikas Marg,DELHI_CENTRAL,8,0,436,18.0,7.0,SEVERE
Delhi NCR,Gurgaon Expressway (Sirhaul Border),DELHI_GURGAON,21,0,493,35.0,5.4,SEVERE
Delhi NCR,DND Flyway (Delhi-Noida Link),DELHI_EAST,11,1,211,45.0,13.3,HEAVY
Delhi NCR,Gurgaon Expressway (Sirhaul Border),DELHI_GURGAON,13,0,163,35.0,23.7,MODERATE
Delhi NCR,Ashram Chowk & Mathura Road,DELHI_SOUTH,13,4,383,14.0,6.2,SEVERE
Delhi NCR,Ashram Chowk & Mathura Road,DELHI_SOUTH,12,5,125,14.0,10.0,SEVERE
Delhi NCR,AIIMS Ring Road Flyover,DELHI_SOUTH,5,1,415,22.0,9.0,SEVERE
Delhi NCR,Gurgaon Expressway (Sirhaul Border),DELHI_GURGAON,7,5,228,35.0,21.3,HEAVY
Delhi NCR,Ashram Chowk & Mathura Road,DELHI_SOUTH,10,0,201,14.0,5.0,SEVERE
Delhi NCR,Peeragarhi Outer Ring Road,DELHI_WEST,19,1,493,20.0,5.0,SEVERE
Delhi NCR,Connaught Place Outer Circle,DELHI_CENTRAL,10,6,267,25.0,6.7,SEVERE
Delhi NCR,ITO Junction & Vikas Marg,DELHI_CENTRAL,0,6,300,18.0,9.6,SEVERE
Delhi NCR,ITO Junction & Vikas Marg,DELHI_CENTRAL,8,1,360,18.0,8.4,SEVERE
Delhi NCR,Ashram Chowk & Mathura Road,DELHI_SOUTH,2,2,129,14.0,10.0,SEVERE
Delhi NCR,Connaught Place Outer Circle,DELHI_CENTRAL,21,6,360,25.0,5.5,SEVERE
Delhi NCR,ITO Junction & Vikas Marg,DELHI_CENTRAL,10,6,207,18.0,5.3,SEVERE
Delhi NCR,Peeragarhi Outer Ring Road,DELHI_WEST,8,6,350,20.0,9.6,SEVERE
Delhi NCR,Gurgaon Expressway (Sirhaul Border),DELHI_GURGAON,18,2,483,35.0,5.5,SEVERE
Delhi NCR,DND Flyway (Delhi-Noida Link),DELHI_EAST,11,5,172,45.0,14.1,HEAVY
Delhi NCR,DND Flyway (Delhi-Noida Link),DELHI_EAST,15,5,269,45.0,25.4,MODERATE
Delhi NCR,Peeragarhi Outer Ring Road,DELHI_WEST,8,3,430,20.0,7.9,SEVERE
Delhi NCR,DND Flyway (Delhi-Noida Link),DELHI_EAST,23,2,477,45.0,15.4,HEAVY
Delhi NCR,AIIMS Ring Road Flyover,DELHI_SOUTH,21,2,155,22.0,7.1,SEVERE
Delhi NCR,Gurgaon Expressway (Sirhaul Border),DELHI_GURGAON,4,3,515,35.0,10.6,SEVERE
Delhi NCR,AIIMS Ring Road Flyover,DELHI_SOUTH,21,1,470,22.0,5.0,SEVERE
Delhi NCR,Gurgaon Expressway (Sirhaul Border),DELHI_GURGAON,1,2,449,35.0,13.1,HEAVY
Delhi NCR,AIIMS Ring Road Flyover,DELHI_SOUTH,2,1,316,22.0,11.3,SEVERE
Delhi NCR,Laxmi Nagar Vikas Marg,DELHI_EAST,15,5,184,16.0,10.5,SEVERE
Delhi NCR,Laxmi Nagar Vikas Marg,DELHI_EAST,22,1,104,16.0,11.8,SEVERE
Delhi NCR,Ashram Chowk & Mathura Road,DELHI_SOUTH,22,6,246,14.0,8.2,SEVERE
Delhi NCR,Gurgaon Expressway (Sirhaul Border),DELHI_GURGAON,10,3,293,35.0,8.9,SEVERE
Delhi NCR,DND Flyway (Delhi-Noida Link),DELHI_EAST,11,6,472,45.0,7.4,SEVERE
Delhi NCR,Connaught Place Outer Circle,DELHI_CENTRAL,10,1,455,25.0,5.0,SEVERE
Delhi NCR,Peeragarhi Outer Ring Road,DELHI_WEST,7,6,421,20.0,8.1,SEVERE
Delhi NCR,ITO Junction & Vikas Marg,DELHI_CENTRAL,9,5,261,18.0,5.0,SEVERE
Delhi NCR,Peeragarhi Outer Ring Road,DELHI_WEST,6,5,274,20.0,11.2,SEVERE
Delhi NCR,DND Flyway (Delhi-Noida Link),DELHI_EAST,10,4,330,45.0,10.6,SEVERE
Delhi NCR,Peeragarhi Outer Ring Road,DELHI_WEST,22,2,368,20.0,9.2,SEVERE
Delhi NCR,Laxmi Nagar Vikas Marg,DELHI_EAST,2,3,263,16.0,9.1,SEVERE
Delhi NCR,Connaught Place Outer Circle,DELHI_CENTRAL,4,4,262,25.0,14.3,HEAVY
Delhi NCR,DND Flyway (Delhi-Noida Link),DELHI_EAST,4,0,268,45.0,25.4,MODERATE
Delhi NCR,Peeragarhi Outer Ring Road,DELHI_WEST,16,3,408,20.0,8.3,SEVERE
Delhi NCR,ITO Junction & Vikas Marg,DELHI_CENTRAL,9,5,518,18.0,5.0,SEVERE
Delhi NCR,DND Flyway (Delhi-Noida Link),DELHI_EAST,14,3,419,45.0,18.2,HEAVY
Delhi NCR,Gurgaon Expressway (Sirhaul Border),DELHI_GURGAON,5,5,292,35.0,18.9,HEAVY
Delhi NCR,Ashram Chowk & Mathura Road,DELHI_SOUTH,18,4,378,14.0,5.0,SEVERE
Delhi NCR,Connaught Place Outer Circle,DELHI_CENTRAL,2,6,104,25.0,18.5,HEAVY
Delhi NCR,ITO Junction & Vikas Marg,DELHI_CENTRAL,12,4,172,18.0,12.0,HEAVY
Delhi NCR,DND Flyway (Delhi-Noida Link),DELHI_EAST,15,5,197,45.0,28.8,MODERATE
Delhi NCR,Connaught Place Outer Circle,DELHI_CENTRAL,17,6,517,25.0,5.0,SEVERE
Delhi NCR,DND Flyway (Delhi-Noida Link),DELHI_EAST,9,6,237,45.0,12.7,HEAVY
Delhi NCR,Ashram Chowk & Mathura Road,DELHI_SOUTH,5,3,264,14.0,8.0,SEVERE
Delhi NCR,Gurgaon Expressway (Sirhaul Border),DELHI_GURGAON,2,3,389,35.0,15.3,HEAVY
Delhi NCR,DND Flyway (Delhi-Noida Link),DELHI_EAST,15,6,409,45.0,18.7,HEAVY
Delhi NCR,Ashram Chowk & Mathura Road,DELHI_SOUTH,20,2,385,14.0,5.0,SEVERE
Delhi NCR,Gurgaon Expressway (Sirhaul Border),DELHI_GURGAON,0,4,241,35.0,20.8,HEAVY
Delhi NCR,ITO Junction & Vikas Marg,DELHI_CENTRAL,23,0,491,18.0,5.9,SEVERE
Delhi NCR,ITO Junction & Vikas Marg,DELHI_CENTRAL,10,5,480,18.0,5.0,SEVERE
Delhi NCR,Ashram Chowk & Mathura Road,DELHI_SOUTH,22,0,404,14.0,5.9,SEVERE
Delhi NCR,ITO Junction & Vikas Marg,DELHI_CENTRAL,16,2,208,18.0,11.3,SEVERE
Delhi NCR,Gurgaon Expressway (Sirhaul Border),DELHI_GURGAON,8,1,360,35.0,16.4,HEAVY
Delhi NCR,Peeragarhi Outer Ring Road,DELHI_WEST,5,3,331,20.0,10.0,SEVERE
Delhi NCR,DND Flyway (Delhi-Noida Link),DELHI_EAST,8,0,146,45.0,31.3,MODERATE
Delhi NCR,ITO Junction & Vikas Marg,DELHI_CENTRAL,15,2,164,18.0,12.2,HEAVY
Delhi NCR,ITO Junction & Vikas Marg,DELHI_CENTRAL,2,2,353,18.0,8.5,SEVERE
Delhi NCR,Laxmi Nagar Vikas Marg,DELHI_EAST,13,2,485,16.0,5.4,SEVERE
Delhi NCR,Gurgaon Expressway (Sirhaul Border),DELHI_GURGAON,5,5,410,35.0,14.5,HEAVY
Delhi NCR,AIIMS Ring Road Flyover,DELHI_SOUTH,2,5,160,22.0,15.0,HEAVY
Delhi NCR,DND Flyway (Delhi-Noida Link),DELHI_EAST,13,3,448,45.0,16.8,HEAVY
Delhi NCR,Ashram Chowk & Mathura Road,DELHI_SOUTH,8,3,398,14.0,6.0,SEVERE
Delhi NCR,Peeragarhi Outer Ring Road,DELHI_WEST,22,5,293,20.0,10.8,SEVERE
Delhi NCR,Ashram Chowk & Mathura Road,DELHI_SOUTH,18,5,509,14.0,5.0,SEVERE
Delhi NCR,Connaught Place Outer Circle,DELHI_CENTRAL,0,6,279,25.0,13.8,HEAVY
Delhi NCR,ITO Junction & Vikas Marg,DELHI_CENTRAL,11,4,151,18.0,5.8,SEVERE
Delhi NCR,AIIMS Ring Road Flyover,DELHI_SOUTH,5,2,280,22.0,12.2,HEAVY
Delhi NCR,Peeragarhi Outer Ring Road,DELHI_WEST,19,5,152,20.0,6.5,SEVERE
Delhi NCR,Gurgaon Expressway (Sirhaul Border),DELHI_GURGAON,14,6,300,35.0,18.6,HEAVY
Delhi NCR,Connaught Place Outer Circle,DELHI_CENTRAL,10,6,488,25.0,5.0,SEVERE
Delhi NCR,DND Flyway (Delhi-Noida Link),DELHI_EAST,16,5,140,45.0,31.6,MODERATE
Delhi NCR,Connaught Place Outer Circle,DELHI_CENTRAL,6,0,220,25.0,15.4,HEAVY
Delhi NCR,Gurgaon Expressway (Sirhaul Border),DELHI_GURGAON,11,6,487,35.0,5.5,SEVERE
Delhi NCR,ITO Junction & Vikas Marg,DELHI_CENTRAL,22,3,326,18.0,9.1,SEVERE
Delhi NCR,Connaught Place Outer Circle,DELHI_CENTRAL,18,2,382,25.0,5.2,SEVERE
Delhi NCR,Peeragarhi Outer Ring Road,DELHI_WEST,19,1,272,20.0,5.3,SEVERE
Delhi NCR,AIIMS Ring Road Flyover,DELHI_SOUTH,17,4,145,22.0,7.2,SEVERE
Delhi NCR,Connaught Place Outer Circle,DELHI_CENTRAL,13,2,288,25.0,13.6,HEAVY
Delhi NCR,Ashram Chowk & Mathura Road,DELHI_SOUTH,23,3,389,14.0,6.1,SEVERE
Delhi NCR,ITO Junction & Vikas Marg,DELHI_CENTRAL,12,6,222,18.0,11.1,SEVERE
Delhi NCR,Gurgaon Expressway (Sirhaul Border),DELHI_GURGAON,7,6,120,35.0,25.3,MODERATE
Delhi NCR,Laxmi Nagar Vikas Marg,DELHI_EAST,0,4,504,16.0,5.0,SEVERE
Delhi NCR,Peeragarhi Outer Ring Road,DELHI_WEST,14,2,245,20.0,11.8,SEVERE
Delhi NCR,Laxmi Nagar Vikas Marg,DELHI_EAST,22,1,389,16.0,7.0,SEVERE
Delhi NCR,DND Flyway (Delhi-Noida Link),DELHI_EAST,0,0,273,45.0,25.2,MODERATE
Delhi NCR,Laxmi Nagar Vikas Marg,DELHI_EAST,2,2,136,16.0,11.3,SEVERE
Delhi NCR,Laxmi Nagar Vikas Marg,DELHI_EAST,17,6,348,16.0,5.0,SEVERE
Delhi NCR,ITO Junction & Vikas Marg,DELHI_CENTRAL,2,1,161,18.0,12.2,HEAVY
Delhi NCR,AIIMS Ring Road Flyover,DELHI_SOUTH,19,5,130,22.0,7.4,SEVERE
Delhi NCR,Ashram Chowk & Mathura Road,DELHI_SOUTH,8,0,414,14.0,5.7,SEVERE
Delhi NCR,ITO Junction & Vikas Marg,DELHI_CENTRAL,7,4,322,18.0,9.1,SEVERE
Delhi NCR,Ashram Chowk & Mathura Road,DELHI_SOUTH,5,5,185,14.0,9.1,SEVERE
Delhi NCR,Connaught Place Outer Circle,DELHI_CENTRAL,4,5,518,25.0,7.5,SEVERE
Delhi NCR,Gurgaon Expressway (Sirhaul Border),DELHI_GURGAON,21,2,515,35.0,5.0,SEVERE
Delhi NCR,Peeragarhi Outer Ring Road,DELHI_WEST,14,4,114,20.0,14.6,HEAVY
Delhi NCR,Connaught Place Outer Circle,DELHI_CENTRAL,0,5,241,25.0,14.8,HEAVY
Delhi NCR,DND Flyway (Delhi-Noida Link),DELHI_EAST,18,6,422,45.0,8.5,SEVERE
Delhi NCR,Gurgaon Expressway (Sirhaul Border),DELHI_GURGAON,5,2,501,35.0,11.1,SEVERE
Delhi NCR,Ashram Chowk & Mathura Road,DELHI_SOUTH,21,5,460,14.0,5.0,SEVERE
Delhi NCR,ITO Junction & Vikas Marg,DELHI_CENTRAL,21,1,167,18.0,5.7,SEVERE
Delhi NCR,DND Flyway (Delhi-Noida Link),DELHI_EAST,16,3,469,45.0,15.8,HEAVY
Delhi NCR,AIIMS Ring Road Flyover,DELHI_SOUTH,8,1,496,22.0,7.1,SEVERE
Delhi NCR,Gurgaon Expressway (Sirhaul Border),DELHI_GURGAON,8,2,457,35.0,12.8,HEAVY
Delhi NCR,Connaught Place Outer Circle,DELHI_CENTRAL,3,4,440,25.0,9.6,SEVERE
Delhi NCR,DND Flyway (Delhi-Noida Link),DELHI_EAST,5,2,151,45.0,31.0,MODERATE
Delhi NCR,Laxmi Nagar Vikas Marg,DELHI_EAST,7,6,209,16.0,10.0,SEVERE
Delhi NCR,Gurgaon Expressway (Sirhaul Border),DELHI_GURGAON,10,1,240,35.0,9.8,SEVERE
Delhi NCR,Ashram Chowk & Mathura Road,DELHI_SOUTH,1,0,362,14.0,6.5,SEVERE
Delhi NCR,Gurgaon Expressway (Sirhaul Border),DELHI_GURGAON,23,4,303,35.0,18.5,HEAVY
Delhi NCR,Ashram Chowk & Mathura Road,DELHI_SOUTH,10,4,154,14.0,5.0,SEVERE
Delhi NCR,DND Flyway (Delhi-Noida Link),DELHI_EAST,16,3,185,45.0,29.4,MODERATE
Delhi NCR,Ashram Chowk & Mathura Road,DELHI_SOUTH,0,3,197,14.0,9.0,SEVERE
Delhi NCR,DND Flyway (Delhi-Noida Link),DELHI_EAST,19,6,294,45.0,11.4,SEVERE
Delhi NCR,Peeragarhi Outer Ring Road,DELHI_WEST,0,0,357,20.0,9.4,SEVERE
Delhi NCR,Ashram Chowk & Mathura Road,DELHI_SOUTH,12,4,198,14.0,9.0,SEVERE
Delhi NCR,AIIMS Ring Road Flyover,DELHI_SOUTH,6,3,368,22.0,10.1,SEVERE
Delhi NCR,Gurgaon Expressway (Sirhaul Border),DELHI_GURGAON,15,3,88,35.0,26.5,MODERATE
Delhi NCR,ITO Junction & Vikas Marg,DELHI_CENTRAL,21,6,429,18.0,5.0,SEVERE
Delhi NCR,AIIMS Ring Road Flyover,DELHI_SOUTH,19,6,284,22.0,5.7,SEVERE
Delhi NCR,DND Flyway (Delhi-Noida Link),DELHI_EAST,20,5,209,45.0,13.3,HEAVY
Delhi NCR,Laxmi Nagar Vikas Marg,DELHI_EAST,16,1,478,16.0,5.5,SEVERE
Delhi NCR,Connaught Place Outer Circle,DELHI_CENTRAL,15,0,176,25.0,16.6,HEAVY
Delhi NCR,Gurgaon Expressway (Sirhaul Border),DELHI_GURGAON,9,4,387,35.0,7.2,SEVERE
Delhi NCR,Ashram Chowk & Mathura Road,DELHI_SOUTH,20,2,480,14.0,5.0,SEVERE
Delhi NCR,ITO Junction & Vikas Marg,DELHI_CENTRAL,3,4,373,18.0,8.2,SEVERE
Delhi NCR,AIIMS Ring Road Flyover,DELHI_SOUTH,8,2,119,22.0,15.9,HEAVY
Delhi NCR,Laxmi Nagar Vikas Marg,DELHI_EAST,14,3,260,16.0,9.2,SEVERE
Delhi NCR,ITO Junction & Vikas Marg,DELHI_CENTRAL,1,1,385,18.0,7.9,SEVERE
Delhi NCR,ITO Junction & Vikas Marg,DELHI_CENTRAL,6,0,364,18.0,8.3,SEVERE
Delhi NCR,Ashram Chowk & Mathura Road,DELHI_SOUTH,18,2,212,14.0,5.0,SEVERE
Delhi NCR,Connaught Place Outer Circle,DELHI_CENTRAL,9,1,248,25.0,6.9,SEVERE
Delhi NCR,ITO Junction & Vikas Marg,DELHI_CENTRAL,7,3,342,18.0,8.8,SEVERE
Delhi NCR,Gurgaon Expressway (Sirhaul Border),DELHI_GURGAON,21,2,432,35.0,6.4,SEVERE
Delhi NCR,AIIMS Ring Road Flyover,DELHI_SOUTH,9,1,158,22.0,7.1,SEVERE
Delhi NCR,Gurgaon Expressway (Sirhaul Border),DELHI_GURGAON,21,2,168,35.0,11.1,SEVERE
Delhi NCR,Connaught Place Outer Circle,DELHI_CENTRAL,19,0,276,25.0,6.6,SEVERE
Delhi NCR,AIIMS Ring Road Flyover,DELHI_SOUTH,6,4,429,22.0,8.7,SEVERE
Delhi NCR,ITO Junction & Vikas Marg,DELHI_CENTRAL,19,4,400,18.0,5.0,SEVERE
Delhi NCR,ITO Junction & Vikas Marg,DELHI_CENTRAL,8,3,201,18.0,11.5,SEVERE
Delhi NCR,AIIMS Ring Road Flyover,DELHI_SOUTH,4,2,402,22.0,9.3,SEVERE
Delhi NCR,ITO Junction & Vikas Marg,DELHI_CENTRAL,9,0,217,18.0,5.2,SEVERE
Delhi NCR,ITO Junction & Vikas Marg,DELHI_CENTRAL,3,6,441,18.0,6.9,SEVERE
Delhi NCR,Peeragarhi Outer Ring Road,DELHI_WEST,11,5,204,20.0,6.0,SEVERE
Delhi NCR,Connaught Place Outer Circle,DELHI_CENTRAL,9,5,129,25.0,8.4,SEVERE
Delhi NCR,ITO Junction & Vikas Marg,DELHI_CENTRAL,15,4,284,18.0,9.9,SEVERE
Delhi NCR,Connaught Place Outer Circle,DELHI_CENTRAL,14,6,373,25.0,11.3,SEVERE
Delhi NCR,DND Flyway (Delhi-Noida Link),DELHI_EAST,17,6,308,45.0,11.1,SEVERE
Delhi NCR,Laxmi Nagar Vikas Marg,DELHI_EAST,12,2,148,16.0,11.1,SEVERE
Delhi NCR,Gurgaon Expressway (Sirhaul Border),DELHI_GURGAON,22,5,312,35.0,18.1,HEAVY
Delhi NCR,Ashram Chowk & Mathura Road,DELHI_SOUTH,23,2,462,14.0,5.0,SEVERE
Delhi NCR,Laxmi Nagar Vikas Marg,DELHI_EAST,10,5,84,16.0,5.7,SEVERE
Delhi NCR,AIIMS Ring Road Flyover,DELHI_SOUTH,5,0,500,22.0,7.0,SEVERE
Delhi NCR,Gurgaon Expressway (Sirhaul Border),DELHI_GURGAON,2,1,197,35.0,22.4,MODERATE
Delhi NCR,Laxmi Nagar Vikas Marg,DELHI_EAST,4,4,390,16.0,7.0,SEVERE
Delhi NCR,Ashram Chowk & Mathura Road,DELHI_SOUTH,17,0,292,14.0,5.0,SEVERE
Delhi NCR,Gurgaon Expressway (Sirhaul Border),DELHI_GURGAON,18,0,495,35.0,5.3,SEVERE
Delhi NCR,ITO Junction & Vikas Marg,DELHI_CENTRAL,0,5,174,18.0,12.0,HEAVY
Delhi NCR,ITO Junction & Vikas Marg,DELHI_CENTRAL,5,6,112,18.0,13.2,HEAVY
Delhi NCR,Laxmi Nagar Vikas Marg,DELHI_EAST,12,1,347,16.0,7.7,SEVERE
Delhi NCR,ITO Junction & Vikas Marg,DELHI_CENTRAL,10,1,194,18.0,5.5,SEVERE
Delhi NCR,ITO Junction & Vikas Marg,DELHI_CENTRAL,8,2,474,18.0,6.2,SEVERE
Delhi NCR,ITO Junction & Vikas Marg,DELHI_CENTRAL,11,5,344,18.0,5.0,SEVERE
Delhi NCR,ITO Junction & Vikas Marg,DELHI_CENTRAL,7,6,220,18.0,11.1,SEVERE
Delhi NCR,DND Flyway (Delhi-Noida Link),DELHI_EAST,9,4,340,45.0,10.3,SEVERE
Delhi NCR,AIIMS Ring Road Flyover,DELHI_SOUTH,8,3,328,22.0,11.0,SEVERE
Delhi NCR,AIIMS Ring Road Flyover,DELHI_SOUTH,21,2,308,22.0,5.4,SEVERE
Delhi NCR,Peeragarhi Outer Ring Road,DELHI_WEST,1,1,364,20.0,9.3,SEVERE
Delhi NCR,Ashram Chowk & Mathura Road,DELHI_SOUTH,17,1,232,14.0,5.0,SEVERE
Delhi NCR,Laxmi Nagar Vikas Marg,DELHI_EAST,9,0,175,16.0,5.0,SEVERE
Delhi NCR,Laxmi Nagar Vikas Marg,DELHI_EAST,15,4,314,16.0,8.3,SEVERE
Delhi NCR,Gurgaon Expressway (Sirhaul Border),DELHI_GURGAON,14,6,212,35.0,21.9,HEAVY
Delhi NCR,Ashram Chowk & Mathura Road,DELHI_SOUTH,12,6,472,14.0,5.0,SEVERE
Delhi NCR,AIIMS Ring Road Flyover,DELHI_SOUTH,17,1,219,22.0,6.4,SEVERE
Delhi NCR,AIIMS Ring Road Flyover,DELHI_SOUTH,6,4,449,22.0,8.2,SEVERE
Delhi NCR,AIIMS Ring Road Flyover,DELHI_SOUTH,1,6,165,22.0,14.8,HEAVY
Delhi NCR,DND Flyway (Delhi-Noida Link),DELHI_EAST,19,0,227,45.0,12.9,HEAVY
Delhi NCR,Gurgaon Expressway (Sirhaul Border),DELHI_GURGAON,17,5,279,35.0,9.1,SEVERE
Delhi NCR,DND Flyway (Delhi-Noida Link),DELHI_EAST,15,3,512,45.0,13.8,HEAVY
Delhi NCR,DND Flyway (Delhi-Noida Link),DELHI_EAST,5,0,184,45.0,29.5,MODERATE
Delhi NCR,AIIMS Ring Road Flyover,DELHI_SOUTH,2,5,142,22.0,15.4,HEAVY
Delhi NCR,Ashram Chowk & Mathura Road,DELHI_SOUTH,1,1,469,14.0,5.0,SEVERE
Delhi NCR,AIIMS Ring Road Flyover,DELHI_SOUTH,5,6,123,22.0,15.8,HEAVY
Delhi NCR,DND Flyway (Delhi-Noida Link),DELHI_EAST,10,0,220,45.0,13.0,HEAVY
Delhi NCR,DND Flyway (Delhi-Noida Link),DELHI_EAST,20,5,452,45.0,7.8,SEVERE
Delhi NCR,DND Flyway (Delhi-Noida Link),DELHI_EAST,18,6,465,45.0,7.5,SEVERE
Delhi NCR,ITO Junction & Vikas Marg,DELHI_CENTRAL,23,5,98,18.0,13.4,HEAVY
Delhi NCR,Peeragarhi Outer Ring Road,DELHI_WEST,2,2,186,20.0,13.0,HEAVY
Delhi NCR,DND Flyway (Delhi-Noida Link),DELHI_EAST,12,1,131,45.0,32.0,LOW
Delhi NCR,Laxmi Nagar Vikas Marg,DELHI_EAST,14,3,505,16.0,5.0,SEVERE
Delhi NCR,AIIMS Ring Road Flyover,DELHI_SOUTH,12,1,481,22.0,7.5,SEVERE
Delhi NCR,Gurgaon Expressway (Sirhaul Border),DELHI_GURGAON,4,4,126,35.0,25.1,MODERATE
Delhi NCR,Gurgaon Expressway (Sirhaul Border),DELHI_GURGAON,22,6,184,35.0,22.9,MODERATE
Delhi NCR,Gurgaon Expressway (Sirhaul Border),DELHI_GURGAON,7,3,280,35.0,19.3,HEAVY
Delhi NCR,Laxmi Nagar Vikas Marg,DELHI_EAST,6,4,224,16.0,9.8,SEVERE
Delhi NCR,Gurgaon Expressway (Sirhaul Border),DELHI_GURGAON,7,3,515,35.0,10.6,SEVERE
Delhi NCR,ITO Junction & Vikas Marg,DELHI_CENTRAL,14,6,111,18.0,13.2,HEAVY
Delhi NCR,DND Flyway (Delhi-Noida Link),DELHI_EAST,9,0,159,45.0,14.4,HEAVY
Delhi NCR,Gurgaon Expressway (Sirhaul Border),DELHI_GURGAON,8,4,503,35.0,11.0,SEVERE
Delhi NCR,Ashram Chowk & Mathura Road,DELHI_SOUTH,2,1,216,14.0,8.7,SEVERE
Delhi NCR,AIIMS Ring Road Flyover,DELHI_SOUTH,17,0,334,22.0,5.1,SEVERE
Delhi NCR,ITO Junction & Vikas Marg,DELHI_CENTRAL,18,1,489,18.0,5.0,SEVERE
Delhi NCR,Laxmi Nagar Vikas Marg,DELHI_EAST,8,0,169,16.0,10.7,SEVERE
Delhi NCR,Connaught Place Outer Circle,DELHI_CENTRAL,11,6,412,25.0,5.0,SEVERE
Delhi NCR,DND Flyway (Delhi-Noida Link),DELHI_EAST,20,5,101,45.0,15.7,HEAVY
Delhi NCR,Connaught Place Outer Circle,DELHI_CENTRAL,8,5,98,25.0,18.6,HEAVY
Delhi NCR,Laxmi Nagar Vikas Marg,DELHI_EAST,22,1,294,16.0,8.6,SEVERE
Delhi NCR,Ashram Chowk & Mathura Road,DELHI_SOUTH,23,0,197,14.0,9.0,SEVERE
Delhi NCR,Ashram Chowk & Mathura Road,DELHI_SOUTH,9,5,439,14.0,5.0,SEVERE
Delhi NCR,ITO Junction & Vikas Marg,DELHI_CENTRAL,22,3,431,18.0,7.1,SEVERE
Delhi NCR,Connaught Place Outer Circle,DELHI_CENTRAL,20,4,270,25.0,6.6,SEVERE
Delhi NCR,Laxmi Nagar Vikas Marg,DELHI_EAST,15,3,106,16.0,11.8,SEVERE
Delhi NCR,Laxmi Nagar Vikas Marg,DELHI_EAST,13,1,514,16.0,5.0,SEVERE
Delhi NCR,Gurgaon Expressway (Sirhaul Border),DELHI_GURGAON,13,5,119,35.0,25.3,MODERATE
Delhi NCR,Laxmi Nagar Vikas Marg,DELHI_EAST,15,5,372,16.0,7.3,SEVERE
Delhi NCR,Connaught Place Outer Circle,DELHI_CENTRAL,9,0,322,25.0,6.0,SEVERE
Delhi NCR,Gurgaon Expressway (Sirhaul Border),DELHI_GURGAON,23,2,87,35.0,26.5,MODERATE
Delhi NCR,Peeragarhi Outer Ring Road,DELHI_WEST,10,0,184,20.0,6.2,SEVERE
Delhi NCR,Peeragarhi Outer Ring Road,DELHI_WEST,4,2,440,20.0,7.6,SEVERE
Delhi NCR,ITO Junction & Vikas Marg,DELHI_CENTRAL,23,1,144,18.0,12.5,HEAVY
Delhi NCR,Ashram Chowk & Mathura Road,DELHI_SOUTH,3,2,259,14.0,8.0,SEVERE
Delhi NCR,AIIMS Ring Road Flyover,DELHI_SOUTH,2,0,337,22.0,10.8,SEVERE
Delhi NCR,Laxmi Nagar Vikas Marg,DELHI_EAST,10,5,341,16.0,5.0,SEVERE
Delhi NCR,Ashram Chowk & Mathura Road,DELHI_SOUTH,6,2,315,14.0,7.2,SEVERE
Delhi NCR,DND Flyway (Delhi-Noida Link),DELHI_EAST,5,6,473,45.0,15.6,HEAVY
Delhi NCR,Ashram Chowk & Mathura Road,DELHI_SOUTH,5,2,488,14.0,5.0,SEVERE
Delhi NCR,Laxmi Nagar Vikas Marg,DELHI_EAST,5,0,436,16.0,6.2,SEVERE
Delhi NCR,Gurgaon Expressway (Sirhaul Border),DELHI_GURGAON,3,2,282,35.0,19.3,HEAVY
Delhi NCR,Peeragarhi Outer Ring Road,DELHI_WEST,8,5,255,20.0,11.6,SEVERE
Delhi NCR,Gurgaon Expressway (Sirhaul Border),DELHI_GURGAON,15,4,470,35.0,12.3,HEAVY
Delhi NCR,Peeragarhi Outer Ring Road,DELHI_WEST,13,6,122,20.0,14.4,HEAVY
Delhi NCR,Ashram Chowk & Mathura Road,DELHI_SOUTH,10,1,423,14.0,5.0,SEVERE
Delhi NCR,Gurgaon Expressway (Sirhaul Border),DELHI_GURGAON,15,6,284,35.0,19.2,HEAVY
Delhi NCR,Gurgaon Expressway (Sirhaul Border),DELHI_GURGAON,15,5,391,35.0,15.2,HEAVY
Delhi NCR,Connaught Place Outer Circle,DELHI_CENTRAL,15,1,471,25.0,8.7,SEVERE
Delhi NCR,DND Flyway (Delhi-Noida Link),DELHI_EAST,1,1,195,45.0,28.9,MODERATE
Delhi NCR,Peeragarhi Outer Ring Road,DELHI_WEST,12,2,499,20.0,6.4,SEVERE
Delhi NCR,AIIMS Ring Road Flyover,DELHI_SOUTH,10,2,206,22.0,6.5,SEVERE
Delhi NCR,Peeragarhi Outer Ring Road,DELHI_WEST,15,4,146,20.0,13.9,HEAVY
Delhi NCR,ITO Junction & Vikas Marg,DELHI_CENTRAL,11,4,155,18.0,5.8,SEVERE
Delhi NCR,Laxmi Nagar Vikas Marg,DELHI_EAST,12,2,110,16.0,11.7,SEVERE
Delhi NCR,Ashram Chowk & Mathura Road,DELHI_SOUTH,7,1,333,14.0,6.9,SEVERE
Delhi NCR,DND Flyway (Delhi-Noida Link),DELHI_EAST,19,2,164,45.0,14.3,HEAVY
Delhi NCR,Peeragarhi Outer Ring Road,DELHI_WEST,6,3,346,20.0,9.6,SEVERE
Delhi NCR,Peeragarhi Outer Ring Road,DELHI_WEST,14,4,257,20.0,11.5,SEVERE
Delhi NCR,ITO Junction & Vikas Marg,DELHI_CENTRAL,14,5,347,18.0,8.7,SEVERE
Delhi NCR,Connaught Place Outer Circle,DELHI_CENTRAL,22,4,222,25.0,15.4,HEAVY
Delhi NCR,ITO Junction & Vikas Marg,DELHI_CENTRAL,12,5,233,18.0,10.8,SEVERE
Delhi NCR,Ashram Chowk & Mathura Road,DELHI_SOUTH,12,0,202,14.0,8.9,SEVERE
Delhi NCR,Ashram Chowk & Mathura Road,DELHI_SOUTH,21,1,199,14.0,5.0,SEVERE
Delhi NCR,Ashram Chowk & Mathura Road,DELHI_SOUTH,5,3,207,14.0,8.8,SEVERE
Delhi NCR,Peeragarhi Outer Ring Road,DELHI_WEST,10,6,139,20.0,6.6,SEVERE
Delhi NCR,Laxmi Nagar Vikas Marg,DELHI_EAST,4,3,297,16.0,8.6,SEVERE
Delhi NCR,Gurgaon Expressway (Sirhaul Border),DELHI_GURGAON,14,2,299,35.0,18.6,HEAVY
Delhi NCR,DND Flyway (Delhi-Noida Link),DELHI_EAST,13,2,214,45.0,28.0,MODERATE
Delhi NCR,DND Flyway (Delhi-Noida Link),DELHI_EAST,18,1,353,45.0,10.1,SEVERE
Delhi NCR,DND Flyway (Delhi-Noida Link),DELHI_EAST,10,1,181,45.0,13.9,HEAVY
Delhi NCR,ITO Junction & Vikas Marg,DELHI_CENTRAL,3,6,478,18.0,6.2,SEVERE
Delhi NCR,Peeragarhi Outer Ring Road,DELHI_WEST,10,2,199,20.0,6.0,SEVERE
Delhi NCR,AIIMS Ring Road Flyover,DELHI_SOUTH,19,2,460,22.0,5.0,SEVERE
Delhi NCR,Ashram Chowk & Mathura Road,DELHI_SOUTH,23,3,111,14.0,10.2,SEVERE
Delhi NCR,Ashram Chowk & Mathura Road,DELHI_SOUTH,5,6,294,14.0,7.5,SEVERE
Delhi NCR,Peeragarhi Outer Ring Road,DELHI_WEST,2,2,326,20.0,10.1,SEVERE
Delhi NCR,DND Flyway (Delhi-Noida Link),DELHI_EAST,1,3,184,45.0,29.5,MODERATE
Delhi NCR,Gurgaon Expressway (Sirhaul Border),DELHI_GURGAON,23,5,437,35.0,13.5,HEAVY
Delhi NCR,Gurgaon Expressway (Sirhaul Border),DELHI_GURGAON,21,1,455,35.0,6.0,SEVERE
Delhi NCR,Laxmi Nagar Vikas Marg,DELHI_EAST,15,0,163,16.0,10.8,SEVERE
Delhi NCR,Peeragarhi Outer Ring Road,DELHI_WEST,16,5,410,20.0,8.3,SEVERE
Delhi NCR,Peeragarhi Outer Ring Road,DELHI_WEST,14,6,309,20.0,10.4,SEVERE
Delhi NCR,Connaught Place Outer Circle,DELHI_CENTRAL,8,3,344,25.0,12.1,HEAVY
Delhi NCR,Laxmi Nagar Vikas Marg,DELHI_EAST,15,2,254,16.0,9.3,SEVERE
Delhi NCR,ITO Junction & Vikas Marg,DELHI_CENTRAL,14,1,394,18.0,7.8,SEVERE
Delhi NCR,DND Flyway (Delhi-Noida Link),DELHI_EAST,4,4,439,45.0,17.3,HEAVY
Delhi NCR,Ashram Chowk & Mathura Road,DELHI_SOUTH,3,4,474,14.0,5.0,SEVERE
Delhi NCR,AIIMS Ring Road Flyover,DELHI_SOUTH,19,5,309,22.0,5.4,SEVERE
Delhi NCR,Ashram Chowk & Mathura Road,DELHI_SOUTH,6,0,135,14.0,9.9,SEVERE
Delhi NCR,Gurgaon Expressway (Sirhaul Border),DELHI_GURGAON,17,5,456,35.0,6.0,SEVERE
Delhi NCR,DND Flyway (Delhi-Noida Link),DELHI_EAST,11,1,360,45.0,9.9,SEVERE
Delhi NCR,Connaught Place Outer Circle,DELHI_CENTRAL,2,1,446,25.0,9.4,SEVERE
Delhi NCR,Ashram Chowk & Mathura Road,DELHI_SOUTH,15,5,462,14.0,5.0,SEVERE
Delhi NCR,Ashram Chowk & Mathura Road,DELHI_SOUTH,17,3,231,14.0,5.0,SEVERE
Delhi NCR,ITO Junction & Vikas Marg,DELHI_CENTRAL,6,4,192,18.0,11.6,SEVERE
Delhi NCR,ITO Junction & Vikas Marg,DELHI_CENTRAL,7,2,88,18.0,13.6,HEAVY
Delhi NCR,Ashram Chowk & Mathura Road,DELHI_SOUTH,18,1,260,14.0,5.0,SEVERE
Delhi NCR,Gurgaon Expressway (Sirhaul Border),DELHI_GURGAON,8,0,475,35.0,12.1,HEAVY
Delhi NCR,ITO Junction & Vikas Marg,DELHI_CENTRAL,8,1,338,18.0,8.8,SEVERE
Delhi NCR,Laxmi Nagar Vikas Marg,DELHI_EAST,5,0,391,16.0,7.0,SEVERE
Delhi NCR,Laxmi Nagar Vikas Marg,DELHI_EAST,1,5,460,16.0,5.8,SEVERE
Delhi NCR,Laxmi Nagar Vikas Marg,DELHI_EAST,4,5,475,16.0,5.5,SEVERE
Delhi NCR,Gurgaon Expressway (Sirhaul Border),DELHI_GURGAON,5,5,244,35.0,20.7,HEAVY
Delhi NCR,DND Flyway (Delhi-Noida Link),DELHI_EAST,4,0,192,45.0,29.1,MODERATE
Delhi NCR,Ashram Chowk & Mathura Road,DELHI_SOUTH,22,2,190,14.0,9.1,SEVERE
Delhi NCR,Gurgaon Expressway (Sirhaul Border),DELHI_GURGAON,14,2,316,35.0,18.0,HEAVY
Delhi NCR,Laxmi Nagar Vikas Marg,DELHI_EAST,17,0,259,16.0,5.0,SEVERE
Delhi NCR,Peeragarhi Outer Ring Road,DELHI_WEST,5,4,329,20.0,10.0,SEVERE
Delhi NCR,AIIMS Ring Road Flyover,DELHI_SOUTH,6,5,281,22.0,12.1,HEAVY
Delhi NCR,Connaught Place Outer Circle,DELHI_CENTRAL,16,5,237,25.0,15.0,HEAVY
Delhi NCR,Laxmi Nagar Vikas Marg,DELHI_EAST,0,1,226,16.0,9.8,SEVERE
Delhi NCR,Laxmi Nagar Vikas Marg,DELHI_EAST,21,6,292,16.0,5.0,SEVERE
Delhi NCR,Connaught Place Outer Circle,DELHI_CENTRAL,21,5,115,25.0,8.6,SEVERE
Delhi NCR,AIIMS Ring Road Flyover,DELHI_SOUTH,21,3,134,22.0,7.3,SEVERE
Delhi NCR,ITO Junction & Vikas Marg,DELHI_CENTRAL,12,4,138,18.0,12.7,HEAVY
Delhi NCR,AIIMS Ring Road Flyover,DELHI_SOUTH,2,6,464,22.0,7.9,SEVERE
Delhi NCR,Ashram Chowk & Mathura Road,DELHI_SOUTH,4,4,428,14.0,5.5,SEVERE
Delhi NCR,Peeragarhi Outer Ring Road,DELHI_WEST,4,2,228,20.0,12.2,HEAVY
Delhi NCR,Gurgaon Expressway (Sirhaul Border),DELHI_GURGAON,2,2,254,35.0,20.3,HEAVY
Delhi NCR,AIIMS Ring Road Flyover,DELHI_SOUTH,16,3,442,22.0,8.4,SEVERE
Delhi NCR,AIIMS Ring Road Flyover,DELHI_SOUTH,15,3,341,22.0,10.7,SEVERE
Delhi NCR,Gurgaon Expressway (Sirhaul Border),DELHI_GURGAON,3,5,238,35.0,20.9,HEAVY
Delhi NCR,AIIMS Ring Road Flyover,DELHI_SOUTH,11,1,350,22.0,5.0,SEVERE
Delhi NCR,Laxmi Nagar Vikas Marg,DELHI_EAST,10,5,383,16.0,5.0,SEVERE
Delhi NCR,DND Flyway (Delhi-Noida Link),DELHI_EAST,6,4,349,45.0,21.6,HEAVY
Delhi NCR,Ashram Chowk & Mathura Road,DELHI_SOUTH,5,2,337,14.0,6.9,SEVERE
Delhi NCR,Ashram Chowk & Mathura Road,DELHI_SOUTH,18,2,320,14.0,5.0,SEVERE
Delhi NCR,Connaught Place Outer Circle,DELHI_CENTRAL,9,4,485,25.0,5.0,SEVERE
Delhi NCR,Laxmi Nagar Vikas Marg,DELHI_EAST,13,3,229,16.0,9.7,SEVERE
Delhi NCR,Gurgaon Expressway (Sirhaul Border),DELHI_GURGAON,5,5,510,35.0,10.8,SEVERE
Delhi NCR,AIIMS Ring Road Flyover,DELHI_SOUTH,3,6,467,22.0,7.8,SEVERE
Delhi NCR,AIIMS Ring Road Flyover,DELHI_SOUTH,13,5,155,22.0,15.1,HEAVY
Delhi NCR,Connaught Place Outer Circle,DELHI_CENTRAL,10,5,133,25.0,8.3,SEVERE
Delhi NCR,AIIMS Ring Road Flyover,DELHI_SOUTH,8,3,423,22.0,8.8,SEVERE
Delhi NCR,Gurgaon Expressway (Sirhaul Border),DELHI_GURGAON,16,0,384,35.0,15.5,HEAVY
Delhi NCR,ITO Junction & Vikas Marg,DELHI_CENTRAL,0,0,351,18.0,8.6,SEVERE
Delhi NCR,DND Flyway (Delhi-Noida Link),DELHI_EAST,16,5,111,45.0,32.9,LOW
Delhi NCR,Peeragarhi Outer Ring Road,DELHI_WEST,19,2,490,20.0,5.0,SEVERE
Delhi NCR,Gurgaon Expressway (Sirhaul Border),DELHI_GURGAON,1,4,80,35.0,26.8,MODERATE
Delhi NCR,Connaught Place Outer Circle,DELHI_CENTRAL,17,2,359,25.0,5.5,SEVERE
Delhi NCR,Ashram Chowk & Mathura Road,DELHI_SOUTH,18,0,506,14.0,5.0,SEVERE
Delhi NCR,Laxmi Nagar Vikas Marg,DELHI_EAST,14,4,178,16.0,10.6,SEVERE
Delhi NCR,DND Flyway (Delhi-Noida Link),DELHI_EAST,13,2,265,45.0,25.6,MODERATE
Delhi NCR,Ashram Chowk & Mathura Road,DELHI_SOUTH,7,1,238,14.0,8.4,SEVERE
Delhi NCR,Connaught Place Outer Circle,DELHI_CENTRAL,2,4,83,25.0,19.0,HEAVY
Delhi NCR,DND Flyway (Delhi-Noida Link),DELHI_EAST,19,2,225,45.0,12.9,HEAVY
Delhi NCR,AIIMS Ring Road Flyover,DELHI_SOUTH,16,6,283,22.0,12.1,HEAVY
Delhi NCR,ITO Junction & Vikas Marg,DELHI_CENTRAL,4,1,474,18.0,6.2,SEVERE
Delhi NCR,Ashram Chowk & Mathura Road,DELHI_SOUTH,8,2,349,14.0,6.7,SEVERE
Delhi NCR,Peeragarhi Outer Ring Road,DELHI_WEST,12,0,325,20.0,10.1,SEVERE
Delhi NCR,Ashram Chowk & Mathura Road,DELHI_SOUTH,11,4,373,14.0,5.0,SEVERE
Delhi NCR,Laxmi Nagar Vikas Marg,DELHI_EAST,3,6,249,16.0,9.4,SEVERE
Delhi NCR,Ashram Chowk & Mathura Road,DELHI_SOUTH,12,3,346,14.0,6.8,SEVERE
Delhi NCR,Ashram Chowk & Mathura Road,DELHI_SOUTH,9,4,309,14.0,5.0,SEVERE
Delhi NCR,Ashram Chowk & Mathura Road,DELHI_SOUTH,3,6,130,14.0,10.0,SEVERE
Delhi NCR,DND Flyway (Delhi-Noida Link),DELHI_EAST,8,3,259,45.0,25.9,MODERATE
Delhi NCR,AIIMS Ring Road Flyover,DELHI_SOUTH,5,0,171,22.0,14.7,HEAVY
Delhi NCR,Connaught Place Outer Circle,DELHI_CENTRAL,13,1,99,25.0,18.6,HEAVY
Delhi NCR,Laxmi Nagar Vikas Marg,DELHI_EAST,7,2,276,16.0,8.9,SEVERE
Delhi NCR,DND Flyway (Delhi-Noida Link),DELHI_EAST,23,1,179,45.0,29.7,MODERATE
Delhi NCR,Laxmi Nagar Vikas Marg,DELHI_EAST,19,5,367,16.0,5.0,SEVERE
Delhi NCR,Laxmi Nagar Vikas Marg,DELHI_EAST,9,0,254,16.0,5.0,SEVERE
Delhi NCR,Connaught Place Outer Circle,DELHI_CENTRAL,9,2,104,25.0,8.7,SEVERE
Delhi NCR,Ashram Chowk & Mathura Road,DELHI_SOUTH,23,2,315,14.0,7.2,SEVERE
Delhi NCR,ITO Junction & Vikas Marg,DELHI_CENTRAL,8,4,155,18.0,12.3,HEAVY
Delhi NCR,Ashram Chowk & Mathura Road,DELHI_SOUTH,13,0,354,14.0,6.6,SEVERE
Delhi NCR,Ashram Chowk & Mathura Road,DELHI_SOUTH,0,3,141,14.0,9.8,SEVERE
Delhi NCR,Peeragarhi Outer Ring Road,DELHI_WEST,18,1,148,20.0,6.5,SEVERE
Delhi NCR,DND Flyway (Delhi-Noida Link),DELHI_EAST,13,6,284,45.0,24.7,MODERATE
Delhi NCR,AIIMS Ring Road Flyover,DELHI_SOUTH,19,3,215,22.0,6.4,SEVERE
Delhi NCR,Laxmi Nagar Vikas Marg,DELHI_EAST,20,4,445,16.0,5.0,SEVERE
Delhi NCR,Gurgaon Expressway (Sirhaul Border),DELHI_GURGAON,18,3,459,35.0,6.0,SEVERE
Delhi NCR,Laxmi Nagar Vikas Marg,DELHI_EAST,17,2,227,16.0,5.0,SEVERE
Delhi NCR,Ashram Chowk & Mathura Road,DELHI_SOUTH,17,6,262,14.0,5.0,SEVERE
Delhi NCR,Connaught Place Outer Circle,DELHI_CENTRAL,13,1,504,25.0,7.9,SEVERE
Delhi NCR,Peeragarhi Outer Ring Road,DELHI_WEST,13,1,128,20.0,14.3,HEAVY
Delhi NCR,Gurgaon Expressway (Sirhaul Border),DELHI_GURGAON,21,2,215,35.0,10.2,SEVERE
Delhi NCR,AIIMS Ring Road Flyover,DELHI_SOUTH,1,1,261,22.0,12.6,HEAVY
Delhi NCR,Laxmi Nagar Vikas Marg,DELHI_EAST,6,2,394,16.0,6.9,SEVERE
Delhi NCR,AIIMS Ring Road Flyover,DELHI_SOUTH,11,1,200,22.0,6.6,SEVERE
Delhi NCR,ITO Junction & Vikas Marg,DELHI_CENTRAL,7,6,205,18.0,11.4,SEVERE
Delhi NCR,Peeragarhi Outer Ring Road,DELHI_WEST,8,5,95,20.0,15.0,HEAVY
Delhi NCR,DND Flyway (Delhi-Noida Link),DELHI_EAST,7,6,139,45.0,31.6,MODERATE
Delhi NCR,Laxmi Nagar Vikas Marg,DELHI_EAST,5,3,121,16.0,11.5,SEVERE
Delhi NCR,DND Flyway (Delhi-Noida Link),DELHI_EAST,18,3,196,45.0,13.6,HEAVY
Delhi NCR,ITO Junction & Vikas Marg,DELHI_CENTRAL,14,5,192,18.0,11.6,SEVERE
Delhi NCR,AIIMS Ring Road Flyover,DELHI_SOUTH,13,2,188,22.0,14.3,HEAVY
Delhi NCR,AIIMS Ring Road Flyover,DELHI_SOUTH,17,0,287,22.0,5.6,SEVERE
Delhi NCR,Ashram Chowk & Mathura Road,DELHI_SOUTH,1,6,306,14.0,7.3,SEVERE
Delhi NCR,ITO Junction & Vikas Marg,DELHI_CENTRAL,16,1,246,18.0,10.6,SEVERE
Delhi NCR,DND Flyway (Delhi-Noida Link),DELHI_EAST,6,2,451,45.0,16.7,HEAVY
Delhi NCR,DND Flyway (Delhi-Noida Link),DELHI_EAST,5,6,405,45.0,18.9,HEAVY
Delhi NCR,Connaught Place Outer Circle,DELHI_CENTRAL,13,2,515,25.0,7.6,SEVERE
Delhi NCR,Ashram Chowk & Mathura Road,DELHI_SOUTH,11,2,186,14.0,5.0,SEVERE
Delhi NCR,AIIMS Ring Road Flyover,DELHI_SOUTH,17,6,311,22.0,5.4,SEVERE
Delhi NCR,AIIMS Ring Road Flyover,DELHI_SOUTH,17,2,485,22.0,5.0,SEVERE
Delhi NCR,Laxmi Nagar Vikas Marg,DELHI_EAST,15,3,492,16.0,5.2,SEVERE
Delhi NCR,Connaught Place Outer Circle,DELHI_CENTRAL,8,0,504,25.0,7.9,SEVERE
Delhi NCR,Connaught Place Outer Circle,DELHI_CENTRAL,19,2,198,25.0,7.5,SEVERE
Delhi NCR,Peeragarhi Outer Ring Road,DELHI_WEST,18,1,389,20.0,5.0,SEVERE
Delhi NCR,ITO Junction & Vikas Marg,DELHI_CENTRAL,23,4,325,18.0,9.1,SEVERE
Delhi NCR,ITO Junction & Vikas Marg,DELHI_CENTRAL,1,3,98,18.0,13.4,HEAVY
Delhi NCR,Ashram Chowk & Mathura Road,DELHI_SOUTH,9,2,349,14.0,5.0,SEVERE
Delhi NCR,AIIMS Ring Road Flyover,DELHI_SOUTH,23,1,340,22.0,10.8,SEVERE
Delhi NCR,Peeragarhi Outer Ring Road,DELHI_WEST,9,6,168,20.0,6.3,SEVERE
Delhi NCR,Peeragarhi Outer Ring Road,DELHI_WEST,23,6,345,20.0,9.7,SEVERE
Delhi NCR,Connaught Place Outer Circle,DELHI_CENTRAL,1,2,328,25.0,12.5,HEAVY
Delhi NCR,ITO Junction & Vikas Marg,DELHI_CENTRAL,4,1,197,18.0,11.5,SEVERE
Delhi NCR,DND Flyway (Delhi-Noida Link),DELHI_EAST,4,4,410,45.0,18.6,HEAVY
Delhi NCR,AIIMS Ring Road Flyover,DELHI_SOUTH,8,2,281,22.0,12.1,HEAVY
Delhi NCR,DND Flyway (Delhi-Noida Link),DELHI_EAST,10,2,145,45.0,14.7,HEAVY
Delhi NCR,Peeragarhi Outer Ring Road,DELHI_WEST,16,2,257,20.0,11.5,SEVERE
Delhi NCR,AIIMS Ring Road Flyover,DELHI_SOUTH,20,0,512,22.0,5.0,SEVERE
Delhi NCR,ITO Junction & Vikas Marg,DELHI_CENTRAL,15,0,108,18.0,13.2,HEAVY
Delhi NCR,AIIMS Ring Road Flyover,DELHI_SOUTH,6,5,302,22.0,11.6,SEVERE
Delhi NCR,Laxmi Nagar Vikas Marg,DELHI_EAST,17,0,117,16.0,5.5,SEVERE
Delhi NCR,Gurgaon Expressway (Sirhaul Border),DELHI_GURGAON,13,1,262,35.0,20.0,HEAVY
Delhi NCR,Connaught Place Outer Circle,DELHI_CENTRAL,1,5,291,25.0,13.5,HEAVY
Delhi NCR,ITO Junction & Vikas Marg,DELHI_CENTRAL,5,1,321,18.0,9.2,SEVERE
Delhi NCR,ITO Junction & Vikas Marg,DELHI_CENTRAL,10,2,275,18.0,5.0,SEVERE
Delhi NCR,Peeragarhi Outer Ring Road,DELHI_WEST,9,6,127,20.0,6.7,SEVERE
Delhi NCR,Peeragarhi Outer Ring Road,DELHI_WEST,23,1,122,20.0,14.4,HEAVY
Delhi NCR,Peeragarhi Outer Ring Road,DELHI_WEST,20,6,99,20.0,7.0,SEVERE
Delhi NCR,Laxmi Nagar Vikas Marg,DELHI_EAST,23,0,328,16.0,8.0,SEVERE
Delhi NCR,AIIMS Ring Road Flyover,DELHI_SOUTH,10,5,341,22.0,5.0,SEVERE
Delhi NCR,Laxmi Nagar Vikas Marg,DELHI_EAST,9,1,418,16.0,5.0,SEVERE
Delhi NCR,Gurgaon Expressway (Sirhaul Border),DELHI_GURGAON,11,6,514,35.0,5.0,SEVERE
Delhi NCR,Laxmi Nagar Vikas Marg,DELHI_EAST,8,2,469,16.0,5.6,SEVERE
Delhi NCR,Connaught Place Outer Circle,DELHI_CENTRAL,21,2,125,25.0,8.4,SEVERE
Delhi NCR,DND Flyway (Delhi-Noida Link),DELHI_EAST,15,4,510,45.0,13.9,HEAVY
Delhi NCR,Ashram Chowk & Mathura Road,DELHI_SOUTH,18,3,254,14.0,5.0,SEVERE
Delhi NCR,Peeragarhi Outer Ring Road,DELHI_WEST,14,0,507,20.0,6.2,SEVERE
Delhi NCR,Ashram Chowk & Mathura Road,DELHI_SOUTH,21,2,355,14.0,5.0,SEVERE
Delhi NCR,Ashram Chowk & Mathura Road,DELHI_SOUTH,15,0,460,14.0,5.1,SEVERE
Delhi NCR,AIIMS Ring Road Flyover,DELHI_SOUTH,3,0,231,22.0,13.3,HEAVY
Delhi NCR,Peeragarhi Outer Ring Road,DELHI_WEST,11,0,120,20.0,6.8,SEVERE
Delhi NCR,Ashram Chowk & Mathura Road,DELHI_SOUTH,8,1,390,14.0,6.1,SEVERE
Delhi NCR,AIIMS Ring Road Flyover,DELHI_SOUTH,21,1,212,22.0,6.5,SEVERE
Delhi NCR,DND Flyway (Delhi-Noida Link),DELHI_EAST,6,4,313,45.0,23.3,MODERATE
Delhi NCR,Connaught Place Outer Circle,DELHI_CENTRAL,8,0,465,25.0,8.9,SEVERE
Delhi NCR,DND Flyway (Delhi-Noida Link),DELHI_EAST,1,1,88,45.0,34.0,LOW
Delhi NCR,ITO Junction & Vikas Marg,DELHI_CENTRAL,0,1,158,18.0,12.3,HEAVY
Delhi NCR,Gurgaon Expressway (Sirhaul Border),DELHI_GURGAON,0,3,372,35.0,15.9,HEAVY
Delhi NCR,Laxmi Nagar Vikas Marg,DELHI_EAST,12,0,475,16.0,5.5,SEVERE
Delhi NCR,Connaught Place Outer Circle,DELHI_CENTRAL,1,4,297,25.0,13.4,HEAVY
Delhi NCR,Connaught Place Outer Circle,DELHI_CENTRAL,16,4,400,25.0,10.6,SEVERE
Delhi NCR,Laxmi Nagar Vikas Marg,DELHI_EAST,5,1,172,16.0,10.7,SEVERE
Delhi NCR,ITO Junction & Vikas Marg,DELHI_CENTRAL,11,1,372,18.0,5.0,SEVERE
Delhi NCR,Laxmi Nagar Vikas Marg,DELHI_EAST,11,5,520,16.0,5.0,SEVERE
Delhi NCR,Laxmi Nagar Vikas Marg,DELHI_EAST,4,1,310,16.0,8.3,SEVERE
Delhi NCR,AIIMS Ring Road Flyover,DELHI_SOUTH,23,0,349,22.0,10.5,SEVERE
Delhi NCR,Laxmi Nagar Vikas Marg,DELHI_EAST,14,2,206,16.0,10.1,SEVERE
Delhi NCR,Laxmi Nagar Vikas Marg,DELHI_EAST,7,3,393,16.0,6.9,SEVERE
Delhi NCR,AIIMS Ring Road Flyover,DELHI_SOUTH,18,3,449,22.0,5.0,SEVERE
Delhi NCR,Ashram Chowk & Mathura Road,DELHI_SOUTH,21,4,223,14.0,5.0,SEVERE
Delhi NCR,Peeragarhi Outer Ring Road,DELHI_WEST,13,1,412,20.0,8.2,SEVERE
Delhi NCR,Gurgaon Expressway (Sirhaul Border),DELHI_GURGAON,22,2,476,35.0,12.0,HEAVY
Delhi NCR,Laxmi Nagar Vikas Marg,DELHI_EAST,13,5,339,16.0,7.8,SEVERE
Delhi NCR,Ashram Chowk & Mathura Road,DELHI_SOUTH,12,4,236,14.0,8.4,SEVERE
Delhi NCR,Ashram Chowk & Mathura Road,DELHI_SOUTH,1,1,514,14.0,5.0,SEVERE
Delhi NCR,Peeragarhi Outer Ring Road,DELHI_WEST,7,3,282,20.0,11.0,SEVERE
Delhi NCR,Laxmi Nagar Vikas Marg,DELHI_EAST,2,1,258,16.0,9.2,SEVERE
Delhi NCR,AIIMS Ring Road Flyover,DELHI_SOUTH,15,1,364,22.0,10.2,SEVERE
Delhi NCR,Ashram Chowk & Mathura Road,DELHI_SOUTH,17,0,163,14.0,5.0,SEVERE
Delhi NCR,Laxmi Nagar Vikas Marg,DELHI_EAST,18,1,237,16.0,5.0,SEVERE
Delhi NCR,Peeragarhi Outer Ring Road,DELHI_WEST,19,0,105,20.0,7.0,SEVERE
Delhi NCR,Gurgaon Expressway (Sirhaul Border),DELHI_GURGAON,14,1,408,35.0,14.6,HEAVY
Delhi NCR,Gurgaon Expressway (Sirhaul Border),DELHI_GURGAON,22,3,144,35.0,24.4,MODERATE
Delhi NCR,Laxmi Nagar Vikas Marg,DELHI_EAST,13,4,435,16.0,6.2,SEVERE
Delhi NCR,ITO Junction & Vikas Marg,DELHI_CENTRAL,23,3,165,18.0,12.1,HEAVY
Delhi NCR,Laxmi Nagar Vikas Marg,DELHI_EAST,21,0,460,16.0,5.0,SEVERE
Delhi NCR,Peeragarhi Outer Ring Road,DELHI_WEST,14,2,231,20.0,12.1,HEAVY
Delhi NCR,AIIMS Ring Road Flyover,DELHI_SOUTH,18,3,244,22.0,6.1,SEVERE
Delhi NCR,ITO Junction & Vikas Marg,DELHI_CENTRAL,20,6,209,18.0,5.3,SEVERE
Delhi NCR,DND Flyway (Delhi-Noida Link),DELHI_EAST,15,3,118,45.0,32.6,LOW
Delhi NCR,DND Flyway (Delhi-Noida Link),DELHI_EAST,11,1,518,45.0,6.3,SEVERE
Delhi NCR,DND Flyway (Delhi-Noida Link),DELHI_EAST,13,1,516,45.0,13.6,HEAVY
Delhi NCR,DND Flyway (Delhi-Noida Link),DELHI_EAST,5,4,396,45.0,19.3,HEAVY
Delhi NCR,Connaught Place Outer Circle,DELHI_CENTRAL,21,5,334,25.0,5.8,SEVERE
Delhi NCR,Ashram Chowk & Mathura Road,DELHI_SOUTH,13,5,274,14.0,7.8,SEVERE
Delhi NCR,Connaught Place Outer Circle,DELHI_CENTRAL,11,2,256,25.0,6.8,SEVERE
Delhi NCR,Ashram Chowk & Mathura Road,DELHI_SOUTH,23,6,402,14.0,5.9,SEVERE
Delhi NCR,Ashram Chowk & Mathura Road,DELHI_SOUTH,10,2,250,14.0,5.0,SEVERE
Delhi NCR,AIIMS Ring Road Flyover,DELHI_SOUTH,12,4,484,22.0,7.4,SEVERE
Delhi NCR,Connaught Place Outer Circle,DELHI_CENTRAL,17,6,103,25.0,8.7,SEVERE
Delhi NCR,Connaught Place Outer Circle,DELHI_CENTRAL,7,5,362,25.0,11.6,SEVERE
Delhi NCR,ITO Junction & Vikas Marg,DELHI_CENTRAL,12,0,213,18.0,11.2,SEVERE
Delhi NCR,Peeragarhi Outer Ring Road,DELHI_WEST,2,6,273,20.0,11.2,SEVERE
Delhi NCR,ITO Junction & Vikas Marg,DELHI_CENTRAL,22,6,259,18.0,10.3,SEVERE
Delhi NCR,ITO Junction & Vikas Marg,DELHI_CENTRAL,19,1,164,18.0,5.7,SEVERE
Delhi NCR,Laxmi Nagar Vikas Marg,DELHI_EAST,2,4,195,16.0,10.3,SEVERE
Delhi NCR,Ashram Chowk & Mathura Road,DELHI_SOUTH,15,4,407,14.0,5.8,SEVERE
Delhi NCR,AIIMS Ring Road Flyover,DELHI_SOUTH,21,4,515,22.0,5.0,SEVERE
Delhi NCR,DND Flyway (Delhi-Noida Link),DELHI_EAST,12,2,445,45.0,17.0,HEAVY
Delhi NCR,ITO Junction & Vikas Marg,DELHI_CENTRAL,13,2,262,18.0,10.3,SEVERE
Delhi NCR,Laxmi Nagar Vikas Marg,DELHI_EAST,16,5,505,16.0,5.0,SEVERE
Delhi NCR,Connaught Place Outer Circle,DELHI_CENTRAL,1,0,467,25.0,8.8,SEVERE
Delhi NCR,Connaught Place Outer Circle,DELHI_CENTRAL,11,2,242,25.0,7.0,SEVERE
Delhi NCR,Laxmi Nagar Vikas Marg,DELHI_EAST,20,0,244,16.0,5.0,SEVERE
Delhi NCR,DND Flyway (Delhi-Noida Link),DELHI_EAST,15,0,372,45.0,20.5,HEAVY
Delhi NCR,ITO Junction & Vikas Marg,DELHI_CENTRAL,22,3,487,18.0,6.0,SEVERE
Delhi NCR,Gurgaon Expressway (Sirhaul Border),DELHI_GURGAON,23,6,215,35.0,21.8,HEAVY
Delhi NCR,Ashram Chowk & Mathura Road,DELHI_SOUTH,15,6,393,14.0,6.1,SEVERE
Delhi NCR,DND Flyway (Delhi-Noida Link),DELHI_EAST,6,1,305,45.0,23.7,MODERATE
Delhi NCR,DND Flyway (Delhi-Noida Link),DELHI_EAST,11,3,330,45.0,10.6,SEVERE
Delhi NCR,Gurgaon Expressway (Sirhaul Border),DELHI_GURGAON,10,5,230,35.0,10.0,SEVERE
Delhi NCR,Laxmi Nagar Vikas Marg,DELHI_EAST,6,6,297,16.0,8.6,SEVERE
Delhi NCR,DND Flyway (Delhi-Noida Link),DELHI_EAST,5,1,85,45.0,34.2,LOW
Delhi NCR,Laxmi Nagar Vikas Marg,DELHI_EAST,16,3,181,16.0,10.5,SEVERE
Delhi NCR,ITO Junction & Vikas Marg,DELHI_CENTRAL,3,5,515,18.0,5.5,SEVERE
Delhi NCR,Connaught Place Outer Circle,DELHI_CENTRAL,21,5,477,25.0,5.0,SEVERE
Delhi NCR,Laxmi Nagar Vikas Marg,DELHI_EAST,1,3,288,16.0,8.7,SEVERE
Delhi NCR,DND Flyway (Delhi-Noida Link),DELHI_EAST,16,6,281,45.0,24.8,MODERATE
Delhi NCR,Gurgaon Expressway (Sirhaul Border),DELHI_GURGAON,14,4,284,35.0,19.2,HEAVY
Delhi NCR,ITO Junction & Vikas Marg,DELHI_CENTRAL,0,1,446,18.0,6.8,SEVERE
Delhi NCR,Gurgaon Expressway (Sirhaul Border),DELHI_GURGAON,18,0,128,35.0,11.8,SEVERE
Delhi NCR,Gurgaon Expressway (Sirhaul Border),DELHI_GURGAON,12,5,452,35.0,12.9,HEAVY
Delhi NCR,Connaught Place Outer Circle,DELHI_CENTRAL,0,4,219,25.0,15.4,HEAVY
Delhi NCR,AIIMS Ring Road Flyover,DELHI_SOUTH,10,5,280,22.0,5.7,SEVERE
Delhi NCR,Connaught Place Outer Circle,DELHI_CENTRAL,22,2,461,25.0,9.0,SEVERE
Delhi NCR,Peeragarhi Outer Ring Road,DELHI_WEST,13,5,165,20.0,13.5,HEAVY
Delhi NCR,DND Flyway (Delhi-Noida Link),DELHI_EAST,7,1,323,45.0,22.8,MODERATE
Delhi NCR,Ashram Chowk & Mathura Road,DELHI_SOUTH,23,5,178,14.0,9.3,SEVERE
Delhi NCR,Gurgaon Expressway (Sirhaul Border),DELHI_GURGAON,0,6,156,35.0,23.9,MODERATE
Delhi NCR,Gurgaon Expressway (Sirhaul Border),DELHI_GURGAON,0,6,461,35.0,12.6,HEAVY
Delhi NCR,DND Flyway (Delhi-Noida Link),DELHI_EAST,16,6,498,45.0,14.4,HEAVY
Delhi NCR,ITO Junction & Vikas Marg,DELHI_CENTRAL,10,5,369,18.0,5.0,SEVERE
Delhi NCR,ITO Junction & Vikas Marg,DELHI_CENTRAL,13,2,321,18.0,9.2,SEVERE
Delhi NCR,ITO Junction & Vikas Marg,DELHI_CENTRAL,19,1,98,18.0,6.3,SEVERE
Delhi NCR,Ashram Chowk & Mathura Road,DELHI_SOUTH,21,2,199,14.0,5.0,SEVERE
Delhi NCR,Laxmi Nagar Vikas Marg,DELHI_EAST,13,4,173,16.0,10.7,SEVERE
Delhi NCR,AIIMS Ring Road Flyover,DELHI_SOUTH,20,3,197,22.0,6.6,SEVERE
Delhi NCR,Connaught Place Outer Circle,DELHI_CENTRAL,3,5,283,25.0,13.7,HEAVY
Delhi NCR,Connaught Place Outer Circle,DELHI_CENTRAL,17,5,111,25.0,8.6,SEVERE
Delhi NCR,Laxmi Nagar Vikas Marg,DELHI_EAST,8,0,128,16.0,11.4,SEVERE
Delhi NCR,Connaught Place Outer Circle,DELHI_CENTRAL,22,3,220,25.0,15.4,HEAVY
Delhi NCR,Laxmi Nagar Vikas Marg,DELHI_EAST,10,0,154,16.0,5.2,SEVERE
Delhi NCR,AIIMS Ring Road Flyover,DELHI_SOUTH,23,1,393,22.0,9.5,SEVERE
Delhi NCR,DND Flyway (Delhi-Noida Link),DELHI_EAST,0,6,212,45.0,28.1,MODERATE
Delhi NCR,AIIMS Ring Road Flyover,DELHI_SOUTH,22,4,267,22.0,12.5,HEAVY
Delhi NCR,Gurgaon Expressway (Sirhaul Border),DELHI_GURGAON,5,5,175,35.0,23.2,MODERATE
Delhi NCR,Connaught Place Outer Circle,DELHI_CENTRAL,14,6,383,25.0,11.1,SEVERE
Delhi NCR,Laxmi Nagar Vikas Marg,DELHI_EAST,12,5,367,16.0,7.4,SEVERE
Delhi NCR,Peeragarhi Outer Ring Road,DELHI_WEST,0,1,496,20.0,6.5,SEVERE
Delhi NCR,Laxmi Nagar Vikas Marg,DELHI_EAST,16,5,234,16.0,9.6,SEVERE
Delhi NCR,DND Flyway (Delhi-Noida Link),DELHI_EAST,23,5,508,45.0,14.0,HEAVY
Delhi NCR,Gurgaon Expressway (Sirhaul Border),DELHI_GURGAON,20,3,326,35.0,8.3,SEVERE
Delhi NCR,Peeragarhi Outer Ring Road,DELHI_WEST,21,1,89,20.0,7.1,SEVERE
Delhi NCR,AIIMS Ring Road Flyover,DELHI_SOUTH,22,0,156,22.0,15.1,HEAVY
Delhi NCR,ITO Junction & Vikas Marg,DELHI_CENTRAL,5,2,235,18.0,10.8,SEVERE
Delhi NCR,AIIMS Ring Road Flyover,DELHI_SOUTH,16,2,223,22.0,13.5,HEAVY
Delhi NCR,Connaught Place Outer Circle,DELHI_CENTRAL,15,1,152,25.0,17.2,HEAVY
Delhi NCR,AIIMS Ring Road Flyover,DELHI_SOUTH,11,6,162,22.0,7.0,SEVERE
Delhi NCR,Peeragarhi Outer Ring Road,DELHI_WEST,14,2,160,20.0,13.6,HEAVY
Delhi NCR,Gurgaon Expressway (Sirhaul Border),DELHI_GURGAON,15,1,310,35.0,18.2,HEAVY
Delhi NCR,DND Flyway (Delhi-Noida Link),DELHI_EAST,4,6,158,45.0,30.7,MODERATE
Delhi NCR,Ashram Chowk & Mathura Road,DELHI_SOUTH,19,2,478,14.0,5.0,SEVERE
Delhi NCR,Laxmi Nagar Vikas Marg,DELHI_EAST,19,3,245,16.0,5.0,SEVERE
Delhi NCR,ITO Junction & Vikas Marg,DELHI_CENTRAL,1,6,366,18.0,8.3,SEVERE
Delhi NCR,AIIMS Ring Road Flyover,DELHI_SOUTH,16,1,178,22.0,14.5,HEAVY
Delhi NCR,Peeragarhi Outer Ring Road,DELHI_WEST,14,0,93,20.0,15.0,HEAVY
Delhi NCR,Ashram Chowk & Mathura Road,DELHI_SOUTH,21,5,395,14.0,5.0,SEVERE
Delhi NCR,Connaught Place Outer Circle,DELHI_CENTRAL,8,3,295,25.0,13.4,HEAVY
Delhi NCR,Laxmi Nagar Vikas Marg,DELHI_EAST,5,5,468,16.0,5.6,SEVERE
Delhi NCR,Laxmi Nagar Vikas Marg,DELHI_EAST,20,0,520,16.0,5.0,SEVERE
Delhi NCR,ITO Junction & Vikas Marg,DELHI_CENTRAL,23,1,94,18.0,13.5,HEAVY
Delhi NCR,DND Flyway (Delhi-Noida Link),DELHI_EAST,23,2,94,45.0,33.8,LOW
Delhi NCR,ITO Junction & Vikas Marg,DELHI_CENTRAL,14,1,308,18.0,9.4,SEVERE
Delhi NCR,Gurgaon Expressway (Sirhaul Border),DELHI_GURGAON,15,4,492,35.0,11.5,SEVERE
Delhi NCR,Gurgaon Expressway (Sirhaul Border),DELHI_GURGAON,6,0,264,35.0,19.9,HEAVY
Delhi NCR,Peeragarhi Outer Ring Road,DELHI_WEST,6,0,419,20.0,8.1,SEVERE
Delhi NCR,ITO Junction & Vikas Marg,DELHI_CENTRAL,9,3,258,18.0,5.0,SEVERE
Delhi NCR,Connaught Place Outer Circle,DELHI_CENTRAL,0,1,185,25.0,16.3,HEAVY
Delhi NCR,Connaught Place Outer Circle,DELHI_CENTRAL,16,0,299,25.0,13.3,HEAVY
Delhi NCR,Peeragarhi Outer Ring Road,DELHI_WEST,3,5,96,20.0,15.0,HEAVY
Delhi NCR,Laxmi Nagar Vikas Marg,DELHI_EAST,13,4,381,16.0,7.1,SEVERE
Delhi NCR,Connaught Place Outer Circle,DELHI_CENTRAL,23,0,112,25.0,18.3,HEAVY
Delhi NCR,Connaught Place Outer Circle,DELHI_CENTRAL,20,6,477,25.0,5.0,SEVERE
Delhi NCR,DND Flyway (Delhi-Noida Link),DELHI_EAST,23,0,265,45.0,25.6,MODERATE
Delhi NCR,DND Flyway (Delhi-Noida Link),DELHI_EAST,3,5,233,45.0,27.1,MODERATE
Delhi NCR,Laxmi Nagar Vikas Marg,DELHI_EAST,12,0,170,16.0,10.7,SEVERE
Delhi NCR,Gurgaon Expressway (Sirhaul Border),DELHI_GURGAON,20,2,428,35.0,6.5,SEVERE
Delhi NCR,Peeragarhi Outer Ring Road,DELHI_WEST,16,6,461,20.0,7.2,SEVERE
Delhi NCR,DND Flyway (Delhi-Noida Link),DELHI_EAST,18,0,258,45.0,12.2,HEAVY
Delhi NCR,ITO Junction & Vikas Marg,DELHI_CENTRAL,9,0,145,18.0,5.9,SEVERE
Delhi NCR,AIIMS Ring Road Flyover,DELHI_SOUTH,6,5,418,22.0,8.9,SEVERE
Delhi NCR,ITO Junction & Vikas Marg,DELHI_CENTRAL,4,5,403,18.0,7.6,SEVERE
Delhi NCR,Gurgaon Expressway (Sirhaul Border),DELHI_GURGAON,16,3,99,35.0,26.1,MODERATE
Delhi NCR,ITO Junction & Vikas Marg,DELHI_CENTRAL,18,6,515,18.0,5.0,SEVERE
Delhi NCR,Gurgaon Expressway (Sirhaul Border),DELHI_GURGAON,5,6,392,35.0,15.2,HEAVY
Delhi NCR,AIIMS Ring Road Flyover,DELHI_SOUTH,17,1,217,22.0,6.4,SEVERE
Delhi NCR,DND Flyway (Delhi-Noida Link),DELHI_EAST,4,5,156,45.0,30.8,MODERATE
Delhi NCR,Peeragarhi Outer Ring Road,DELHI_WEST,20,6,200,20.0,6.0,SEVERE
Delhi NCR,AIIMS Ring Road Flyover,DELHI_SOUTH,21,5,376,22.0,5.0,SEVERE
Delhi NCR,Gurgaon Expressway (Sirhaul Border),DELHI_GURGAON,4,5,395,35.0,15.1,HEAVY
Delhi NCR,Laxmi Nagar Vikas Marg,DELHI_EAST,23,2,308,16.0,8.4,SEVERE
Delhi NCR,Gurgaon Expressway (Sirhaul Border),DELHI_GURGAON,11,3,494,35.0,5.4,SEVERE
Delhi NCR,DND Flyway (Delhi-Noida Link),DELHI_EAST,9,5,304,45.0,11.2,SEVERE
Delhi NCR,ITO Junction & Vikas Marg,DELHI_CENTRAL,23,1,124,18.0,12.9,HEAVY
Delhi NCR,Laxmi Nagar Vikas Marg,DELHI_EAST,2,3,472,16.0,5.6,SEVERE
Delhi NCR,Connaught Place Outer Circle,DELHI_CENTRAL,13,3,309,25.0,13.0,HEAVY
Delhi NCR,DND Flyway (Delhi-Noida Link),DELHI_EAST,4,4,242,45.0,26.7,MODERATE
Delhi NCR,ITO Junction & Vikas Marg,DELHI_CENTRAL,23,0,254,18.0,10.4,SEVERE
Delhi NCR,DND Flyway (Delhi-Noida Link),DELHI_EAST,7,6,474,45.0,15.6,HEAVY
Delhi NCR,Gurgaon Expressway (Sirhaul Border),DELHI_GURGAON,6,1,490,35.0,11.5,SEVERE
Delhi NCR,Ashram Chowk & Mathura Road,DELHI_SOUTH,22,0,179,14.0,9.2,SEVERE
Delhi NCR,Peeragarhi Outer Ring Road,DELHI_WEST,15,2,352,20.0,9.5,SEVERE
Delhi NCR,Gurgaon Expressway (Sirhaul Border),DELHI_GURGAON,18,0,147,35.0,11.4,SEVERE
Delhi NCR,ITO Junction & Vikas Marg,DELHI_CENTRAL,9,0,341,18.0,5.0,SEVERE
Delhi NCR,AIIMS Ring Road Flyover,DELHI_SOUTH,17,6,427,22.0,5.0,SEVERE
Delhi NCR,DND Flyway (Delhi-Noida Link),DELHI_EAST,20,6,493,45.0,6.9,SEVERE
Delhi NCR,Ashram Chowk & Mathura Road,DELHI_SOUTH,9,6,179,14.0,5.0,SEVERE
Delhi NCR,ITO Junction & Vikas Marg,DELHI_CENTRAL,16,4,502,18.0,5.7,SEVERE
Delhi NCR,Gurgaon Expressway (Sirhaul Border),DELHI_GURGAON,19,1,128,35.0,11.8,SEVERE
Delhi NCR,Peeragarhi Outer Ring Road,DELHI_WEST,0,2,371,20.0,9.1,SEVERE
Delhi NCR,Ashram Chowk & Mathura Road,DELHI_SOUTH,12,2,201,14.0,8.9,SEVERE
Delhi NCR,Ashram Chowk & Mathura Road,DELHI_SOUTH,11,2,514,14.0,5.0,SEVERE
Delhi NCR,Ashram Chowk & Mathura Road,DELHI_SOUTH,15,5,514,14.0,5.0,SEVERE
Delhi NCR,Gurgaon Expressway (Sirhaul Border),DELHI_GURGAON,5,6,477,35.0,12.0,HEAVY
Delhi NCR,Laxmi Nagar Vikas Marg,DELHI_EAST,14,3,287,16.0,8.7,SEVERE
Delhi NCR,Connaught Place Outer Circle,DELHI_CENTRAL,21,3,456,25.0,5.0,SEVERE
Delhi NCR,Connaught Place Outer Circle,DELHI_CENTRAL,21,1,257,25.0,6.8,SEVERE
Delhi NCR,Connaught Place Outer Circle,DELHI_CENTRAL,13,2,121,25.0,18.0,HEAVY
Delhi NCR,AIIMS Ring Road Flyover,DELHI_SOUTH,8,2,350,22.0,10.5,SEVERE
Delhi NCR,Gurgaon Expressway (Sirhaul Border),DELHI_GURGAON,19,3,465,35.0,5.9,SEVERE
Delhi NCR,Laxmi Nagar Vikas Marg,DELHI_EAST,1,6,213,16.0,10.0,SEVERE
Delhi NCR,Peeragarhi Outer Ring Road,DELHI_WEST,3,6,283,20.0,11.0,SEVERE
Delhi NCR,Laxmi Nagar Vikas Marg,DELHI_EAST,20,6,393,16.0,5.0,SEVERE
Delhi NCR,Ashram Chowk & Mathura Road,DELHI_SOUTH,14,1,343,14.0,6.8,SEVERE
Delhi NCR,Gurgaon Expressway (Sirhaul Border),DELHI_GURGAON,22,1,257,35.0,20.2,HEAVY
Delhi NCR,AIIMS Ring Road Flyover,DELHI_SOUTH,1,3,201,22.0,14.0,HEAVY
Delhi NCR,Connaught Place Outer Circle,DELHI_CENTRAL,1,6,299,25.0,13.3,HEAVY
Delhi NCR,Ashram Chowk & Mathura Road,DELHI_SOUTH,5,5,419,14.0,5.7,SEVERE
Delhi NCR,Laxmi Nagar Vikas Marg,DELHI_EAST,4,6,435,16.0,6.2,SEVERE
Delhi NCR,Laxmi Nagar Vikas Marg,DELHI_EAST,10,0,446,16.0,5.0,SEVERE
Delhi NCR,Connaught Place Outer Circle,DELHI_CENTRAL,14,0,155,25.0,17.1,HEAVY
Delhi NCR,Peeragarhi Outer Ring Road,DELHI_WEST,1,5,192,20.0,12.9,HEAVY
Delhi NCR,AIIMS Ring Road Flyover,DELHI_SOUTH,17,5,114,22.0,7.5,SEVERE
Delhi NCR,Gurgaon Expressway (Sirhaul Border),DELHI_GURGAON,20,6,269,35.0,9.3,SEVERE
Delhi NCR,Laxmi Nagar Vikas Marg,DELHI_EAST,7,3,220,16.0,9.9,SEVERE
Delhi NCR,Connaught Place Outer Circle,DELHI_CENTRAL,5,2,383,25.0,11.1,SEVERE
Delhi NCR,Peeragarhi Outer Ring Road,DELHI_WEST,4,3,403,20.0,8.4,SEVERE
Delhi NCR,ITO Junction & Vikas Marg,DELHI_CENTRAL,8,1,514,18.0,5.5,SEVERE
Delhi NCR,ITO Junction & Vikas Marg,DELHI_CENTRAL,0,6,285,18.0,9.8,SEVERE
Delhi NCR,Peeragarhi Outer Ring Road,DELHI_WEST,10,0,123,20.0,6.8,SEVERE
Delhi NCR,Laxmi Nagar Vikas Marg,DELHI_EAST,0,4,454,16.0,5.9,SEVERE
Delhi NCR,Peeragarhi Outer Ring Road,DELHI_WEST,21,6,221,20.0,5.8,SEVERE
Delhi NCR,DND Flyway (Delhi-Noida Link),DELHI_EAST,12,4,297,45.0,24.0,MODERATE
Delhi NCR,Peeragarhi Outer Ring Road,DELHI_WEST,13,2,249,20.0,11.7,SEVERE
Delhi NCR,ITO Junction & Vikas Marg,DELHI_CENTRAL,14,4,111,18.0,13.2,HEAVY
Delhi NCR,Ashram Chowk & Mathura Road,DELHI_SOUTH,16,3,431,14.0,5.5,SEVERE
Delhi NCR,Gurgaon Expressway (Sirhaul Border),DELHI_GURGAON,3,5,298,35.0,18.7,HEAVY
Delhi NCR,ITO Junction & Vikas Marg,DELHI_CENTRAL,15,0,147,18.0,12.5,HEAVY
Delhi NCR,DND Flyway (Delhi-Noida Link),DELHI_EAST,13,1,239,45.0,26.8,MODERATE
Delhi NCR,DND Flyway (Delhi-Noida Link),DELHI_EAST,14,0,227,45.0,27.4,MODERATE
Delhi NCR,Ashram Chowk & Mathura Road,DELHI_SOUTH,8,1,419,14.0,5.7,SEVERE
Delhi NCR,Ashram Chowk & Mathura Road,DELHI_SOUTH,1,0,376,14.0,6.3,SEVERE
Delhi NCR,ITO Junction & Vikas Marg,DELHI_CENTRAL,21,6,144,18.0,5.9,SEVERE
Delhi NCR,Gurgaon Expressway (Sirhaul Border),DELHI_GURGAON,5,6,471,35.0,12.2,HEAVY
Delhi NCR,Ashram Chowk & Mathura Road,DELHI_SOUTH,16,5,113,14.0,10.2,SEVERE
Delhi NCR,ITO Junction & Vikas Marg,DELHI_CENTRAL,1,0,441,18.0,6.9,SEVERE
Delhi NCR,Peeragarhi Outer Ring Road,DELHI_WEST,16,6,445,20.0,7.5,SEVERE
Delhi NCR,AIIMS Ring Road Flyover,DELHI_SOUTH,10,6,295,22.0,5.6,SEVERE
Delhi NCR,Laxmi Nagar Vikas Marg,DELHI_EAST,10,3,138,16.0,5.3,SEVERE
Delhi NCR,Laxmi Nagar Vikas Marg,DELHI_EAST,22,1,193,16.0,10.3,SEVERE
Delhi NCR,DND Flyway (Delhi-Noida Link),DELHI_EAST,21,6,107,45.0,15.6,HEAVY
Delhi NCR,Ashram Chowk & Mathura Road,DELHI_SOUTH,1,0,386,14.0,6.2,SEVERE
Delhi NCR,Ashram Chowk & Mathura Road,DELHI_SOUTH,12,2,502,14.0,5.0,SEVERE
Delhi NCR,Gurgaon Expressway (Sirhaul Border),DELHI_GURGAON,15,0,344,35.0,17.0,HEAVY
Delhi NCR,Peeragarhi Outer Ring Road,DELHI_WEST,9,6,482,20.0,5.0,SEVERE
Delhi NCR,Laxmi Nagar Vikas Marg,DELHI_EAST,13,4,127,16.0,11.4,SEVERE
Delhi NCR,Ashram Chowk & Mathura Road,DELHI_SOUTH,14,3,160,14.0,9.5,SEVERE
Delhi NCR,Gurgaon Expressway (Sirhaul Border),DELHI_GURGAON,19,4,114,35.0,12.0,HEAVY
Delhi NCR,Gurgaon Expressway (Sirhaul Border),DELHI_GURGAON,14,6,104,35.0,25.9,MODERATE
Delhi NCR,Laxmi Nagar Vikas Marg,DELHI_EAST,0,4,184,16.0,10.5,SEVERE
Delhi NCR,DND Flyway (Delhi-Noida Link),DELHI_EAST,1,5,81,45.0,34.4,LOW
Delhi NCR,DND Flyway (Delhi-Noida Link),DELHI_EAST,17,0,167,45.0,14.2,HEAVY
Delhi NCR,Peeragarhi Outer Ring Road,DELHI_WEST,9,1,477,20.0,5.0,SEVERE
Delhi NCR,Peeragarhi Outer Ring Road,DELHI_WEST,18,1,134,20.0,6.7,SEVERE
Delhi NCR,DND Flyway (Delhi-Noida Link),DELHI_EAST,23,1,457,45.0,16.4,HEAVY
Delhi NCR,Laxmi Nagar Vikas Marg,DELHI_EAST,18,4,427,16.0,5.0,SEVERE
Delhi NCR,Peeragarhi Outer Ring Road,DELHI_WEST,15,3,465,20.0,7.1,SEVERE
Delhi NCR,Laxmi Nagar Vikas Marg,DELHI_EAST,10,2,415,16.0,5.0,SEVERE
Delhi NCR,Peeragarhi Outer Ring Road,DELHI_WEST,16,2,333,20.0,9.9,SEVERE
Delhi NCR,Laxmi Nagar Vikas Marg,DELHI_EAST,4,2,133,16.0,11.3,SEVERE
Delhi NCR,AIIMS Ring Road Flyover,DELHI_SOUTH,12,1,365,22.0,10.2,SEVERE
Delhi NCR,Ashram Chowk & Mathura Road,DELHI_SOUTH,20,0,500,14.0,5.0,SEVERE
Delhi NCR,DND Flyway (Delhi-Noida Link),DELHI_EAST,7,5,425,45.0,17.9,HEAVY
Delhi NCR,Laxmi Nagar Vikas Marg,DELHI_EAST,4,5,93,16.0,12.0,HEAVY
Delhi NCR,DND Flyway (Delhi-Noida Link),DELHI_EAST,13,2,351,45.0,21.5,HEAVY
Delhi NCR,DND Flyway (Delhi-Noida Link),DELHI_EAST,13,6,499,45.0,14.4,HEAVY
Delhi NCR,Gurgaon Expressway (Sirhaul Border),DELHI_GURGAON,0,1,104,35.0,25.9,MODERATE
Delhi NCR,Laxmi Nagar Vikas Marg,DELHI_EAST,18,2,212,16.0,5.0,SEVERE
Delhi NCR,ITO Junction & Vikas Marg,DELHI_CENTRAL,16,6,233,18.0,10.8,SEVERE
Delhi NCR,Gurgaon Expressway (Sirhaul Border),DELHI_GURGAON,22,3,317,35.0,18.0,HEAVY
Delhi NCR,Laxmi Nagar Vikas Marg,DELHI_EAST,5,5,220,16.0,9.9,SEVERE
Delhi NCR,Gurgaon Expressway (Sirhaul Border),DELHI_GURGAON,13,5,342,35.0,17.0,HEAVY
Delhi NCR,DND Flyway (Delhi-Noida Link),DELHI_EAST,13,0,440,45.0,17.2,HEAVY
Delhi NCR,Connaught Place Outer Circle,DELHI_CENTRAL,1,3,221,25.0,15.4,HEAVY
Delhi NCR,Laxmi Nagar Vikas Marg,DELHI_EAST,22,5,479,16.0,5.5,SEVERE
Delhi NCR,Peeragarhi Outer Ring Road,DELHI_WEST,7,0,483,20.0,6.7,SEVERE
Delhi NCR,AIIMS Ring Road Flyover,DELHI_SOUTH,7,5,266,22.0,12.5,HEAVY
Delhi NCR,Connaught Place Outer Circle,DELHI_CENTRAL,18,5,376,25.0,5.3,SEVERE
Delhi NCR,Laxmi Nagar Vikas Marg,DELHI_EAST,13,1,342,16.0,7.8,SEVERE
Delhi NCR,Laxmi Nagar Vikas Marg,DELHI_EAST,7,2,148,16.0,11.1,SEVERE
Delhi NCR,ITO Junction & Vikas Marg,DELHI_CENTRAL,3,1,268,18.0,10.2,SEVERE
Delhi NCR,Ashram Chowk & Mathura Road,DELHI_SOUTH,15,1,264,14.0,8.0,SEVERE
Delhi NCR,Peeragarhi Outer Ring Road,DELHI_WEST,4,3,175,20.0,13.3,HEAVY
Delhi NCR,AIIMS Ring Road Flyover,DELHI_SOUTH,20,5,318,22.0,5.3,SEVERE
Delhi NCR,AIIMS Ring Road Flyover,DELHI_SOUTH,2,1,326,22.0,11.1,SEVERE
Delhi NCR,Laxmi Nagar Vikas Marg,DELHI_EAST,11,0,472,16.0,5.0,SEVERE
Delhi NCR,DND Flyway (Delhi-Noida Link),DELHI_EAST,23,3,515,45.0,13.6,HEAVY
Delhi NCR,Peeragarhi Outer Ring Road,DELHI_WEST,19,5,114,20.0,6.9,SEVERE
Delhi NCR,AIIMS Ring Road Flyover,DELHI_SOUTH,19,1,224,22.0,6.3,SEVERE
Delhi NCR,Peeragarhi Outer Ring Road,DELHI_WEST,4,0,272,20.0,11.2,SEVERE
Delhi NCR,ITO Junction & Vikas Marg,DELHI_CENTRAL,8,3,495,18.0,5.8,SEVERE
Delhi NCR,Connaught Place Outer Circle,DELHI_CENTRAL,0,1,190,25.0,16.2,HEAVY
Delhi NCR,Laxmi Nagar Vikas Marg,DELHI_EAST,18,3,520,16.0,5.0,SEVERE
Delhi NCR,Connaught Place Outer Circle,DELHI_CENTRAL,12,1,382,25.0,11.1,SEVERE
Delhi NCR,Laxmi Nagar Vikas Marg,DELHI_EAST,18,4,287,16.0,5.0,SEVERE
Delhi NCR,Gurgaon Expressway (Sirhaul Border),DELHI_GURGAON,23,5,416,35.0,14.3,HEAVY
Delhi NCR,ITO Junction & Vikas Marg,DELHI_CENTRAL,3,1,165,18.0,12.1,HEAVY
Delhi NCR,Peeragarhi Outer Ring Road,DELHI_WEST,14,0,82,20.0,15.3,HEAVY
Delhi NCR,Gurgaon Expressway (Sirhaul Border),DELHI_GURGAON,7,0,134,35.0,24.8,MODERATE
Delhi NCR,Laxmi Nagar Vikas Marg,DELHI_EAST,11,0,87,16.0,5.7,SEVERE
Delhi NCR,Laxmi Nagar Vikas Marg,DELHI_EAST,16,5,311,16.0,8.3,SEVERE
Delhi NCR,Peeragarhi Outer Ring Road,DELHI_WEST,2,6,348,20.0,9.6,SEVERE
Delhi NCR,ITO Junction & Vikas Marg,DELHI_CENTRAL,20,1,302,18.0,5.0,SEVERE
Delhi NCR,DND Flyway (Delhi-Noida Link),DELHI_EAST,1,3,192,45.0,29.1,MODERATE
Delhi NCR,Laxmi Nagar Vikas Marg,DELHI_EAST,9,2,385,16.0,5.0,SEVERE
Delhi NCR,Peeragarhi Outer Ring Road,DELHI_WEST,6,1,226,20.0,12.2,HEAVY
Delhi NCR,Laxmi Nagar Vikas Marg,DELHI_EAST,12,4,408,16.0,6.7,SEVERE
Delhi NCR,DND Flyway (Delhi-Noida Link),DELHI_EAST,16,2,502,45.0,14.2,HEAVY
Delhi NCR,Gurgaon Expressway (Sirhaul Border),DELHI_GURGAON,1,3,245,35.0,20.6,HEAVY
Delhi NCR,Laxmi Nagar Vikas Marg,DELHI_EAST,20,6,331,16.0,5.0,SEVERE
Delhi NCR,Peeragarhi Outer Ring Road,DELHI_WEST,23,5,280,20.0,11.1,SEVERE
Delhi NCR,ITO Junction & Vikas Marg,DELHI_CENTRAL,14,1,471,18.0,6.3,SEVERE
Delhi NCR,AIIMS Ring Road Flyover,DELHI_SOUTH,17,5,226,22.0,6.3,SEVERE
Delhi NCR,Peeragarhi Outer Ring Road,DELHI_WEST,22,3,253,20.0,11.6,SEVERE
Delhi NCR,ITO Junction & Vikas Marg,DELHI_CENTRAL,17,2,261,18.0,5.0,SEVERE
Delhi NCR,ITO Junction & Vikas Marg,DELHI_CENTRAL,12,3,89,18.0,13.6,HEAVY
Delhi NCR,Connaught Place Outer Circle,DELHI_CENTRAL,13,4,189,25.0,16.2,HEAVY
Delhi NCR,Gurgaon Expressway (Sirhaul Border),DELHI_GURGAON,23,0,313,35.0,18.1,HEAVY
Delhi NCR,Laxmi Nagar Vikas Marg,DELHI_EAST,11,5,227,16.0,5.0,SEVERE
Delhi NCR,Ashram Chowk & Mathura Road,DELHI_SOUTH,15,1,411,14.0,5.8,SEVERE
Delhi NCR,AIIMS Ring Road Flyover,DELHI_SOUTH,23,4,401,22.0,9.3,SEVERE
Delhi NCR,Ashram Chowk & Mathura Road,DELHI_SOUTH,19,2,372,14.0,5.0,SEVERE
Delhi NCR,DND Flyway (Delhi-Noida Link),DELHI_EAST,21,5,104,45.0,15.7,HEAVY
Delhi NCR,Peeragarhi Outer Ring Road,DELHI_WEST,4,2,284,20.0,11.0,SEVERE
Delhi NCR,AIIMS Ring Road Flyover,DELHI_SOUTH,10,5,371,22.0,5.0,SEVERE
Delhi NCR,DND Flyway (Delhi-Noida Link),DELHI_EAST,1,1,238,45.0,26.9,MODERATE
Delhi NCR,ITO Junction & Vikas Marg,DELHI_CENTRAL,13,3,503,18.0,5.7,SEVERE
Delhi NCR,ITO Junction & Vikas Marg,DELHI_CENTRAL,13,4,398,18.0,7.7,SEVERE
Delhi NCR,DND Flyway (Delhi-Noida Link),DELHI_EAST,20,2,233,45.0,12.8,HEAVY
Delhi NCR,Peeragarhi Outer Ring Road,DELHI_WEST,20,1,192,20.0,6.1,SEVERE
Delhi NCR,DND Flyway (Delhi-Noida Link),DELHI_EAST,10,3,116,45.0,15.4,HEAVY
Delhi NCR,Connaught Place Outer Circle,DELHI_CENTRAL,1,6,491,25.0,8.2,SEVERE
Delhi NCR,Gurgaon Expressway (Sirhaul Border),DELHI_GURGAON,19,3,104,35.0,12.2,HEAVY
Delhi NCR,Peeragarhi Outer Ring Road,DELHI_WEST,18,0,371,20.0,5.0,SEVERE
Delhi NCR,DND Flyway (Delhi-Noida Link),DELHI_EAST,5,2,420,45.0,18.2,HEAVY
Delhi NCR,DND Flyway (Delhi-Noida Link),DELHI_EAST,10,1,201,45.0,13.5,HEAVY
Delhi NCR,Gurgaon Expressway (Sirhaul Border),DELHI_GURGAON,13,4,351,35.0,16.7,HEAVY
Delhi NCR,DND Flyway (Delhi-Noida Link),DELHI_EAST,4,4,89,45.0,34.0,LOW
Delhi NCR,Ashram Chowk & Mathura Road,DELHI_SOUTH,20,6,195,14.0,5.0,SEVERE
Delhi NCR,Gurgaon Expressway (Sirhaul Border),DELHI_GURGAON,22,4,203,35.0,22.2,MODERATE
Delhi NCR,DND Flyway (Delhi-Noida Link),DELHI_EAST,11,2,435,45.0,8.2,SEVERE
Delhi NCR,Ashram Chowk & Mathura Road,DELHI_SOUTH,16,6,214,14.0,8.7,SEVERE
Delhi NCR,DND Flyway (Delhi-Noida Link),DELHI_EAST,16,5,120,45.0,32.5,LOW
Delhi NCR,DND Flyway (Delhi-Noida Link),DELHI_EAST,9,1,237,45.0,12.7,HEAVY
Delhi NCR,Ashram Chowk & Mathura Road,DELHI_SOUTH,4,2,396,14.0,6.0,SEVERE
Delhi NCR,AIIMS Ring Road Flyover,DELHI_SOUTH,20,1,351,22.0,5.0,SEVERE
Delhi NCR,ITO Junction & Vikas Marg,DELHI_CENTRAL,14,0,511,18.0,5.5,SEVERE
Delhi NCR,AIIMS Ring Road Flyover,DELHI_SOUTH,10,0,106,22.0,7.6,SEVERE
Delhi NCR,Peeragarhi Outer Ring Road,DELHI_WEST,13,3,505,20.0,6.3,SEVERE
Delhi NCR,ITO Junction & Vikas Marg,DELHI_CENTRAL,5,6,130,18.0,12.8,HEAVY
Delhi NCR,DND Flyway (Delhi-Noida Link),DELHI_EAST,18,6,345,45.0,10.2,SEVERE
Delhi NCR,Peeragarhi Outer Ring Road,DELHI_WEST,8,3,174,20.0,13.3,HEAVY
Delhi NCR,Connaught Place Outer Circle,DELHI_CENTRAL,15,4,184,25.0,16.4,HEAVY
Delhi NCR,Gurgaon Expressway (Sirhaul Border),DELHI_GURGAON,14,1,459,35.0,12.7,HEAVY
Delhi NCR,DND Flyway (Delhi-Noida Link),DELHI_EAST,11,4,414,45.0,8.7,SEVERE
Delhi NCR,Gurgaon Expressway (Sirhaul Border),DELHI_GURGAON,23,5,275,35.0,19.5,HEAVY
Delhi NCR,DND Flyway (Delhi-Noida Link),DELHI_EAST,9,5,94,45.0,15.9,HEAVY
Delhi NCR,Gurgaon Expressway (Sirhaul Border),DELHI_GURGAON,11,6,250,35.0,9.6,SEVERE
Delhi NCR,Connaught Place Outer Circle,DELHI_CENTRAL,23,0,227,25.0,15.2,HEAVY
Delhi NCR,AIIMS Ring Road Flyover,DELHI_SOUTH,0,3,443,22.0,8.3,SEVERE
Delhi NCR,ITO Junction & Vikas Marg,DELHI_CENTRAL,10,2,406,18.0,5.0,SEVERE
Delhi NCR,AIIMS Ring Road Flyover,DELHI_SOUTH,11,6,350,22.0,5.0,SEVERE
Delhi NCR,Peeragarhi Outer Ring Road,DELHI_WEST,23,2,291,20.0,10.8,SEVERE
Delhi NCR,Peeragarhi Outer Ring Road,DELHI_WEST,15,0,127,20.0,14.3,HEAVY
Delhi NCR,Connaught Place Outer Circle,DELHI_CENTRAL,10,0,82,25.0,9.0,SEVERE
Delhi NCR,Laxmi Nagar Vikas Marg,DELHI_EAST,8,6,235,16.0,9.6,SEVERE
Delhi NCR,Ashram Chowk & Mathura Road,DELHI_SOUTH,9,2,284,14.0,5.0,SEVERE
Delhi NCR,Laxmi Nagar Vikas Marg,DELHI_EAST,17,6,384,16.0,5.0,SEVERE
Delhi NCR,Peeragarhi Outer Ring Road,DELHI_WEST,11,3,308,20.0,5.0,SEVERE
Delhi NCR,Gurgaon Expressway (Sirhaul Border),DELHI_GURGAON,6,6,339,35.0,17.1,HEAVY
Delhi NCR,AIIMS Ring Road Flyover,DELHI_SOUTH,1,4,497,22.0,7.1,SEVERE
Delhi NCR,Peeragarhi Outer Ring Road,DELHI_WEST,17,5,169,20.0,6.3,SEVERE
Delhi NCR,ITO Junction & Vikas Marg,DELHI_CENTRAL,7,4,101,18.0,13.4,HEAVY
Delhi NCR,DND Flyway (Delhi-Noida Link),DELHI_EAST,12,5,165,45.0,30.4,MODERATE
Delhi NCR,ITO Junction & Vikas Marg,DELHI_CENTRAL,20,3,291,18.0,5.0,SEVERE
Delhi NCR,AIIMS Ring Road Flyover,DELHI_SOUTH,0,1,316,22.0,11.3,SEVERE
Delhi NCR,Connaught Place Outer Circle,DELHI_CENTRAL,11,6,364,25.0,5.4,SEVERE
Delhi NCR,AIIMS Ring Road Flyover,DELHI_SOUTH,21,2,235,22.0,6.2,SEVERE
Delhi NCR,Peeragarhi Outer Ring Road,DELHI_WEST,19,1,492,20.0,5.0,SEVERE
Delhi NCR,ITO Junction & Vikas Marg,DELHI_CENTRAL,3,6,162,18.0,12.2,HEAVY
Delhi NCR,DND Flyway (Delhi-Noida Link),DELHI_EAST,20,6,203,45.0,13.4,HEAVY
Delhi NCR,Connaught Place Outer Circle,DELHI_CENTRAL,18,5,213,25.0,7.3,SEVERE
Delhi NCR,DND Flyway (Delhi-Noida Link),DELHI_EAST,5,0,252,45.0,26.2,MODERATE
Delhi NCR,Laxmi Nagar Vikas Marg,DELHI_EAST,23,5,418,16.0,6.5,SEVERE
Delhi NCR,Gurgaon Expressway (Sirhaul Border),DELHI_GURGAON,7,1,220,35.0,21.6,HEAVY
Delhi NCR,AIIMS Ring Road Flyover,DELHI_SOUTH,1,3,295,22.0,11.8,SEVERE
Delhi NCR,AIIMS Ring Road Flyover,DELHI_SOUTH,23,5,470,22.0,7.7,SEVERE
Delhi NCR,Connaught Place Outer Circle,DELHI_CENTRAL,16,6,226,25.0,15.2,HEAVY
Delhi NCR,Laxmi Nagar Vikas Marg,DELHI_EAST,13,6,312,16.0,8.3,SEVERE
Delhi NCR,Laxmi Nagar Vikas Marg,DELHI_EAST,9,2,154,16.0,5.2,SEVERE
Delhi NCR,Gurgaon Expressway (Sirhaul Border),DELHI_GURGAON,3,0,479,35.0,11.9,SEVERE
Delhi NCR,ITO Junction & Vikas Marg,DELHI_CENTRAL,3,5,450,18.0,6.7,SEVERE
Delhi NCR,ITO Junction & Vikas Marg,DELHI_CENTRAL,7,0,345,18.0,8.7,SEVERE
Delhi NCR,Ashram Chowk & Mathura Road,DELHI_SOUTH,12,2,85,14.0,10.6,SEVERE
Delhi NCR,DND Flyway (Delhi-Noida Link),DELHI_EAST,1,0,458,45.0,16.4,HEAVY
Delhi NCR,ITO Junction & Vikas Marg,DELHI_CENTRAL,3,0,295,18.0,9.7,SEVERE
Delhi NCR,AIIMS Ring Road Flyover,DELHI_SOUTH,7,5,363,22.0,10.2,SEVERE
Delhi NCR,Connaught Place Outer Circle,DELHI_CENTRAL,15,3,204,25.0,15.8,HEAVY
Delhi NCR,ITO Junction & Vikas Marg,DELHI_CENTRAL,22,5,427,18.0,7.1,SEVERE
Delhi NCR,Gurgaon Expressway (Sirhaul Border),DELHI_GURGAON,17,2,292,35.0,8.9,SEVERE
Delhi NCR,AIIMS Ring Road Flyover,DELHI_SOUTH,5,1,187,22.0,14.3,HEAVY
Delhi NCR,ITO Junction & Vikas Marg,DELHI_CENTRAL,9,6,214,18.0,5.3,SEVERE
Delhi NCR,ITO Junction & Vikas Marg,DELHI_CENTRAL,5,5,307,18.0,9.4,SEVERE
Delhi NCR,DND Flyway (Delhi-Noida Link),DELHI_EAST,2,0,110,45.0,33.0,LOW
Delhi NCR,ITO Junction & Vikas Marg,DELHI_CENTRAL,7,5,371,18.0,8.2,SEVERE
Delhi NCR,AIIMS Ring Road Flyover,DELHI_SOUTH,20,2,281,22.0,5.7,SEVERE
Delhi NCR,AIIMS Ring Road Flyover,DELHI_SOUTH,0,5,218,22.0,13.6,HEAVY
Delhi NCR,Gurgaon Expressway (Sirhaul Border),DELHI_GURGAON,7,3,391,35.0,15.2,HEAVY
Delhi NCR,Connaught Place Outer Circle,DELHI_CENTRAL,2,4,466,25.0,8.9,SEVERE
Delhi NCR,Gurgaon Expressway (Sirhaul Border),DELHI_GURGAON,18,5,392,35.0,7.1,SEVERE
Delhi NCR,AIIMS Ring Road Flyover,DELHI_SOUTH,17,1,432,22.0,5.0,SEVERE
Delhi NCR,Connaught Place Outer Circle,DELHI_CENTRAL,2,2,302,25.0,13.2,HEAVY
Delhi NCR,ITO Junction & Vikas Marg,DELHI_CENTRAL,17,6,374,18.0,5.0,SEVERE
Delhi NCR,ITO Junction & Vikas Marg,DELHI_CENTRAL,21,4,488,18.0,5.0,SEVERE
Delhi NCR,ITO Junction & Vikas Marg,DELHI_CENTRAL,2,3,349,18.0,8.6,SEVERE
Delhi NCR,DND Flyway (Delhi-Noida Link),DELHI_EAST,8,4,366,45.0,20.8,HEAVY
Delhi NCR,Gurgaon Expressway (Sirhaul Border),DELHI_GURGAON,5,2,177,35.0,23.2,MODERATE
Delhi NCR,Peeragarhi Outer Ring Road,DELHI_WEST,15,1,281,20.0,11.0,SEVERE
Delhi NCR,ITO Junction & Vikas Marg,DELHI_CENTRAL,2,2,323,18.0,9.1,SEVERE
Delhi NCR,AIIMS Ring Road Flyover,DELHI_SOUTH,9,6,462,22.0,5.0,SEVERE
Delhi NCR,DND Flyway (Delhi-Noida Link),DELHI_EAST,22,4,211,45.0,28.2,MODERATE
Delhi NCR,Gurgaon Expressway (Sirhaul Border),DELHI_GURGAON,15,6,503,35.0,11.0,SEVERE
Delhi NCR,Laxmi Nagar Vikas Marg,DELHI_EAST,9,4,492,16.0,5.0,SEVERE
Delhi NCR,AIIMS Ring Road Flyover,DELHI_SOUTH,6,5,308,22.0,11.5,SEVERE
Delhi NCR,ITO Junction & Vikas Marg,DELHI_CENTRAL,16,2,98,18.0,13.4,HEAVY
Delhi NCR,Gurgaon Expressway (Sirhaul Border),DELHI_GURGAON,8,6,87,35.0,26.5,MODERATE
Delhi NCR,Gurgaon Expressway (Sirhaul Border),DELHI_GURGAON,0,2,340,35.0,17.1,HEAVY
Delhi NCR,ITO Junction & Vikas Marg,DELHI_CENTRAL,14,0,469,18.0,6.3,SEVERE
Delhi NCR,Ashram Chowk & Mathura Road,DELHI_SOUTH,7,3,230,14.0,8.5,SEVERE
Delhi NCR,DND Flyway (Delhi-Noida Link),DELHI_EAST,8,5,387,45.0,19.7,HEAVY
Delhi NCR,ITO Junction & Vikas Marg,DELHI_CENTRAL,12,3,306,18.0,9.4,SEVERE
Delhi NCR,Peeragarhi Outer Ring Road,DELHI_WEST,13,1,408,20.0,8.3,SEVERE
Delhi NCR,Laxmi Nagar Vikas Marg,DELHI_EAST,17,0,520,16.0,5.0,SEVERE
Delhi NCR,Ashram Chowk & Mathura Road,DELHI_SOUTH,3,5,146,14.0,9.7,SEVERE
Delhi NCR,Laxmi Nagar Vikas Marg,DELHI_EAST,2,1,147,16.0,11.1,SEVERE
Delhi NCR,Peeragarhi Outer Ring Road,DELHI_WEST,10,0,276,20.0,5.2,SEVERE
Delhi NCR,AIIMS Ring Road Flyover,DELHI_SOUTH,3,3,179,22.0,14.5,HEAVY
Delhi NCR,Connaught Place Outer Circle,DELHI_CENTRAL,5,5,442,25.0,9.5,SEVERE
Delhi NCR,Connaught Place Outer Circle,DELHI_CENTRAL,12,3,123,25.0,18.0,HEAVY
Delhi NCR,DND Flyway (Delhi-Noida Link),DELHI_EAST,21,6,133,45.0,15.0,HEAVY
Delhi NCR,ITO Junction & Vikas Marg,DELHI_CENTRAL,17,4,226,18.0,5.2,SEVERE
Delhi NCR,AIIMS Ring Road Flyover,DELHI_SOUTH,23,5,179,22.0,14.5,HEAVY
Delhi NCR,Peeragarhi Outer Ring Road,DELHI_WEST,4,6,516,20.0,6.0,SEVERE
Delhi NCR,ITO Junction & Vikas Marg,DELHI_CENTRAL,14,4,480,18.0,6.1,SEVERE
Delhi NCR,Peeragarhi Outer Ring Road,DELHI_WEST,7,3,122,20.0,14.4,HEAVY
Delhi NCR,Peeragarhi Outer Ring Road,DELHI_WEST,10,6,504,20.0,5.0,SEVERE
Delhi NCR,AIIMS Ring Road Flyover,DELHI_SOUTH,19,0,88,22.0,7.8,SEVERE
Delhi NCR,Gurgaon Expressway (Sirhaul Border),DELHI_GURGAON,7,3,518,35.0,10.5,SEVERE
Delhi NCR,Peeragarhi Outer Ring Road,DELHI_WEST,4,2,109,20.0,14.7,HEAVY
Delhi NCR,Laxmi Nagar Vikas Marg,DELHI_EAST,19,0,264,16.0,5.0,SEVERE
Delhi NCR,Ashram Chowk & Mathura Road,DELHI_SOUTH,4,2,329,14.0,7.0,SEVERE
Delhi NCR,Gurgaon Expressway (Sirhaul Border),DELHI_GURGAON,4,1,280,35.0,19.3,HEAVY
Delhi NCR,AIIMS Ring Road Flyover,DELHI_SOUTH,23,5,513,22.0,6.7,SEVERE
Delhi NCR,Ashram Chowk & Mathura Road,DELHI_SOUTH,16,6,179,14.0,9.2,SEVERE
Delhi NCR,Connaught Place Outer Circle,DELHI_CENTRAL,7,0,159,25.0,17.0,HEAVY
Delhi NCR,Peeragarhi Outer Ring Road,DELHI_WEST,14,5,300,20.0,10.6,SEVERE
Delhi NCR,ITO Junction & Vikas Marg,DELHI_CENTRAL,17,2,297,18.0,5.0,SEVERE
Delhi NCR,Peeragarhi Outer Ring Road,DELHI_WEST,22,6,367,20.0,9.2,SEVERE
Delhi NCR,Laxmi Nagar Vikas Marg,DELHI_EAST,13,3,341,16.0,7.8,SEVERE
Delhi NCR,DND Flyway (Delhi-Noida Link),DELHI_EAST,16,5,470,45.0,15.8,HEAVY
Delhi NCR,Gurgaon Expressway (Sirhaul Border),DELHI_GURGAON,7,6,413,35.0,14.4,HEAVY
Delhi NCR,DND Flyway (Delhi-Noida Link),DELHI_EAST,10,3,207,45.0,13.3,HEAVY
Delhi NCR,Laxmi Nagar Vikas Marg,DELHI_EAST,6,6,272,16.0,9.0,SEVERE
Delhi NCR,DND Flyway (Delhi-Noida Link),DELHI_EAST,9,0,320,45.0,10.8,SEVERE
Delhi NCR,Laxmi Nagar Vikas Marg,DELHI_EAST,7,4,283,16.0,8.8,SEVERE
Delhi NCR,Laxmi Nagar Vikas Marg,DELHI_EAST,22,2,445,16.0,6.0,SEVERE
Delhi NCR,Laxmi Nagar Vikas Marg,DELHI_EAST,11,4,448,16.0,5.0,SEVERE
Delhi NCR,DND Flyway (Delhi-Noida Link),DELHI_EAST,12,2,354,45.0,21.3,HEAVY
Delhi NCR,DND Flyway (Delhi-Noida Link),DELHI_EAST,11,6,122,45.0,15.3,HEAVY
Delhi NCR,AIIMS Ring Road Flyover,DELHI_SOUTH,11,6,169,22.0,6.9,SEVERE
Delhi NCR,AIIMS Ring Road Flyover,DELHI_SOUTH,11,3,486,22.0,5.0,SEVERE
Delhi NCR,Peeragarhi Outer Ring Road,DELHI_WEST,19,6,381,20.0,5.0,SEVERE
Delhi NCR,Ashram Chowk & Mathura Road,DELHI_SOUTH,19,3,130,14.0,5.0,SEVERE
Delhi NCR,Gurgaon Expressway (Sirhaul Border),DELHI_GURGAON,15,3,479,35.0,11.9,SEVERE
Delhi NCR,AIIMS Ring Road Flyover,DELHI_SOUTH,21,0,365,22.0,5.0,SEVERE
Delhi NCR,Connaught Place Outer Circle,DELHI_CENTRAL,21,4,512,25.0,5.0,SEVERE
Delhi NCR,Peeragarhi Outer Ring Road,DELHI_WEST,6,6,276,20.0,11.1,SEVERE
Delhi NCR,Gurgaon Expressway (Sirhaul Border),DELHI_GURGAON,20,1,370,35.0,7.5,SEVERE
Delhi NCR,Gurgaon Expressway (Sirhaul Border),DELHI_GURGAON,18,6,106,35.0,12.1,HEAVY
Delhi NCR,Peeragarhi Outer Ring Road,DELHI_WEST,7,4,509,20.0,6.2,SEVERE
Delhi NCR,Connaught Place Outer Circle,DELHI_CENTRAL,19,0,425,25.0,5.0,SEVERE
Delhi NCR,ITO Junction & Vikas Marg,DELHI_CENTRAL,23,4,437,18.0,6.9,SEVERE
Delhi NCR,ITO Junction & Vikas Marg,DELHI_CENTRAL,2,5,332,18.0,9.0,SEVERE
Delhi NCR,Ashram Chowk & Mathura Road,DELHI_SOUTH,11,3,101,14.0,5.0,SEVERE
Delhi NCR,Peeragarhi Outer Ring Road,DELHI_WEST,10,6,296,20.0,5.0,SEVERE
Delhi NCR,Ashram Chowk & Mathura Road,DELHI_SOUTH,13,5,341,14.0,6.8,SEVERE
Delhi NCR,DND Flyway (Delhi-Noida Link),DELHI_EAST,2,6,291,45.0,24.3,MODERATE
Delhi NCR,Peeragarhi Outer Ring Road,DELHI_WEST,2,2,357,20.0,9.4,SEVERE
Delhi NCR,DND Flyway (Delhi-Noida Link),DELHI_EAST,4,5,212,45.0,28.1,MODERATE
Delhi NCR,Peeragarhi Outer Ring Road,DELHI_WEST,6,1,324,20.0,10.1,SEVERE
Delhi NCR,AIIMS Ring Road Flyover,DELHI_SOUTH,15,0,192,22.0,14.2,HEAVY
Delhi NCR,Ashram Chowk & Mathura Road,DELHI_SOUTH,20,1,340,14.0,5.0,SEVERE
Delhi NCR,Connaught Place Outer Circle,DELHI_CENTRAL,17,5,517,25.0,5.0,SEVERE
Delhi NCR,Gurgaon Expressway (Sirhaul Border),DELHI_GURGAON,13,3,237,35.0,20.9,HEAVY
Delhi NCR,Peeragarhi Outer Ring Road,DELHI_WEST,0,4,449,20.0,7.5,SEVERE
Delhi NCR,Connaught Place Outer Circle,DELHI_CENTRAL,7,4,416,25.0,10.2,SEVERE
Delhi NCR,DND Flyway (Delhi-Noida Link),DELHI_EAST,11,3,437,45.0,8.2,SEVERE
Delhi NCR,Ashram Chowk & Mathura Road,DELHI_SOUTH,22,1,450,14.0,5.2,SEVERE
Delhi NCR,ITO Junction & Vikas Marg,DELHI_CENTRAL,22,6,505,18.0,5.6,SEVERE
Delhi NCR,Peeragarhi Outer Ring Road,DELHI_WEST,2,6,421,20.0,8.1,SEVERE
Delhi NCR,Peeragarhi Outer Ring Road,DELHI_WEST,14,3,508,20.0,6.2,SEVERE
Delhi NCR,Peeragarhi Outer Ring Road,DELHI_WEST,7,6,211,20.0,12.5,HEAVY
Delhi NCR,Connaught Place Outer Circle,DELHI_CENTRAL,2,1,456,25.0,9.1,SEVERE
Delhi NCR,Ashram Chowk & Mathura Road,DELHI_SOUTH,3,1,463,14.0,5.0,SEVERE
Delhi NCR,DND Flyway (Delhi-Noida Link),DELHI_EAST,6,4,443,45.0,17.1,HEAVY
Delhi NCR,Laxmi Nagar Vikas Marg,DELHI_EAST,22,4,116,16.0,11.6,SEVERE
Delhi NCR,Peeragarhi Outer Ring Road,DELHI_WEST,3,1,406,20.0,8.4,SEVERE
Delhi NCR,AIIMS Ring Road Flyover,DELHI_SOUTH,1,2,83,22.0,16.8,HEAVY
Delhi NCR,Laxmi Nagar Vikas Marg,DELHI_EAST,17,4,419,16.0,5.0,SEVERE
Delhi NCR,Ashram Chowk & Mathura Road,DELHI_SOUTH,16,1,514,14.0,5.0,SEVERE
Delhi NCR,Laxmi Nagar Vikas Marg,DELHI_EAST,8,4,128,16.0,11.4,SEVERE
Delhi NCR,DND Flyway (Delhi-Noida Link),DELHI_EAST,14,1,216,45.0,27.9,MODERATE
Delhi NCR,ITO Junction & Vikas Marg,DELHI_CENTRAL,2,3,285,18.0,9.8,SEVERE
Delhi NCR,Ashram Chowk & Mathura Road,DELHI_SOUTH,15,0,475,14.0,5.0,SEVERE
Delhi NCR,ITO Junction & Vikas Marg,DELHI_CENTRAL,22,5,300,18.0,9.6,SEVERE
Delhi NCR,Connaught Place Outer Circle,DELHI_CENTRAL,8,3,201,25.0,15.9,HEAVY
Delhi NCR,Gurgaon Expressway (Sirhaul Border),DELHI_GURGAON,0,3,510,35.0,10.8,SEVERE
Delhi NCR,DND Flyway (Delhi-Noida Link),DELHI_EAST,4,6,375,45.0,20.3,HEAVY
Delhi NCR,Ashram Chowk & Mathura Road,DELHI_SOUTH,2,6,178,14.0,9.3,SEVERE
Delhi NCR,ITO Junction & Vikas Marg,DELHI_CENTRAL,10,6,159,18.0,5.8,SEVERE
Delhi NCR,DND Flyway (Delhi-Noida Link),DELHI_EAST,15,4,108,45.0,33.1,LOW
Delhi NCR,ITO Junction & Vikas Marg,DELHI_CENTRAL,13,5,99,18.0,13.4,HEAVY
Delhi NCR,AIIMS Ring Road Flyover,DELHI_SOUTH,3,0,101,22.0,16.3,HEAVY
Delhi NCR,Peeragarhi Outer Ring Road,DELHI_WEST,6,0,307,20.0,10.5,SEVERE
Delhi NCR,DND Flyway (Delhi-Noida Link),DELHI_EAST,13,0,456,45.0,16.4,HEAVY
Delhi NCR,Gurgaon Expressway (Sirhaul Border),DELHI_GURGAON,2,4,227,35.0,21.3,HEAVY
Delhi NCR,Connaught Place Outer Circle,DELHI_CENTRAL,1,4,365,25.0,11.6,SEVERE
Delhi NCR,Gurgaon Expressway (Sirhaul Border),DELHI_GURGAON,2,2,366,35.0,16.1,HEAVY
Delhi NCR,Gurgaon Expressway (Sirhaul Border),DELHI_GURGAON,18,0,432,35.0,6.4,SEVERE
Delhi NCR,AIIMS Ring Road Flyover,DELHI_SOUTH,16,0,392,22.0,9.5,SEVERE
Delhi NCR,DND Flyway (Delhi-Noida Link),DELHI_EAST,17,1,290,45.0,11.5,SEVERE
Delhi NCR,ITO Junction & Vikas Marg,DELHI_CENTRAL,8,0,209,18.0,11.3,SEVERE
Delhi NCR,Ashram Chowk & Mathura Road,DELHI_SOUTH,19,4,337,14.0,5.0,SEVERE
Delhi NCR,Connaught Place Outer Circle,DELHI_CENTRAL,11,6,328,25.0,5.9,SEVERE
Delhi NCR,Gurgaon Expressway (Sirhaul Border),DELHI_GURGAON,3,4,415,35.0,14.3,HEAVY
Delhi NCR,AIIMS Ring Road Flyover,DELHI_SOUTH,22,0,271,22.0,12.4,HEAVY
Delhi NCR,Connaught Place Outer Circle,DELHI_CENTRAL,22,5,441,25.0,9.5,SEVERE
Delhi NCR,ITO Junction & Vikas Marg,DELHI_CENTRAL,11,1,193,18.0,5.5,SEVERE
Delhi NCR,Gurgaon Expressway (Sirhaul Border),DELHI_GURGAON,12,3,480,35.0,11.9,SEVERE
Delhi NCR,Ashram Chowk & Mathura Road,DELHI_SOUTH,2,1,127,14.0,10.0,SEVERE
Delhi NCR,Gurgaon Expressway (Sirhaul Border),DELHI_GURGAON,0,0,151,35.0,24.1,MODERATE
Delhi NCR,DND Flyway (Delhi-Noida Link),DELHI_EAST,19,2,519,45.0,6.3,SEVERE
Delhi NCR,ITO Junction & Vikas Marg,DELHI_CENTRAL,10,3,150,18.0,5.9,SEVERE
Delhi NCR,DND Flyway (Delhi-Noida Link),DELHI_EAST,14,1,251,45.0,26.2,MODERATE
Delhi NCR,ITO Junction & Vikas Marg,DELHI_CENTRAL,3,3,297,18.0,9.6,SEVERE
Delhi NCR,Peeragarhi Outer Ring Road,DELHI_WEST,20,1,233,20.0,5.7,SEVERE
Delhi NCR,Peeragarhi Outer Ring Road,DELHI_WEST,7,2,105,20.0,14.8,HEAVY
Delhi NCR,Laxmi Nagar Vikas Marg,DELHI_EAST,21,5,221,16.0,5.0,SEVERE
Delhi NCR,Connaught Place Outer Circle,DELHI_CENTRAL,2,4,419,25.0,10.1,SEVERE
Delhi NCR,Peeragarhi Outer Ring Road,DELHI_WEST,12,2,447,20.0,7.5,SEVERE
Delhi NCR,Gurgaon Expressway (Sirhaul Border),DELHI_GURGAON,1,4,192,35.0,22.6,MODERATE
Delhi NCR,Connaught Place Outer Circle,DELHI_CENTRAL,19,6,212,25.0,7.3,SEVERE
Delhi NCR,AIIMS Ring Road Flyover,DELHI_SOUTH,2,0,435,22.0,8.5,SEVERE
Delhi NCR,Ashram Chowk & Mathura Road,DELHI_SOUTH,8,5,474,14.0,5.0,SEVERE
Delhi NCR,ITO Junction & Vikas Marg,DELHI_CENTRAL,15,4,362,18.0,8.4,SEVERE
Delhi NCR,AIIMS Ring Road Flyover,DELHI_SOUTH,20,6,109,22.0,7.6,SEVERE
Delhi NCR,Peeragarhi Outer Ring Road,DELHI_WEST,7,3,324,20.0,10.1,SEVERE
Delhi NCR,Peeragarhi Outer Ring Road,DELHI_WEST,0,2,109,20.0,14.7,HEAVY
Delhi NCR,Ashram Chowk & Mathura Road,DELHI_SOUTH,10,1,109,14.0,5.0,SEVERE
Delhi NCR,AIIMS Ring Road Flyover,DELHI_SOUTH,8,0,125,22.0,15.8,HEAVY
Delhi NCR,Peeragarhi Outer Ring Road,DELHI_WEST,7,3,88,20.0,15.1,HEAVY
Delhi NCR,Connaught Place Outer Circle,DELHI_CENTRAL,19,0,297,25.0,6.3,SEVERE
Delhi NCR,Gurgaon Expressway (Sirhaul Border),DELHI_GURGAON,8,0,142,35.0,24.5,MODERATE
Delhi NCR,Gurgaon Expressway (Sirhaul Border),DELHI_GURGAON,8,2,182,35.0,23.0,MODERATE
Delhi NCR,AIIMS Ring Road Flyover,DELHI_SOUTH,11,3,304,22.0,5.5,SEVERE
Delhi NCR,Laxmi Nagar Vikas Marg,DELHI_EAST,5,5,116,16.0,11.6,SEVERE
Delhi NCR,Ashram Chowk & Mathura Road,DELHI_SOUTH,15,2,226,14.0,8.5,SEVERE
Delhi NCR,Gurgaon Expressway (Sirhaul Border),DELHI_GURGAON,17,6,177,35.0,10.9,SEVERE
Delhi NCR,Laxmi Nagar Vikas Marg,DELHI_EAST,23,2,405,16.0,6.7,SEVERE
Delhi NCR,ITO Junction & Vikas Marg,DELHI_CENTRAL,3,1,368,18.0,8.3,SEVERE
Delhi NCR,Ashram Chowk & Mathura Road,DELHI_SOUTH,2,0,114,14.0,10.2,SEVERE
Delhi NCR,DND Flyway (Delhi-Noida Link),DELHI_EAST,21,3,325,45.0,10.7,SEVERE
Delhi NCR,Laxmi Nagar Vikas Marg,DELHI_EAST,20,2,239,16.0,5.0,SEVERE
Delhi NCR,ITO Junction & Vikas Marg,DELHI_CENTRAL,2,6,217,18.0,11.1,SEVERE
Delhi NCR,Ashram Chowk & Mathura Road,DELHI_SOUTH,2,3,104,14.0,10.4,SEVERE
Delhi NCR,DND Flyway (Delhi-Noida Link),DELHI_EAST,10,2,179,45.0,14.0,HEAVY
Delhi NCR,DND Flyway (Delhi-Noida Link),DELHI_EAST,1,0,151,45.0,31.0,MODERATE
Delhi NCR,DND Flyway (Delhi-Noida Link),DELHI_EAST,2,1,373,45.0,20.4,HEAVY
Delhi NCR,Gurgaon Expressway (Sirhaul Border),DELHI_GURGAON,18,0,414,35.0,6.8,SEVERE
Delhi NCR,Connaught Place Outer Circle,DELHI_CENTRAL,9,3,214,25.0,7.3,SEVERE
Delhi NCR,ITO Junction & Vikas Marg,DELHI_CENTRAL,6,6,208,18.0,11.3,SEVERE
Delhi NCR,Connaught Place Outer Circle,DELHI_CENTRAL,9,6,232,25.0,7.1,SEVERE
Delhi NCR,Connaught Place Outer Circle,DELHI_CENTRAL,22,3,226,25.0,15.2,HEAVY
Delhi NCR,Connaught Place Outer Circle,DELHI_CENTRAL,8,5,89,25.0,18.9,HEAVY
Delhi NCR,ITO Junction & Vikas Marg,DELHI_CENTRAL,23,5,282,18.0,9.9,SEVERE
Delhi NCR,DND Flyway (Delhi-Noida Link),DELHI_EAST,10,6,273,45.0,11.9,SEVERE
Delhi NCR,DND Flyway (Delhi-Noida Link),DELHI_EAST,5,2,416,45.0,18.4,HEAVY
Delhi NCR,Gurgaon Expressway (Sirhaul Border),DELHI_GURGAON,17,0,211,35.0,10.3,SEVERE
Delhi NCR,Gurgaon Expressway (Sirhaul Border),DELHI_GURGAON,22,1,249,35.0,20.5,HEAVY
Delhi NCR,Gurgaon Expressway (Sirhaul Border),DELHI_GURGAON,6,5,206,35.0,22.1,MODERATE
Delhi NCR,ITO Junction & Vikas Marg,DELHI_CENTRAL,7,3,380,18.0,8.0,SEVERE
Delhi NCR,AIIMS Ring Road Flyover,DELHI_SOUTH,9,1,429,22.0,5.0,SEVERE
Delhi NCR,DND Flyway (Delhi-Noida Link),DELHI_EAST,21,2,376,45.0,9.5,SEVERE
Delhi NCR,DND Flyway (Delhi-Noida Link),DELHI_EAST,1,1,180,45.0,29.6,MODERATE
Delhi NCR,AIIMS Ring Road Flyover,DELHI_SOUTH,19,6,449,22.0,5.0,SEVERE
Delhi NCR,Ashram Chowk & Mathura Road,DELHI_SOUTH,10,4,222,14.0,5.0,SEVERE
Delhi NCR,Connaught Place Outer Circle,DELHI_CENTRAL,8,3,220,25.0,15.4,HEAVY
Delhi NCR,Peeragarhi Outer Ring Road,DELHI_WEST,6,5,391,20.0,8.7,SEVERE
Delhi NCR,Gurgaon Expressway (Sirhaul Border),DELHI_GURGAON,15,6,262,35.0,20.0,HEAVY
Delhi NCR,Ashram Chowk & Mathura Road,DELHI_SOUTH,12,1,381,14.0,6.2,SEVERE
Delhi NCR,Laxmi Nagar Vikas Marg,DELHI_EAST,21,0,352,16.0,5.0,SEVERE
Delhi NCR,Gurgaon Expressway (Sirhaul Border),DELHI_GURGAON,14,0,395,35.0,15.1,HEAVY
Delhi NCR,Gurgaon Expressway (Sirhaul Border),DELHI_GURGAON,16,2,444,35.0,13.2,HEAVY
Delhi NCR,AIIMS Ring Road Flyover,DELHI_SOUTH,8,4,502,22.0,7.0,SEVERE
Delhi NCR,Peeragarhi Outer Ring Road,DELHI_WEST,18,6,436,20.0,5.0,SEVERE
Delhi NCR,ITO Junction & Vikas Marg,DELHI_CENTRAL,3,5,396,18.0,7.7,SEVERE
Delhi NCR,Ashram Chowk & Mathura Road,DELHI_SOUTH,11,2,393,14.0,5.0,SEVERE
Delhi NCR,DND Flyway (Delhi-Noida Link),DELHI_EAST,18,2,362,45.0,9.9,SEVERE
Delhi NCR,Peeragarhi Outer Ring Road,DELHI_WEST,15,2,397,20.0,8.6,SEVERE
Delhi NCR,DND Flyway (Delhi-Noida Link),DELHI_EAST,7,1,105,45.0,33.2,LOW
Delhi NCR,Peeragarhi Outer Ring Road,DELHI_WEST,22,3,156,20.0,13.7,HEAVY
Delhi NCR,Peeragarhi Outer Ring Road,DELHI_WEST,2,2,336,20.0,9.9,SEVERE
Delhi NCR,AIIMS Ring Road Flyover,DELHI_SOUTH,3,5,509,22.0,6.8,SEVERE
Delhi NCR,Laxmi Nagar Vikas Marg,DELHI_EAST,9,1,102,16.0,5.6,SEVERE
Delhi NCR,ITO Junction & Vikas Marg,DELHI_CENTRAL,17,4,507,18.0,5.0,SEVERE
Delhi NCR,Connaught Place Outer Circle,DELHI_CENTRAL,7,1,518,25.0,7.5,SEVERE
Delhi NCR,Laxmi Nagar Vikas Marg,DELHI_EAST,8,0,456,16.0,5.8,SEVERE
Delhi NCR,Ashram Chowk & Mathura Road,DELHI_SOUTH,7,2,458,14.0,5.1,SEVERE
Delhi NCR,Laxmi Nagar Vikas Marg,DELHI_EAST,22,3,310,16.0,8.3,SEVERE
Delhi NCR,DND Flyway (Delhi-Noida Link),DELHI_EAST,19,1,243,45.0,12.5,HEAVY
Delhi NCR,Peeragarhi Outer Ring Road,DELHI_WEST,19,1,417,20.0,5.0,SEVERE
Delhi NCR,Connaught Place Outer Circle,DELHI_CENTRAL,2,0,154,25.0,17.2,HEAVY
Delhi NCR,Gurgaon Expressway (Sirhaul Border),DELHI_GURGAON,6,3,111,35.0,25.6,MODERATE
Delhi NCR,Ashram Chowk & Mathura Road,DELHI_SOUTH,12,0,271,14.0,7.9,SEVERE
Delhi NCR,Ashram Chowk & Mathura Road,DELHI_SOUTH,21,0,316,14.0,5.0,SEVERE
Delhi NCR,Connaught Place Outer Circle,DELHI_CENTRAL,14,2,403,25.0,10.5,SEVERE
Delhi NCR,AIIMS Ring Road Flyover,DELHI_SOUTH,17,6,238,22.0,6.2,SEVERE
Delhi NCR,AIIMS Ring Road Flyover,DELHI_SOUTH,13,2,300,22.0,11.7,SEVERE
Delhi NCR,DND Flyway (Delhi-Noida Link),DELHI_EAST,12,1,341,45.0,21.9,HEAVY
Delhi NCR,AIIMS Ring Road Flyover,DELHI_SOUTH,21,0,445,22.0,5.0,SEVERE
Delhi NCR,Laxmi Nagar Vikas Marg,DELHI_EAST,11,2,235,16.0,5.0,SEVERE
Delhi NCR,Peeragarhi Outer Ring Road,DELHI_WEST,10,0,518,20.0,5.0,SEVERE
Delhi NCR,Laxmi Nagar Vikas Marg,DELHI_EAST,14,6,416,16.0,6.5,SEVERE
Delhi NCR,Laxmi Nagar Vikas Marg,DELHI_EAST,23,5,440,16.0,6.1,SEVERE
Delhi NCR,ITO Junction & Vikas Marg,DELHI_CENTRAL,4,2,110,18.0,13.2,HEAVY
Delhi NCR,AIIMS Ring Road Flyover,DELHI_SOUTH,10,2,409,22.0,5.0,SEVERE
Delhi NCR,Laxmi Nagar Vikas Marg,DELHI_EAST,1,3,138,16.0,11.3,SEVERE
Delhi NCR,Connaught Place Outer Circle,DELHI_CENTRAL,13,2,328,25.0,12.5,HEAVY
Delhi NCR,Laxmi Nagar Vikas Marg,DELHI_EAST,3,3,140,16.0,11.2,SEVERE
Delhi NCR,DND Flyway (Delhi-Noida Link),DELHI_EAST,21,3,452,45.0,7.8,SEVERE
Delhi NCR,Laxmi Nagar Vikas Marg,DELHI_EAST,6,5,170,16.0,10.7,SEVERE
Delhi NCR,AIIMS Ring Road Flyover,DELHI_SOUTH,5,0,97,22.0,16.4,HEAVY
Delhi NCR,Laxmi Nagar Vikas Marg,DELHI_EAST,15,3,498,16.0,5.1,SEVERE
Delhi NCR,Connaught Place Outer Circle,DELHI_CENTRAL,10,1,448,25.0,5.0,SEVERE
Delhi NCR,Connaught Place Outer Circle,DELHI_CENTRAL,18,3,406,25.0,5.0,SEVERE
Delhi NCR,AIIMS Ring Road Flyover,DELHI_SOUTH,14,2,136,22.0,15.5,HEAVY
Delhi NCR,Laxmi Nagar Vikas Marg,DELHI_EAST,21,0,442,16.0,5.0,SEVERE
Delhi NCR,Laxmi Nagar Vikas Marg,DELHI_EAST,9,2,221,16.0,5.0,SEVERE
Delhi NCR,Laxmi Nagar Vikas Marg,DELHI_EAST,16,4,201,16.0,10.2,SEVERE
Delhi NCR,Peeragarhi Outer Ring Road,DELHI_WEST,6,6,268,20.0,11.3,SEVERE
Delhi NCR,Peeragarhi Outer Ring Road,DELHI_WEST,4,1,290,20.0,10.8,SEVERE
Delhi NCR,Connaught Place Outer Circle,DELHI_CENTRAL,10,4,135,25.0,8.3,SEVERE
Delhi NCR,DND Flyway (Delhi-Noida Link),DELHI_EAST,14,1,133,45.0,31.9,MODERATE
Delhi NCR,Peeragarhi Outer Ring Road,DELHI_WEST,6,1,416,20.0,8.2,SEVERE
Delhi NCR,ITO Junction & Vikas Marg,DELHI_CENTRAL,20,5,228,18.0,5.1,SEVERE
Delhi NCR,Connaught Place Outer Circle,DELHI_CENTRAL,12,6,163,25.0,16.9,HEAVY
Delhi NCR,Laxmi Nagar Vikas Marg,DELHI_EAST,4,1,80,16.0,12.2,HEAVY
Delhi NCR,Gurgaon Expressway (Sirhaul Border),DELHI_GURGAON,4,4,429,35.0,13.8,HEAVY
Delhi NCR,DND Flyway (Delhi-Noida Link),DELHI_EAST,1,6,367,45.0,20.7,HEAVY
Delhi NCR,DND Flyway (Delhi-Noida Link),DELHI_EAST,8,5,504,45.0,14.2,HEAVY
Delhi NCR,Peeragarhi Outer Ring Road,DELHI_WEST,16,3,514,20.0,6.1,SEVERE
Delhi NCR,Peeragarhi Outer Ring Road,DELHI_WEST,10,5,467,20.0,5.0,SEVERE
Delhi NCR,AIIMS Ring Road Flyover,DELHI_SOUTH,20,1,413,22.0,5.0,SEVERE
Delhi NCR,Gurgaon Expressway (Sirhaul Border),DELHI_GURGAON,2,3,324,35.0,17.7,HEAVY
Delhi NCR,Gurgaon Expressway (Sirhaul Border),DELHI_GURGAON,12,2,163,35.0,23.7,MODERATE
Delhi NCR,Ashram Chowk & Mathura Road,DELHI_SOUTH,20,2,238,14.0,5.0,SEVERE
Delhi NCR,Laxmi Nagar Vikas Marg,DELHI_EAST,9,4,251,16.0,5.0,SEVERE
Delhi NCR,AIIMS Ring Road Flyover,DELHI_SOUTH,21,6,375,22.0,5.0,SEVERE
Delhi NCR,AIIMS Ring Road Flyover,DELHI_SOUTH,2,5,342,22.0,10.7,SEVERE
Delhi NCR,AIIMS Ring Road Flyover,DELHI_SOUTH,13,6,234,22.0,13.2,HEAVY
Delhi NCR,Ashram Chowk & Mathura Road,DELHI_SOUTH,14,0,412,14.0,5.8,SEVERE
Delhi NCR,Connaught Place Outer Circle,DELHI_CENTRAL,11,1,410,25.0,5.0,SEVERE
Delhi NCR,Ashram Chowk & Mathura Road,DELHI_SOUTH,10,3,249,14.0,5.0,SEVERE
Delhi NCR,DND Flyway (Delhi-Noida Link),DELHI_EAST,14,1,303,45.0,23.8,MODERATE
Delhi NCR,Laxmi Nagar Vikas Marg,DELHI_EAST,11,2,83,16.0,5.7,SEVERE
Delhi NCR,Laxmi Nagar Vikas Marg,DELHI_EAST,2,3,148,16.0,11.1,SEVERE
Delhi NCR,Ashram Chowk & Mathura Road,DELHI_SOUTH,16,6,275,14.0,7.8,SEVERE
Delhi NCR,Peeragarhi Outer Ring Road,DELHI_WEST,12,1,96,20.0,15.0,HEAVY
Delhi NCR,ITO Junction & Vikas Marg,DELHI_CENTRAL,8,2,215,18.0,11.2,SEVERE
Delhi NCR,Gurgaon Expressway (Sirhaul Border),DELHI_GURGAON,22,0,292,35.0,18.9,HEAVY
Delhi NCR,Gurgaon Expressway (Sirhaul Border),DELHI_GURGAON,0,6,195,35.0,22.5,MODERATE
Delhi NCR,Ashram Chowk & Mathura Road,DELHI_SOUTH,20,0,279,14.0,5.0,SEVERE
Delhi NCR,Peeragarhi Outer Ring Road,DELHI_WEST,8,5,256,20.0,11.6,SEVERE
Delhi NCR,Connaught Place Outer Circle,DELHI_CENTRAL,6,6,471,25.0,8.7,SEVERE
Delhi NCR,Ashram Chowk & Mathura Road,DELHI_SOUTH,3,3,501,14.0,5.0,SEVERE
Delhi NCR,ITO Junction & Vikas Marg,DELHI_CENTRAL,23,1,504,18.0,5.7,SEVERE
Delhi NCR,Ashram Chowk & Mathura Road,DELHI_SOUTH,23,3,464,14.0,5.0,SEVERE
Delhi NCR,Laxmi Nagar Vikas Marg,DELHI_EAST,11,4,288,16.0,5.0,SEVERE
Delhi NCR,Peeragarhi Outer Ring Road,DELHI_WEST,20,5,510,20.0,5.0,SEVERE
Delhi NCR,AIIMS Ring Road Flyover,DELHI_SOUTH,22,4,339,22.0,10.8,SEVERE
Delhi NCR,Laxmi Nagar Vikas Marg,DELHI_EAST,15,6,433,16.0,6.2,SEVERE
Delhi NCR,Connaught Place Outer Circle,DELHI_CENTRAL,6,6,196,25.0,16.0,HEAVY
Delhi NCR,DND Flyway (Delhi-Noida Link),DELHI_EAST,16,5,201,45.0,28.6,MODERATE
Delhi NCR,DND Flyway (Delhi-Noida Link),DELHI_EAST,0,0,125,45.0,32.3,LOW
Delhi NCR,Peeragarhi Outer Ring Road,DELHI_WEST,23,1,342,20.0,9.7,SEVERE
Delhi NCR,Connaught Place Outer Circle,DELHI_CENTRAL,14,0,453,25.0,9.2,SEVERE
Delhi NCR,ITO Junction & Vikas Marg,DELHI_CENTRAL,5,4,198,18.0,11.5,SEVERE
Delhi NCR,Peeragarhi Outer Ring Road,DELHI_WEST,21,6,275,20.0,5.2,SEVERE
Delhi NCR,Ashram Chowk & Mathura Road,DELHI_SOUTH,7,6,216,14.0,8.7,SEVERE
Delhi NCR,ITO Junction & Vikas Marg,DELHI_CENTRAL,5,0,290,18.0,9.8,SEVERE
Delhi NCR,Gurgaon Expressway (Sirhaul Border),DELHI_GURGAON,12,1,211,35.0,21.9,HEAVY
Delhi NCR,AIIMS Ring Road Flyover,DELHI_SOUTH,0,5,218,22.0,13.6,HEAVY
Delhi NCR,Laxmi Nagar Vikas Marg,DELHI_EAST,7,4,424,16.0,6.4,SEVERE
Delhi NCR,DND Flyway (Delhi-Noida Link),DELHI_EAST,16,4,172,45.0,30.0,MODERATE
Delhi NCR,ITO Junction & Vikas Marg,DELHI_CENTRAL,15,2,216,18.0,11.2,SEVERE
Delhi NCR,Laxmi Nagar Vikas Marg,DELHI_EAST,12,3,387,16.0,7.0,SEVERE
Delhi NCR,Peeragarhi Outer Ring Road,DELHI_WEST,10,1,288,20.0,5.1,SEVERE
Delhi NCR,Connaught Place Outer Circle,DELHI_CENTRAL,1,3,423,25.0,10.0,SEVERE
Delhi NCR,Gurgaon Expressway (Sirhaul Border),DELHI_GURGAON,6,2,214,35.0,21.8,HEAVY
Delhi NCR,AIIMS Ring Road Flyover,DELHI_SOUTH,22,6,87,22.0,16.7,HEAVY
Delhi NCR,ITO Junction & Vikas Marg,DELHI_CENTRAL,0,0,395,18.0,7.7,SEVERE
Delhi NCR,Ashram Chowk & Mathura Road,DELHI_SOUTH,9,6,495,14.0,5.0,SEVERE
Delhi NCR,Gurgaon Expressway (Sirhaul Border),DELHI_GURGAON,5,3,311,35.0,18.2,HEAVY
Delhi NCR,DND Flyway (Delhi-Noida Link),DELHI_EAST,0,4,355,45.0,21.3,HEAVY
Delhi NCR,ITO Junction & Vikas Marg,DELHI_CENTRAL,11,5,309,18.0,5.0,SEVERE
Delhi NCR,Gurgaon Expressway (Sirhaul Border),DELHI_GURGAON,18,1,442,35.0,6.3,SEVERE
Delhi NCR,DND Flyway (Delhi-Noida Link),DELHI_EAST,12,4,126,45.0,32.2,LOW
Delhi NCR,Ashram Chowk & Mathura Road,DELHI_SOUTH,6,1,459,14.0,5.1,SEVERE
Delhi NCR,Ashram Chowk & Mathura Road,DELHI_SOUTH,8,1,467,14.0,5.0,SEVERE
Delhi NCR,Peeragarhi Outer Ring Road,DELHI_WEST,4,2,279,20.0,11.1,SEVERE
Delhi NCR,AIIMS Ring Road Flyover,DELHI_SOUTH,12,2,151,22.0,15.2,HEAVY
Delhi NCR,Ashram Chowk & Mathura Road,DELHI_SOUTH,14,0,82,14.0,10.7,SEVERE
Delhi NCR,Gurgaon Expressway (Sirhaul Border),DELHI_GURGAON,22,3,202,35.0,22.2,MODERATE
Delhi NCR,DND Flyway (Delhi-Noida Link),DELHI_EAST,16,2,328,45.0,22.6,MODERATE
Delhi NCR,Gurgaon Expressway (Sirhaul Border),DELHI_GURGAON,4,2,476,35.0,12.0,HEAVY
Delhi NCR,Laxmi Nagar Vikas Marg,DELHI_EAST,0,3,444,16.0,6.1,SEVERE
Delhi NCR,Laxmi Nagar Vikas Marg,DELHI_EAST,7,4,105,16.0,11.8,SEVERE
Delhi NCR,Gurgaon Expressway (Sirhaul Border),DELHI_GURGAON,13,6,269,35.0,19.7,HEAVY
Delhi NCR,AIIMS Ring Road Flyover,DELHI_SOUTH,9,2,302,22.0,5.5,SEVERE
Delhi NCR,Ashram Chowk & Mathura Road,DELHI_SOUTH,18,1,412,14.0,5.0,SEVERE
Delhi NCR,Ashram Chowk & Mathura Road,DELHI_SOUTH,12,4,406,14.0,5.9,SEVERE
Delhi NCR,AIIMS Ring Road Flyover,DELHI_SOUTH,10,5,497,22.0,5.0,SEVERE
Delhi NCR,Gurgaon Expressway (Sirhaul Border),DELHI_GURGAON,0,0,160,35.0,23.8,MODERATE
Delhi NCR,Ashram Chowk & Mathura Road,DELHI_SOUTH,12,6,347,14.0,6.7,SEVERE
Delhi NCR,AIIMS Ring Road Flyover,DELHI_SOUTH,16,4,267,22.0,12.5,HEAVY
Delhi NCR,AIIMS Ring Road Flyover,DELHI_SOUTH,5,4,151,22.0,15.2,HEAVY
Delhi NCR,Laxmi Nagar Vikas Marg,DELHI_EAST,20,4,114,16.0,5.5,SEVERE
Delhi NCR,Connaught Place Outer Circle,DELHI_CENTRAL,3,2,359,25.0,11.7,SEVERE
Delhi NCR,Gurgaon Expressway (Sirhaul Border),DELHI_GURGAON,0,3,373,35.0,15.9,HEAVY
Delhi NCR,ITO Junction & Vikas Marg,DELHI_CENTRAL,5,6,165,18.0,12.1,HEAVY
Delhi NCR,Ashram Chowk & Mathura Road,DELHI_SOUTH,11,0,269,14.0,5.0,SEVERE
Delhi NCR,DND Flyway (Delhi-Noida Link),DELHI_EAST,7,0,279,45.0,24.9,MODERATE
Delhi NCR,Gurgaon Expressway (Sirhaul Border),DELHI_GURGAON,3,4,390,35.0,15.2,HEAVY
Delhi NCR,AIIMS Ring Road Flyover,DELHI_SOUTH,20,4,192,22.0,6.7,SEVERE
Delhi NCR,Peeragarhi Outer Ring Road,DELHI_WEST,18,4,171,20.0,6.3,SEVERE
Delhi NCR,Ashram Chowk & Mathura Road,DELHI_SOUTH,2,0,469,14.0,5.0,SEVERE
Delhi NCR,Gurgaon Expressway (Sirhaul Border),DELHI_GURGAON,23,2,135,35.0,24.7,MODERATE
Delhi NCR,Peeragarhi Outer Ring Road,DELHI_WEST,13,6,364,20.0,9.3,SEVERE
Delhi NCR,Ashram Chowk & Mathura Road,DELHI_SOUTH,1,5,178,14.0,9.3,SEVERE
Delhi NCR,Ashram Chowk & Mathura Road,DELHI_SOUTH,11,2,328,14.0,5.0,SEVERE
Delhi NCR,Gurgaon Expressway (Sirhaul Border),DELHI_GURGAON,8,3,92,35.0,26.3,MODERATE
Delhi NCR,AIIMS Ring Road Flyover,DELHI_SOUTH,21,6,134,22.0,7.3,SEVERE
Delhi NCR,AIIMS Ring Road Flyover,DELHI_SOUTH,21,3,486,22.0,5.0,SEVERE
Delhi NCR,Gurgaon Expressway (Sirhaul Border),DELHI_GURGAON,10,3,464,35.0,5.9,SEVERE
Delhi NCR,Peeragarhi Outer Ring Road,DELHI_WEST,16,4,334,20.0,9.9,SEVERE
Delhi NCR,ITO Junction & Vikas Marg,DELHI_CENTRAL,0,3,453,18.0,6.6,SEVERE
Delhi NCR,AIIMS Ring Road Flyover,DELHI_SOUTH,10,6,271,22.0,5.8,SEVERE
Delhi NCR,Laxmi Nagar Vikas Marg,DELHI_EAST,14,1,224,16.0,9.8,SEVERE
Delhi NCR,Ashram Chowk & Mathura Road,DELHI_SOUTH,14,6,485,14.0,5.0,SEVERE
Delhi NCR,Gurgaon Expressway (Sirhaul Border),DELHI_GURGAON,3,0,476,35.0,12.0,HEAVY
Delhi NCR,Gurgaon Expressway (Sirhaul Border),DELHI_GURGAON,18,1,287,35.0,9.0,SEVERE
Delhi NCR,AIIMS Ring Road Flyover,DELHI_SOUTH,4,3,435,22.0,8.5,SEVERE
Delhi NCR,Ashram Chowk & Mathura Road,DELHI_SOUTH,6,1,469,14.0,5.0,SEVERE
Delhi NCR,Laxmi Nagar Vikas Marg,DELHI_EAST,4,5,456,16.0,5.8,SEVERE
Delhi NCR,ITO Junction & Vikas Marg,DELHI_CENTRAL,13,0,471,18.0,6.3,SEVERE
Delhi NCR,Gurgaon Expressway (Sirhaul Border),DELHI_GURGAON,10,5,447,35.0,6.2,SEVERE
Delhi NCR,AIIMS Ring Road Flyover,DELHI_SOUTH,21,4,506,22.0,5.0,SEVERE
Delhi NCR,Connaught Place Outer Circle,DELHI_CENTRAL,4,6,485,25.0,8.4,SEVERE
Delhi NCR,Connaught Place Outer Circle,DELHI_CENTRAL,16,0,159,25.0,17.0,HEAVY
Delhi NCR,ITO Junction & Vikas Marg,DELHI_CENTRAL,4,2,385,18.0,7.9,SEVERE
Delhi NCR,Gurgaon Expressway (Sirhaul Border),DELHI_GURGAON,8,1,360,35.0,16.4,HEAVY
Delhi NCR,AIIMS Ring Road Flyover,DELHI_SOUTH,22,4,112,22.0,16.1,HEAVY
Delhi NCR,ITO Junction & Vikas Marg,DELHI_CENTRAL,12,0,490,18.0,5.9,SEVERE
Delhi NCR,AIIMS Ring Road Flyover,DELHI_SOUTH,20,3,147,22.0,7.2,SEVERE
Delhi NCR,AIIMS Ring Road Flyover,DELHI_SOUTH,0,6,252,22.0,12.8,HEAVY
Delhi NCR,Peeragarhi Outer Ring Road,DELHI_WEST,4,6,277,20.0,11.1,SEVERE
Delhi NCR,Laxmi Nagar Vikas Marg,DELHI_EAST,16,1,238,16.0,9.6,SEVERE
Delhi NCR,Ashram Chowk & Mathura Road,DELHI_SOUTH,18,3,137,14.0,5.0,SEVERE
Delhi NCR,ITO Junction & Vikas Marg,DELHI_CENTRAL,16,6,392,18.0,7.8,SEVERE
Delhi NCR,Connaught Place Outer Circle,DELHI_CENTRAL,8,1,160,25.0,17.0,HEAVY
Delhi NCR,AIIMS Ring Road Flyover,DELHI_SOUTH,18,6,289,22.0,5.6,SEVERE
Delhi NCR,Connaught Place Outer Circle,DELHI_CENTRAL,13,6,361,25.0,11.7,SEVERE
Delhi NCR,Connaught Place Outer Circle,DELHI_CENTRAL,15,4,310,25.0,13.0,HEAVY
Delhi NCR,Laxmi Nagar Vikas Marg,DELHI_EAST,8,0,91,16.0,12.1,HEAVY
Delhi NCR,Ashram Chowk & Mathura Road,DELHI_SOUTH,5,1,361,14.0,6.5,SEVERE
Delhi NCR,Connaught Place Outer Circle,DELHI_CENTRAL,19,4,387,25.0,5.2,SEVERE
Delhi NCR,DND Flyway (Delhi-Noida Link),DELHI_EAST,0,6,494,45.0,14.6,HEAVY
Delhi NCR,Peeragarhi Outer Ring Road,DELHI_WEST,11,1,404,20.0,5.0,SEVERE
Delhi NCR,Laxmi Nagar Vikas Marg,DELHI_EAST,19,6,507,16.0,5.0,SEVERE
Delhi NCR,DND Flyway (Delhi-Noida Link),DELHI_EAST,5,3,130,45.0,32.0,LOW
Delhi NCR,Connaught Place Outer Circle,DELHI_CENTRAL,4,6,220,25.0,15.4,HEAVY
Delhi NCR,DND Flyway (Delhi-Noida Link),DELHI_EAST,14,2,165,45.0,30.4,MODERATE
Delhi NCR,DND Flyway (Delhi-Noida Link),DELHI_EAST,15,5,363,45.0,20.9,HEAVY
Delhi NCR,Peeragarhi Outer Ring Road,DELHI_WEST,3,6,100,20.0,14.9,HEAVY
Delhi NCR,Peeragarhi Outer Ring Road,DELHI_WEST,10,1,300,20.0,5.0,SEVERE
Delhi NCR,ITO Junction & Vikas Marg,DELHI_CENTRAL,18,4,512,18.0,5.0,SEVERE
Delhi NCR,DND Flyway (Delhi-Noida Link),DELHI_EAST,22,6,158,45.0,30.7,MODERATE
Delhi NCR,Connaught Place Outer Circle,DELHI_CENTRAL,11,3,466,25.0,5.0,SEVERE
Delhi NCR,Ashram Chowk & Mathura Road,DELHI_SOUTH,23,1,253,14.0,8.1,SEVERE
Delhi NCR,Peeragarhi Outer Ring Road,DELHI_WEST,11,0,306,20.0,5.0,SEVERE
Delhi NCR,AIIMS Ring Road Flyover,DELHI_SOUTH,11,6,465,22.0,5.0,SEVERE
Delhi NCR,AIIMS Ring Road Flyover,DELHI_SOUTH,12,2,145,22.0,15.3,HEAVY
Delhi NCR,Connaught Place Outer Circle,DELHI_CENTRAL,23,5,502,25.0,7.9,SEVERE
Delhi NCR,Gurgaon Expressway (Sirhaul Border),DELHI_GURGAON,14,2,502,35.0,11.1,SEVERE
Delhi NCR,ITO Junction & Vikas Marg,DELHI_CENTRAL,12,3,508,18.0,5.6,SEVERE
Delhi NCR,Peeragarhi Outer Ring Road,DELHI_WEST,0,3,309,20.0,10.4,SEVERE
Delhi NCR,ITO Junction & Vikas Marg,DELHI_CENTRAL,16,5,218,18.0,11.1,SEVERE
Delhi NCR,Peeragarhi Outer Ring Road,DELHI_WEST,12,1,361,20.0,9.3,SEVERE
Delhi NCR,Peeragarhi Outer Ring Road,DELHI_WEST,0,6,217,20.0,12.4,HEAVY
Delhi NCR,Gurgaon Expressway (Sirhaul Border),DELHI_GURGAON,14,1,479,35.0,11.9,SEVERE
Delhi NCR,AIIMS Ring Road Flyover,DELHI_SOUTH,3,2,133,22.0,15.6,HEAVY
Delhi NCR,Peeragarhi Outer Ring Road,DELHI_WEST,20,5,408,20.0,5.0,SEVERE
Delhi NCR,Ashram Chowk & Mathura Road,DELHI_SOUTH,1,3,207,14.0,8.8,SEVERE
Delhi NCR,Peeragarhi Outer Ring Road,DELHI_WEST,5,4,113,20.0,14.6,HEAVY
Delhi NCR,Peeragarhi Outer Ring Road,DELHI_WEST,17,2,150,20.0,6.5,SEVERE
Delhi NCR,Peeragarhi Outer Ring Road,DELHI_WEST,3,5,363,20.0,9.3,SEVERE
Delhi NCR,DND Flyway (Delhi-Noida Link),DELHI_EAST,15,4,114,45.0,32.8,LOW
Delhi NCR,Laxmi Nagar Vikas Marg,DELHI_EAST,16,5,314,16.0,8.3,SEVERE
Delhi NCR,AIIMS Ring Road Flyover,DELHI_SOUTH,9,3,189,22.0,6.7,SEVERE
Delhi NCR,AIIMS Ring Road Flyover,DELHI_SOUTH,22,6,124,22.0,15.8,HEAVY
Delhi NCR,ITO Junction & Vikas Marg,DELHI_CENTRAL,12,3,171,18.0,12.0,HEAVY
Delhi NCR,AIIMS Ring Road Flyover,DELHI_SOUTH,14,0,162,22.0,14.9,HEAVY
Delhi NCR,Ashram Chowk & Mathura Road,DELHI_SOUTH,11,4,416,14.0,5.0,SEVERE
Delhi NCR,DND Flyway (Delhi-Noida Link),DELHI_EAST,3,4,279,45.0,24.9,MODERATE
Delhi NCR,Gurgaon Expressway (Sirhaul Border),DELHI_GURGAON,20,6,270,35.0,9.3,SEVERE
Delhi NCR,Gurgaon Expressway (Sirhaul Border),DELHI_GURGAON,8,2,305,35.0,18.4,HEAVY
Delhi NCR,Peeragarhi Outer Ring Road,DELHI_WEST,14,0,284,20.0,11.0,SEVERE
Delhi NCR,Laxmi Nagar Vikas Marg,DELHI_EAST,10,6,462,16.0,5.0,SEVERE
Delhi NCR,Gurgaon Expressway (Sirhaul Border),DELHI_GURGAON,11,3,479,35.0,5.6,SEVERE
Delhi NCR,Connaught Place Outer Circle,DELHI_CENTRAL,3,5,492,25.0,8.2,SEVERE
Delhi NCR,ITO Junction & Vikas Marg,DELHI_CENTRAL,16,1,321,18.0,9.2,SEVERE
Delhi NCR,Peeragarhi Outer Ring Road,DELHI_WEST,12,6,271,20.0,11.2,SEVERE
Delhi NCR,Laxmi Nagar Vikas Marg,DELHI_EAST,15,6,125,16.0,11.5,SEVERE
Delhi NCR,AIIMS Ring Road Flyover,DELHI_SOUTH,2,6,213,22.0,13.7,HEAVY
Delhi NCR,Peeragarhi Outer Ring Road,DELHI_WEST,9,4,446,20.0,5.0,SEVERE
Delhi NCR,DND Flyway (Delhi-Noida Link),DELHI_EAST,14,1,443,45.0,17.1,HEAVY
Delhi NCR,AIIMS Ring Road Flyover,DELHI_SOUTH,19,2,211,22.0,6.5,SEVERE
Delhi NCR,ITO Junction & Vikas Marg,DELHI_CENTRAL,8,0,110,18.0,13.2,HEAVY
Delhi NCR,Gurgaon Expressway (Sirhaul Border),DELHI_GURGAON,9,5,316,35.0,8.5,SEVERE
Delhi NCR,ITO Junction & Vikas Marg,DELHI_CENTRAL,19,4,157,18.0,5.8,SEVERE
Delhi NCR,Ashram Chowk & Mathura Road,DELHI_SOUTH,18,4,133,14.0,5.0,SEVERE
Delhi NCR,Laxmi Nagar Vikas Marg,DELHI_EAST,9,3,153,16.0,5.2,SEVERE
Delhi NCR,Ashram Chowk & Mathura Road,DELHI_SOUTH,12,6,296,14.0,7.5,SEVERE
Delhi NCR,Ashram Chowk & Mathura Road,DELHI_SOUTH,12,4,369,14.0,6.4,SEVERE
Delhi NCR,DND Flyway (Delhi-Noida Link),DELHI_EAST,22,0,223,45.0,27.6,MODERATE
Delhi NCR,AIIMS Ring Road Flyover,DELHI_SOUTH,0,3,310,22.0,11.5,SEVERE
Delhi NCR,Connaught Place Outer Circle,DELHI_CENTRAL,6,5,479,25.0,8.5,SEVERE
Delhi NCR,Connaught Place Outer Circle,DELHI_CENTRAL,14,3,274,25.0,14.0,HEAVY
Delhi NCR,AIIMS Ring Road Flyover,DELHI_SOUTH,2,1,483,22.0,7.4,SEVERE
Delhi NCR,Ashram Chowk & Mathura Road,DELHI_SOUTH,12,2,391,14.0,6.1,SEVERE
Delhi NCR,Ashram Chowk & Mathura Road,DELHI_SOUTH,15,0,178,14.0,9.3,SEVERE
Delhi NCR,Laxmi Nagar Vikas Marg,DELHI_EAST,14,2,97,16.0,12.0,HEAVY
Delhi NCR,Peeragarhi Outer Ring Road,DELHI_WEST,2,3,248,20.0,11.7,SEVERE
Delhi NCR,AIIMS Ring Road Flyover,DELHI_SOUTH,16,5,253,22.0,12.8,HEAVY
Delhi NCR,ITO Junction & Vikas Marg,DELHI_CENTRAL,8,6,285,18.0,9.8,SEVERE
Delhi NCR,AIIMS Ring Road Flyover,DELHI_SOUTH,13,5,336,22.0,10.8,SEVERE
Delhi NCR,Peeragarhi Outer Ring Road,DELHI_WEST,14,1,427,20.0,7.9,SEVERE
Delhi NCR,Connaught Place Outer Circle,DELHI_CENTRAL,3,1,102,25.0,18.5,HEAVY
Delhi NCR,Connaught Place Outer Circle,DELHI_CENTRAL,19,4,433,25.0,5.0,SEVERE
Delhi NCR,Ashram Chowk & Mathura Road,DELHI_SOUTH,13,3,519,14.0,5.0,SEVERE
Delhi NCR,Ashram Chowk & Mathura Road,DELHI_SOUTH,1,5,175,14.0,9.3,SEVERE
Delhi NCR,Connaught Place Outer Circle,DELHI_CENTRAL,0,2,343,25.0,12.1,HEAVY
Delhi NCR,Peeragarhi Outer Ring Road,DELHI_WEST,23,5,107,20.0,14.7,HEAVY
Delhi NCR,Laxmi Nagar Vikas Marg,DELHI_EAST,15,3,165,16.0,10.8,SEVERE
Delhi NCR,ITO Junction & Vikas Marg,DELHI_CENTRAL,9,3,389,18.0,5.0,SEVERE
Delhi NCR,ITO Junction & Vikas Marg,DELHI_CENTRAL,0,1,108,18.0,13.2,HEAVY
Delhi NCR,Peeragarhi Outer Ring Road,DELHI_WEST,16,0,421,20.0,8.1,SEVERE
Delhi NCR,AIIMS Ring Road Flyover,DELHI_SOUTH,8,4,310,22.0,11.5,SEVERE
Delhi NCR,DND Flyway (Delhi-Noida Link),DELHI_EAST,2,6,96,45.0,33.7,LOW
Delhi NCR,Connaught Place Outer Circle,DELHI_CENTRAL,0,3,113,25.0,18.2,HEAVY
Delhi NCR,DND Flyway (Delhi-Noida Link),DELHI_EAST,21,5,106,45.0,15.6,HEAVY
Delhi NCR,Laxmi Nagar Vikas Marg,DELHI_EAST,17,2,329,16.0,5.0,SEVERE
Delhi NCR,Gurgaon Expressway (Sirhaul Border),DELHI_GURGAON,11,5,164,35.0,11.1,SEVERE
Delhi NCR,AIIMS Ring Road Flyover,DELHI_SOUTH,1,6,226,22.0,13.4,HEAVY
Delhi NCR,DND Flyway (Delhi-Noida Link),DELHI_EAST,4,2,130,45.0,32.0,LOW
Delhi NCR,AIIMS Ring Road Flyover,DELHI_SOUTH,5,2,243,22.0,13.0,HEAVY
Delhi NCR,Gurgaon Expressway (Sirhaul Border),DELHI_GURGAON,21,5,222,35.0,10.1,SEVERE
Delhi NCR,ITO Junction & Vikas Marg,DELHI_CENTRAL,18,4,276,18.0,5.0,SEVERE
Delhi NCR,AIIMS Ring Road Flyover,DELHI_SOUTH,8,4,489,22.0,7.3,SEVERE
Delhi NCR,Laxmi Nagar Vikas Marg,DELHI_EAST,16,6,203,16.0,10.1,SEVERE
Delhi NCR,DND Flyway (Delhi-Noida Link),DELHI_EAST,12,1,239,45.0,26.8,MODERATE
Delhi NCR,DND Flyway (Delhi-Noida Link),DELHI_EAST,7,1,483,45.0,15.2,HEAVY
Delhi NCR,Gurgaon Expressway (Sirhaul Border),DELHI_GURGAON,6,5,269,35.0,19.7,HEAVY
Delhi NCR,Peeragarhi Outer Ring Road,DELHI_WEST,0,3,180,20.0,13.2,HEAVY
Delhi NCR,AIIMS Ring Road Flyover,DELHI_SOUTH,1,6,308,22.0,11.5,SEVERE
Delhi NCR,Laxmi Nagar Vikas Marg,DELHI_EAST,16,5,183,16.0,10.5,SEVERE
Delhi NCR,Ashram Chowk & Mathura Road,DELHI_SOUTH,19,3,236,14.0,5.0,SEVERE
Delhi NCR,AIIMS Ring Road Flyover,DELHI_SOUTH,14,4,196,22.0,14.1,HEAVY
Delhi NCR,Laxmi Nagar Vikas Marg,DELHI_EAST,4,5,111,16.0,11.7,SEVERE
Delhi NCR,Peeragarhi Outer Ring Road,DELHI_WEST,13,1,263,20.0,11.4,SEVERE
Delhi NCR,DND Flyway (Delhi-Noida Link),DELHI_EAST,2,3,384,45.0,19.9,HEAVY
Delhi NCR,Ashram Chowk & Mathura Road,DELHI_SOUTH,9,4,474,14.0,5.0,SEVERE
Delhi NCR,Connaught Place Outer Circle,DELHI_CENTRAL,8,4,346,25.0,12.1,HEAVY
Delhi NCR,ITO Junction & Vikas Marg,DELHI_CENTRAL,16,6,503,18.0,5.7,SEVERE
Delhi NCR,DND Flyway (Delhi-Noida Link),DELHI_EAST,9,3,196,45.0,13.6,HEAVY
Delhi NCR,DND Flyway (Delhi-Noida Link),DELHI_EAST,17,6,255,45.0,12.3,HEAVY
Delhi NCR,Connaught Place Outer Circle,DELHI_CENTRAL,5,4,518,25.0,7.5,SEVERE
Delhi NCR,ITO Junction & Vikas Marg,DELHI_CENTRAL,6,0,179,18.0,11.9,SEVERE
Delhi NCR,AIIMS Ring Road Flyover,DELHI_SOUTH,23,0,375,22.0,9.9,SEVERE
Delhi NCR,Connaught Place Outer Circle,DELHI_CENTRAL,22,4,340,25.0,12.2,HEAVY
Delhi NCR,AIIMS Ring Road Flyover,DELHI_SOUTH,10,6,214,22.0,6.4,SEVERE
Delhi NCR,Gurgaon Expressway (Sirhaul Border),DELHI_GURGAON,20,1,361,35.0,7.7,SEVERE
Delhi NCR,Laxmi Nagar Vikas Marg,DELHI_EAST,3,3,385,16.0,7.1,SEVERE
Delhi NCR,Laxmi Nagar Vikas Marg,DELHI_EAST,14,1,314,16.0,8.3,SEVERE
Delhi NCR,Peeragarhi Outer Ring Road,DELHI_WEST,21,3,452,20.0,5.0,SEVERE
Delhi NCR,ITO Junction & Vikas Marg,DELHI_CENTRAL,2,6,198,18.0,11.5,SEVERE
Delhi NCR,Connaught Place Outer Circle,DELHI_CENTRAL,10,4,509,25.0,5.0,SEVERE
Delhi NCR,Gurgaon Expressway (Sirhaul Border),DELHI_GURGAON,4,4,288,35.0,19.0,HEAVY
Delhi NCR,Ashram Chowk & Mathura Road,DELHI_SOUTH,15,3,312,14.0,7.3,SEVERE
Delhi NCR,Connaught Place Outer Circle,DELHI_CENTRAL,0,2,406,25.0,10.5,SEVERE
Delhi NCR,ITO Junction & Vikas Marg,DELHI_CENTRAL,18,1,468,18.0,5.0,SEVERE
Delhi NCR,Gurgaon Expressway (Sirhaul Border),DELHI_GURGAON,20,1,485,35.0,5.5,SEVERE
Delhi NCR,Peeragarhi Outer Ring Road,DELHI_WEST,9,3,295,20.0,5.0,SEVERE
Delhi NCR,DND Flyway (Delhi-Noida Link),DELHI_EAST,5,1,111,45.0,32.9,LOW
Delhi NCR,ITO Junction & Vikas Marg,DELHI_CENTRAL,21,5,279,18.0,5.0,SEVERE
Delhi NCR,Connaught Place Outer Circle,DELHI_CENTRAL,15,6,396,25.0,10.7,SEVERE
Delhi NCR,Peeragarhi Outer Ring Road,DELHI_WEST,9,3,366,20.0,5.0,SEVERE
Delhi NCR,Gurgaon Expressway (Sirhaul Border),DELHI_GURGAON,9,3,185,35.0,10.8,SEVERE
Delhi NCR,Laxmi Nagar Vikas Marg,DELHI_EAST,18,4,352,16.0,5.0,SEVERE
Delhi NCR,DND Flyway (Delhi-Noida Link),DELHI_EAST,10,5,353,45.0,10.1,SEVERE
Delhi NCR,DND Flyway (Delhi-Noida Link),DELHI_EAST,12,2,482,45.0,15.2,HEAVY
Delhi NCR,Gurgaon Expressway (Sirhaul Border),DELHI_GURGAON,22,0,384,35.0,15.5,HEAVY
Delhi NCR,DND Flyway (Delhi-Noida Link),DELHI_EAST,17,2,344,45.0,10.3,SEVERE
Delhi NCR,Connaught Place Outer Circle,DELHI_CENTRAL,1,3,452,25.0,9.2,SEVERE
Delhi NCR,Peeragarhi Outer Ring Road,DELHI_WEST,4,0,354,20.0,9.5,SEVERE
Delhi NCR,Ashram Chowk & Mathura Road,DELHI_SOUTH,16,6,477,14.0,5.0,SEVERE
Delhi NCR,Gurgaon Expressway (Sirhaul Border),DELHI_GURGAON,9,0,470,35.0,5.8,SEVERE
Delhi NCR,Ashram Chowk & Mathura Road,DELHI_SOUTH,16,4,190,14.0,9.1,SEVERE
Delhi NCR,Connaught Place Outer Circle,DELHI_CENTRAL,5,2,298,25.0,13.3,HEAVY
Delhi NCR,Peeragarhi Outer Ring Road,DELHI_WEST,8,3,419,20.0,8.1,SEVERE
Delhi NCR,Peeragarhi Outer Ring Road,DELHI_WEST,8,4,387,20.0,8.8,SEVERE
Delhi NCR,Laxmi Nagar Vikas Marg,DELHI_EAST,17,5,272,16.0,5.0,SEVERE
Delhi NCR,Peeragarhi Outer Ring Road,DELHI_WEST,2,4,295,20.0,10.7,SEVERE
Delhi NCR,ITO Junction & Vikas Marg,DELHI_CENTRAL,11,4,151,18.0,5.8,SEVERE
Delhi NCR,Ashram Chowk & Mathura Road,DELHI_SOUTH,22,5,271,14.0,7.9,SEVERE
Delhi NCR,ITO Junction & Vikas Marg,DELHI_CENTRAL,5,3,338,18.0,8.8,SEVERE
Delhi NCR,AIIMS Ring Road Flyover,DELHI_SOUTH,18,2,470,22.0,5.0,SEVERE
Delhi NCR,ITO Junction & Vikas Marg,DELHI_CENTRAL,17,0,257,18.0,5.0,SEVERE
Delhi NCR,DND Flyway (Delhi-Noida Link),DELHI_EAST,9,6,383,45.0,9.4,SEVERE
Delhi NCR,Peeragarhi Outer Ring Road,DELHI_WEST,9,2,345,20.0,5.0,SEVERE
Delhi NCR,Gurgaon Expressway (Sirhaul Border),DELHI_GURGAON,15,4,313,35.0,18.1,HEAVY
Delhi NCR,Gurgaon Expressway (Sirhaul Border),DELHI_GURGAON,5,5,428,35.0,13.8,HEAVY
Delhi NCR,Laxmi Nagar Vikas Marg,DELHI_EAST,0,1,154,16.0,11.0,SEVERE
Delhi NCR,DND Flyway (Delhi-Noida Link),DELHI_EAST,14,4,325,45.0,22.7,MODERATE
Delhi NCR,AIIMS Ring Road Flyover,DELHI_SOUTH,0,5,105,22.0,16.2,HEAVY
Delhi NCR,AIIMS Ring Road Flyover,DELHI_SOUTH,4,3,367,22.0,10.1,SEVERE
Delhi NCR,DND Flyway (Delhi-Noida Link),DELHI_EAST,15,0,315,45.0,23.2,MODERATE
Delhi NCR,Laxmi Nagar Vikas Marg,DELHI_EAST,21,5,168,16.0,5.1,SEVERE
Delhi NCR,Ashram Chowk & Mathura Road,DELHI_SOUTH,21,5,393,14.0,5.0,SEVERE
Delhi NCR,Peeragarhi Outer Ring Road,DELHI_WEST,22,2,82,20.0,15.3,HEAVY
Delhi NCR,AIIMS Ring Road Flyover,DELHI_SOUTH,18,1,314,22.0,5.3,SEVERE
Delhi NCR,ITO Junction & Vikas Marg,DELHI_CENTRAL,23,6,155,18.0,12.3,HEAVY
Delhi NCR,ITO Junction & Vikas Marg,DELHI_CENTRAL,13,1,163,18.0,12.2,HEAVY
Delhi NCR,AIIMS Ring Road Flyover,DELHI_SOUTH,14,1,346,22.0,10.6,SEVERE
Delhi NCR,ITO Junction & Vikas Marg,DELHI_CENTRAL,1,2,172,18.0,12.0,HEAVY
Delhi NCR,DND Flyway (Delhi-Noida Link),DELHI_EAST,19,6,230,45.0,12.8,HEAVY
Delhi NCR,DND Flyway (Delhi-Noida Link),DELHI_EAST,20,2,139,45.0,14.9,HEAVY
Delhi NCR,AIIMS Ring Road Flyover,DELHI_SOUTH,11,6,384,22.0,5.0,SEVERE
Delhi NCR,ITO Junction & Vikas Marg,DELHI_CENTRAL,7,5,279,18.0,10.0,SEVERE
Delhi NCR,AIIMS Ring Road Flyover,DELHI_SOUTH,17,6,391,22.0,5.0,SEVERE
Delhi NCR,Connaught Place Outer Circle,DELHI_CENTRAL,5,6,312,25.0,13.0,HEAVY
Delhi NCR,Gurgaon Expressway (Sirhaul Border),DELHI_GURGAON,11,1,519,35.0,5.0,SEVERE
Delhi NCR,Gurgaon Expressway (Sirhaul Border),DELHI_GURGAON,10,3,217,35.0,10.2,SEVERE
Delhi NCR,AIIMS Ring Road Flyover,DELHI_SOUTH,2,0,331,22.0,11.0,SEVERE
Delhi NCR,DND Flyway (Delhi-Noida Link),DELHI_EAST,9,2,239,45.0,12.6,HEAVY
Delhi NCR,AIIMS Ring Road Flyover,DELHI_SOUTH,14,3,392,22.0,9.5,SEVERE
Delhi NCR,AIIMS Ring Road Flyover,DELHI_SOUTH,4,5,227,22.0,13.4,HEAVY
Delhi NCR,ITO Junction & Vikas Marg,DELHI_CENTRAL,7,5,448,18.0,6.7,SEVERE
Delhi NCR,Peeragarhi Outer Ring Road,DELHI_WEST,9,0,127,20.0,6.7,SEVERE
Delhi NCR,Laxmi Nagar Vikas Marg,DELHI_EAST,9,6,498,16.0,5.0,SEVERE
Delhi NCR,AIIMS Ring Road Flyover,DELHI_SOUTH,19,6,240,22.0,6.2,SEVERE
Delhi NCR,Peeragarhi Outer Ring Road,DELHI_WEST,6,6,480,20.0,6.8,SEVERE
Delhi NCR,DND Flyway (Delhi-Noida Link),DELHI_EAST,3,1,369,45.0,20.6,HEAVY
Delhi NCR,Ashram Chowk & Mathura Road,DELHI_SOUTH,10,0,514,14.0,5.0,SEVERE
Delhi NCR,Connaught Place Outer Circle,DELHI_CENTRAL,16,5,204,25.0,15.8,HEAVY
Delhi NCR,Connaught Place Outer Circle,DELHI_CENTRAL,19,6,174,25.0,7.8,SEVERE
Delhi NCR,ITO Junction & Vikas Marg,DELHI_CENTRAL,10,1,321,18.0,5.0,SEVERE
Delhi NCR,Gurgaon Expressway (Sirhaul Border),DELHI_GURGAON,3,0,257,35.0,20.2,HEAVY
Delhi NCR,Connaught Place Outer Circle,DELHI_CENTRAL,23,2,397,25.0,10.7,SEVERE
Delhi NCR,Ashram Chowk & Mathura Road,DELHI_SOUTH,1,2,174,14.0,9.3,SEVERE
Delhi NCR,Connaught Place Outer Circle,DELHI_CENTRAL,19,5,165,25.0,7.9,SEVERE
Delhi NCR,Gurgaon Expressway (Sirhaul Border),DELHI_GURGAON,16,4,175,35.0,23.2,MODERATE
Delhi NCR,AIIMS Ring Road Flyover,DELHI_SOUTH,23,1,229,22.0,13.3,HEAVY
Delhi NCR,Connaught Place Outer Circle,DELHI_CENTRAL,18,6,234,25.0,7.1,SEVERE
Delhi NCR,Gurgaon Expressway (Sirhaul Border),DELHI_GURGAON,5,1,147,35.0,24.3,MODERATE
Delhi NCR,DND Flyway (Delhi-Noida Link),DELHI_EAST,22,2,113,45.0,32.8,LOW
Delhi NCR,ITO Junction & Vikas Marg,DELHI_CENTRAL,15,3,272,18.0,10.1,SEVERE
Delhi NCR,Gurgaon Expressway (Sirhaul Border),DELHI_GURGAON,7,5,426,35.0,13.9,HEAVY
Delhi NCR,DND Flyway (Delhi-Noida Link),DELHI_EAST,11,1,472,45.0,7.4,SEVERE
Delhi NCR,Peeragarhi Outer Ring Road,DELHI_WEST,11,6,504,20.0,5.0,SEVERE
Delhi NCR,Ashram Chowk & Mathura Road,DELHI_SOUTH,7,4,149,14.0,9.7,SEVERE
Delhi NCR,Connaught Place Outer Circle,DELHI_CENTRAL,13,6,305,25.0,13.1,HEAVY
Delhi NCR,Peeragarhi Outer Ring Road,DELHI_WEST,13,5,204,20.0,12.7,HEAVY
Delhi NCR,DND Flyway (Delhi-Noida Link),DELHI_EAST,4,1,435,45.0,17.5,HEAVY
Delhi NCR,DND Flyway (Delhi-Noida Link),DELHI_EAST,15,1,107,45.0,33.1,LOW
Delhi NCR,Laxmi Nagar Vikas Marg,DELHI_EAST,12,6,250,16.0,9.3,SEVERE
Delhi NCR,ITO Junction & Vikas Marg,DELHI_CENTRAL,18,1,182,18.0,5.6,SEVERE
Delhi NCR,ITO Junction & Vikas Marg,DELHI_CENTRAL,11,1,380,18.0,5.0,SEVERE
Delhi NCR,Connaught Place Outer Circle,DELHI_CENTRAL,18,1,460,25.0,5.0,SEVERE
Delhi NCR,AIIMS Ring Road Flyover,DELHI_SOUTH,23,6,393,22.0,9.5,SEVERE
Delhi NCR,Peeragarhi Outer Ring Road,DELHI_WEST,2,1,121,20.0,14.4,HEAVY
Delhi NCR,Ashram Chowk & Mathura Road,DELHI_SOUTH,13,5,105,14.0,10.3,SEVERE
Delhi NCR,Ashram Chowk & Mathura Road,DELHI_SOUTH,0,2,468,14.0,5.0,SEVERE
Delhi NCR,Ashram Chowk & Mathura Road,DELHI_SOUTH,17,4,373,14.0,5.0,SEVERE
Delhi NCR,Laxmi Nagar Vikas Marg,DELHI_EAST,1,5,133,16.0,11.3,SEVERE
Delhi NCR,Peeragarhi Outer Ring Road,DELHI_WEST,10,6,117,20.0,6.8,SEVERE
Delhi NCR,Gurgaon Expressway (Sirhaul Border),DELHI_GURGAON,1,0,164,35.0,23.7,MODERATE
Delhi NCR,Gurgaon Expressway (Sirhaul Border),DELHI_GURGAON,9,4,227,35.0,10.0,SEVERE
Delhi NCR,Gurgaon Expressway (Sirhaul Border),DELHI_GURGAON,19,3,262,35.0,9.4,SEVERE
Delhi NCR,Connaught Place Outer Circle,DELHI_CENTRAL,0,3,281,25.0,13.8,HEAVY
Delhi NCR,DND Flyway (Delhi-Noida Link),DELHI_EAST,2,0,250,45.0,26.3,MODERATE
Delhi NCR,Laxmi Nagar Vikas Marg,DELHI_EAST,12,5,386,16.0,7.0,SEVERE
Delhi NCR,Laxmi Nagar Vikas Marg,DELHI_EAST,6,1,216,16.0,9.9,SEVERE
Delhi NCR,Connaught Place Outer Circle,DELHI_CENTRAL,3,6,313,25.0,12.9,HEAVY
Delhi NCR,DND Flyway (Delhi-Noida Link),DELHI_EAST,17,2,178,45.0,14.0,HEAVY
Delhi NCR,Connaught Place Outer Circle,DELHI_CENTRAL,14,2,228,25.0,15.2,HEAVY
Delhi NCR,ITO Junction & Vikas Marg,DELHI_CENTRAL,15,4,173,18.0,12.0,HEAVY
Delhi NCR,Peeragarhi Outer Ring Road,DELHI_WEST,14,1,309,20.0,10.4,SEVERE
Delhi NCR,Laxmi Nagar Vikas Marg,DELHI_EAST,18,0,262,16.0,5.0,SEVERE
Delhi NCR,Ashram Chowk & Mathura Road,DELHI_SOUTH,14,2,162,14.0,9.5,SEVERE
Delhi NCR,Connaught Place Outer Circle,DELHI_CENTRAL,9,4,157,25.0,8.0,SEVERE
Delhi NCR,Ashram Chowk & Mathura Road,DELHI_SOUTH,15,6,509,14.0,5.0,SEVERE
Delhi NCR,Ashram Chowk & Mathura Road,DELHI_SOUTH,2,1,85,14.0,10.6,SEVERE
Delhi NCR,Gurgaon Expressway (Sirhaul Border),DELHI_GURGAON,11,1,265,35.0,9.4,SEVERE
Delhi NCR,Peeragarhi Outer Ring Road,DELHI_WEST,23,3,116,20.0,14.5,HEAVY
Delhi NCR,Ashram Chowk & Mathura Road,DELHI_SOUTH,17,3,276,14.0,5.0,SEVERE
Delhi NCR,Connaught Place Outer Circle,DELHI_CENTRAL,20,5,163,25.0,8.0,SEVERE
Delhi NCR,Laxmi Nagar Vikas Marg,DELHI_EAST,13,4,338,16.0,7.9,SEVERE
Delhi NCR,Gurgaon Expressway (Sirhaul Border),DELHI_GURGAON,3,2,318,35.0,17.9,HEAVY
Delhi NCR,Peeragarhi Outer Ring Road,DELHI_WEST,23,6,187,20.0,13.0,HEAVY
Delhi NCR,AIIMS Ring Road Flyover,DELHI_SOUTH,0,0,439,22.0,8.4,SEVERE
Delhi NCR,AIIMS Ring Road Flyover,DELHI_SOUTH,1,4,502,22.0,7.0,SEVERE
Delhi NCR,Laxmi Nagar Vikas Marg,DELHI_EAST,1,3,253,16.0,9.3,SEVERE
Delhi NCR,Laxmi Nagar Vikas Marg,DELHI_EAST,10,0,351,16.0,5.0,SEVERE
Delhi NCR,ITO Junction & Vikas Marg,DELHI_CENTRAL,13,2,89,18.0,13.6,HEAVY
Delhi NCR,Laxmi Nagar Vikas Marg,DELHI_EAST,13,0,229,16.0,9.7,SEVERE
Delhi NCR,Peeragarhi Outer Ring Road,DELHI_WEST,21,5,311,20.0,5.0,SEVERE
Delhi NCR,Peeragarhi Outer Ring Road,DELHI_WEST,4,0,508,20.0,6.2,SEVERE
Delhi NCR,AIIMS Ring Road Flyover,DELHI_SOUTH,10,3,497,22.0,5.0,SEVERE
Delhi NCR,DND Flyway (Delhi-Noida Link),DELHI_EAST,0,2,177,45.0,29.8,MODERATE
Delhi NCR,Connaught Place Outer Circle,DELHI_CENTRAL,2,3,319,25.0,12.8,HEAVY
Delhi NCR,AIIMS Ring Road Flyover,DELHI_SOUTH,10,1,147,22.0,7.2,SEVERE
Delhi NCR,DND Flyway (Delhi-Noida Link),DELHI_EAST,16,2,149,45.0,31.1,MODERATE
Delhi NCR,Connaught Place Outer Circle,DELHI_CENTRAL,6,5,373,25.0,11.3,SEVERE
Delhi NCR,Ashram Chowk & Mathura Road,DELHI_SOUTH,3,1,460,14.0,5.1,SEVERE
Delhi NCR,Peeragarhi Outer Ring Road,DELHI_WEST,23,5,376,20.0,9.0,SEVERE
Delhi NCR,Ashram Chowk & Mathura Road,DELHI_SOUTH,6,2,369,14.0,6.4,SEVERE
Delhi NCR,AIIMS Ring Road Flyover,DELHI_SOUTH,20,2,114,22.0,7.5,SEVERE
Delhi NCR,DND Flyway (Delhi-Noida Link),DELHI_EAST,12,3,276,45.0,25.1,MODERATE
Delhi NCR,Connaught Place Outer Circle,DELHI_CENTRAL,19,5,116,25.0,8.6,SEVERE
Delhi NCR,AIIMS Ring Road Flyover,DELHI_SOUTH,5,1,337,22.0,10.8,SEVERE
Delhi NCR,AIIMS Ring Road Flyover,DELHI_SOUTH,3,5,486,22.0,7.3,SEVERE
Delhi NCR,Ashram Chowk & Mathura Road,DELHI_SOUTH,20,0,309,14.0,5.0,SEVERE
Delhi NCR,Ashram Chowk & Mathura Road,DELHI_SOUTH,1,6,96,14.0,10.5,SEVERE
Delhi NCR,Peeragarhi Outer Ring Road,DELHI_WEST,22,2,106,20.0,14.7,HEAVY
Delhi NCR,ITO Junction & Vikas Marg,DELHI_CENTRAL,14,4,318,18.0,9.2,SEVERE
Delhi NCR,Connaught Place Outer Circle,DELHI_CENTRAL,11,3,380,25.0,5.2,SEVERE
Delhi NCR,Ashram Chowk & Mathura Road,DELHI_SOUTH,2,3,131,14.0,10.0,SEVERE
Delhi NCR,DND Flyway (Delhi-Noida Link),DELHI_EAST,6,5,291,45.0,24.3,MODERATE
Delhi NCR,Connaught Place Outer Circle,DELHI_CENTRAL,4,2,376,25.0,11.3,SEVERE
Delhi NCR,Peeragarhi Outer Ring Road,DELHI_WEST,22,3,403,20.0,8.4,SEVERE
Delhi NCR,ITO Junction & Vikas Marg,DELHI_CENTRAL,2,5,395,18.0,7.7,SEVERE
Delhi NCR,Laxmi Nagar Vikas Marg,DELHI_EAST,21,3,506,16.0,5.0,SEVERE
Delhi NCR,Connaught Place Outer Circle,DELHI_CENTRAL,22,2,462,25.0,9.0,SEVERE
Delhi NCR,ITO Junction & Vikas Marg,DELHI_CENTRAL,3,4,347,18.0,8.7,SEVERE
Delhi NCR,Ashram Chowk & Mathura Road,DELHI_SOUTH,8,2,503,14.0,5.0,SEVERE
Delhi NCR,Ashram Chowk & Mathura Road,DELHI_SOUTH,5,0,335,14.0,6.9,SEVERE
Delhi NCR,Gurgaon Expressway (Sirhaul Border),DELHI_GURGAON,13,5,454,35.0,12.9,HEAVY
Delhi NCR,Gurgaon Expressway (Sirhaul Border),DELHI_GURGAON,10,3,428,35.0,6.5,SEVERE
Delhi NCR,DND Flyway (Delhi-Noida Link),DELHI_EAST,0,6,284,45.0,24.7,MODERATE
Delhi NCR,Ashram Chowk & Mathura Road,DELHI_SOUTH,21,2,514,14.0,5.0,SEVERE
Delhi NCR,ITO Junction & Vikas Marg,DELHI_CENTRAL,3,6,384,18.0,8.0,SEVERE
Delhi NCR,Connaught Place Outer Circle,DELHI_CENTRAL,18,6,295,25.0,6.3,SEVERE
Delhi NCR,Gurgaon Expressway (Sirhaul Border),DELHI_GURGAON,0,4,399,35.0,14.9,HEAVY
Delhi NCR,ITO Junction & Vikas Marg,DELHI_CENTRAL,1,4,102,18.0,13.3,HEAVY
Delhi NCR,Peeragarhi Outer Ring Road,DELHI_WEST,5,4,376,20.0,9.0,SEVERE
Delhi NCR,Peeragarhi Outer Ring Road,DELHI_WEST,23,0,135,20.0,14.1,HEAVY
Delhi NCR,Connaught Place Outer Circle,DELHI_CENTRAL,23,3,380,25.0,11.2,SEVERE
Delhi NCR,DND Flyway (Delhi-Noida Link),DELHI_EAST,9,3,498,45.0,6.8,SEVERE
Delhi NCR,Laxmi Nagar Vikas Marg,DELHI_EAST,20,5,372,16.0,5.0,SEVERE
Delhi NCR,DND Flyway (Delhi-Noida Link),DELHI_EAST,8,2,184,45.0,29.5,MODERATE
Delhi NCR,Laxmi Nagar Vikas Marg,DELHI_EAST,7,4,510,16.0,5.0,SEVERE
Delhi NCR,Laxmi Nagar Vikas Marg,DELHI_EAST,7,2,88,16.0,12.1,HEAVY
Delhi NCR,Laxmi Nagar Vikas Marg,DELHI_EAST,14,3,407,16.0,6.7,SEVERE
Delhi NCR,Laxmi Nagar Vikas Marg,DELHI_EAST,2,4,376,16.0,7.2,SEVERE
Delhi NCR,AIIMS Ring Road Flyover,DELHI_SOUTH,15,3,286,22.0,12.0,HEAVY
Delhi NCR,Ashram Chowk & Mathura Road,DELHI_SOUTH,4,4,510,14.0,5.0,SEVERE
Delhi NCR,Peeragarhi Outer Ring Road,DELHI_WEST,17,0,166,20.0,6.3,SEVERE
Delhi NCR,ITO Junction & Vikas Marg,DELHI_CENTRAL,14,2,246,18.0,10.6,SEVERE
Delhi NCR,DND Flyway (Delhi-Noida Link),DELHI_EAST,21,5,249,45.0,12.4,HEAVY
Delhi NCR,Ashram Chowk & Mathura Road,DELHI_SOUTH,19,2,140,14.0,5.0,SEVERE
Delhi NCR,Peeragarhi Outer Ring Road,DELHI_WEST,18,0,475,20.0,5.0,SEVERE
Delhi NCR,ITO Junction & Vikas Marg,DELHI_CENTRAL,13,1,356,18.0,8.5,SEVERE
Delhi NCR,Gurgaon Expressway (Sirhaul Border),DELHI_GURGAON,4,6,104,35.0,25.9,MODERATE
Delhi NCR,Peeragarhi Outer Ring Road,DELHI_WEST,18,6,311,20.0,5.0,SEVERE
Delhi NCR,Peeragarhi Outer Ring Road,DELHI_WEST,23,2,419,20.0,8.1,SEVERE
Delhi NCR,Peeragarhi Outer Ring Road,DELHI_WEST,15,0,487,20.0,6.7,SEVERE
Delhi NCR,ITO Junction & Vikas Marg,DELHI_CENTRAL,1,0,219,18.0,11.1,SEVERE
Delhi NCR,DND Flyway (Delhi-Noida Link),DELHI_EAST,1,2,442,45.0,17.1,HEAVY
Delhi NCR,AIIMS Ring Road Flyover,DELHI_SOUTH,19,4,470,22.0,5.0,SEVERE
Delhi NCR,DND Flyway (Delhi-Noida Link),DELHI_EAST,11,4,222,45.0,13.0,HEAVY
Delhi NCR,Laxmi Nagar Vikas Marg,DELHI_EAST,20,4,485,16.0,5.0,SEVERE
Delhi NCR,Connaught Place Outer Circle,DELHI_CENTRAL,14,6,518,25.0,7.5,SEVERE
Delhi NCR,DND Flyway (Delhi-Noida Link),DELHI_EAST,22,2,172,45.0,30.0,MODERATE
Delhi NCR,ITO Junction & Vikas Marg,DELHI_CENTRAL,19,3,365,18.0,5.0,SEVERE
Delhi NCR,AIIMS Ring Road Flyover,DELHI_SOUTH,15,1,318,22.0,11.3,SEVERE
Delhi NCR,Connaught Place Outer Circle,DELHI_CENTRAL,19,2,391,25.0,5.1,SEVERE
Delhi NCR,Laxmi Nagar Vikas Marg,DELHI_EAST,19,1,211,16.0,5.0,SEVERE
Delhi NCR,Gurgaon Expressway (Sirhaul Border),DELHI_GURGAON,3,6,143,35.0,24.4,MODERATE
Delhi NCR,Laxmi Nagar Vikas Marg,DELHI_EAST,18,3,183,16.0,5.0,SEVERE
Delhi NCR,Peeragarhi Outer Ring Road,DELHI_WEST,21,4,393,20.0,5.0,SEVERE
Delhi NCR,Connaught Place Outer Circle,DELHI_CENTRAL,5,0,365,25.0,11.6,SEVERE
Delhi NCR,AIIMS Ring Road Flyover,DELHI_SOUTH,23,0,280,22.0,12.2,HEAVY
Delhi NCR,Connaught Place Outer Circle,DELHI_CENTRAL,7,5,311,25.0,13.0,HEAVY
Delhi NCR,Connaught Place Outer Circle,DELHI_CENTRAL,8,2,144,25.0,17.4,HEAVY
Delhi NCR,ITO Junction & Vikas Marg,DELHI_CENTRAL,19,6,80,18.0,6.5,SEVERE
Delhi NCR,Ashram Chowk & Mathura Road,DELHI_SOUTH,9,1,427,14.0,5.0,SEVERE
Delhi NCR,Gurgaon Expressway (Sirhaul Border),DELHI_GURGAON,22,2,447,35.0,13.1,HEAVY
Delhi NCR,Connaught Place Outer Circle,DELHI_CENTRAL,6,2,141,25.0,17.5,HEAVY
Delhi NCR,Peeragarhi Outer Ring Road,DELHI_WEST,21,2,89,20.0,7.1,SEVERE
Delhi NCR,ITO Junction & Vikas Marg,DELHI_CENTRAL,20,4,395,18.0,5.0,SEVERE
Delhi NCR,Gurgaon Expressway (Sirhaul Border),DELHI_GURGAON,17,6,290,35.0,8.9,SEVERE
Delhi NCR,AIIMS Ring Road Flyover,DELHI_SOUTH,0,6,331,22.0,11.0,SEVERE
Delhi NCR,ITO Junction & Vikas Marg,DELHI_CENTRAL,18,4,197,18.0,5.4,SEVERE
Delhi NCR,Laxmi Nagar Vikas Marg,DELHI_EAST,3,0,505,16.0,5.0,SEVERE
Delhi NCR,Laxmi Nagar Vikas Marg,DELHI_EAST,14,5,289,16.0,8.7,SEVERE
Delhi NCR,Peeragarhi Outer Ring Road,DELHI_WEST,4,2,434,20.0,7.8,SEVERE
Delhi NCR,Laxmi Nagar Vikas Marg,DELHI_EAST,23,0,122,16.0,11.5,SEVERE
Delhi NCR,Laxmi Nagar Vikas Marg,DELHI_EAST,22,5,299,16.0,8.5,SEVERE
Delhi NCR,ITO Junction & Vikas Marg,DELHI_CENTRAL,17,5,490,18.0,5.0,SEVERE
Delhi NCR,Laxmi Nagar Vikas Marg,DELHI_EAST,13,3,139,16.0,11.2,SEVERE
Delhi NCR,Peeragarhi Outer Ring Road,DELHI_WEST,17,1,342,20.0,5.0,SEVERE
Delhi NCR,Ashram Chowk & Mathura Road,DELHI_SOUTH,2,0,363,14.0,6.5,SEVERE
Delhi NCR,AIIMS Ring Road Flyover,DELHI_SOUTH,18,5,306,22.0,5.4,SEVERE
Delhi NCR,AIIMS Ring Road Flyover,DELHI_SOUTH,16,2,516,22.0,6.6,SEVERE
Delhi NCR,Laxmi Nagar Vikas Marg,DELHI_EAST,22,4,215,16.0,9.9,SEVERE
Delhi NCR,Laxmi Nagar Vikas Marg,DELHI_EAST,22,1,232,16.0,9.7,SEVERE
Delhi NCR,Ashram Chowk & Mathura Road,DELHI_SOUTH,10,5,289,14.0,5.0,SEVERE
Delhi NCR,Connaught Place Outer Circle,DELHI_CENTRAL,19,0,285,25.0,6.4,SEVERE
Delhi NCR,AIIMS Ring Road Flyover,DELHI_SOUTH,5,6,160,22.0,15.0,HEAVY
Delhi NCR,ITO Junction & Vikas Marg,DELHI_CENTRAL,3,5,230,18.0,10.9,SEVERE
Delhi NCR,Ashram Chowk & Mathura Road,DELHI_SOUTH,9,3,346,14.0,5.0,SEVERE
Delhi NCR,Ashram Chowk & Mathura Road,DELHI_SOUTH,14,2,448,14.0,5.2,SEVERE
Delhi NCR,DND Flyway (Delhi-Noida Link),DELHI_EAST,4,2,88,45.0,34.0,LOW
Delhi NCR,AIIMS Ring Road Flyover,DELHI_SOUTH,20,0,249,22.0,6.1,SEVERE
Delhi NCR,ITO Junction & Vikas Marg,DELHI_CENTRAL,0,3,192,18.0,11.6,SEVERE
Delhi NCR,ITO Junction & Vikas Marg,DELHI_CENTRAL,22,5,434,18.0,7.0,SEVERE
Delhi NCR,Gurgaon Expressway (Sirhaul Border),DELHI_GURGAON,19,4,106,35.0,12.1,HEAVY
Delhi NCR,AIIMS Ring Road Flyover,DELHI_SOUTH,9,5,176,22.0,6.9,SEVERE
Delhi NCR,Peeragarhi Outer Ring Road,DELHI_WEST,0,4,373,20.0,9.1,SEVERE
Delhi NCR,AIIMS Ring Road Flyover,DELHI_SOUTH,13,4,169,22.0,14.7,HEAVY
Delhi NCR,Connaught Place Outer Circle,DELHI_CENTRAL,4,0,91,25.0,18.8,HEAVY
Delhi NCR,Gurgaon Expressway (Sirhaul Border),DELHI_GURGAON,4,5,198,35.0,22.4,MODERATE
Delhi NCR,ITO Junction & Vikas Marg,DELHI_CENTRAL,13,1,310,18.0,9.4,SEVERE
Delhi NCR,Gurgaon Expressway (Sirhaul Border),DELHI_GURGAON,0,0,411,35.0,14.5,HEAVY
Delhi NCR,AIIMS Ring Road Flyover,DELHI_SOUTH,14,2,241,22.0,13.1,HEAVY
Delhi NCR,Laxmi Nagar Vikas Marg,DELHI_EAST,2,3,236,16.0,9.6,SEVERE
Delhi NCR,ITO Junction & Vikas Marg,DELHI_CENTRAL,6,4,395,18.0,7.7,SEVERE
Delhi NCR,Gurgaon Expressway (Sirhaul Border),DELHI_GURGAON,11,4,342,35.0,8.0,SEVERE
Delhi NCR,Laxmi Nagar Vikas Marg,DELHI_EAST,19,2,486,16.0,5.0,SEVERE
Delhi NCR,Connaught Place Outer Circle,DELHI_CENTRAL,2,3,434,25.0,9.7,SEVERE
Delhi NCR,Ashram Chowk & Mathura Road,DELHI_SOUTH,7,4,449,14.0,5.2,SEVERE
Delhi NCR,Ashram Chowk & Mathura Road,DELHI_SOUTH,14,2,423,14.0,5.6,SEVERE
Delhi NCR,DND Flyway (Delhi-Noida Link),DELHI_EAST,19,0,439,45.0,8.1,SEVERE
Delhi NCR,Ashram Chowk & Mathura Road,DELHI_SOUTH,2,3,233,14.0,8.4,SEVERE
Delhi NCR,AIIMS Ring Road Flyover,DELHI_SOUTH,4,0,254,22.0,12.8,HEAVY
Delhi NCR,Gurgaon Expressway (Sirhaul Border),DELHI_GURGAON,13,2,366,35.0,16.1,HEAVY
Delhi NCR,Peeragarhi Outer Ring Road,DELHI_WEST,1,4,459,20.0,7.2,SEVERE
Delhi NCR,DND Flyway (Delhi-Noida Link),DELHI_EAST,13,3,462,45.0,16.2,HEAVY
Delhi NCR,Connaught Place Outer Circle,DELHI_CENTRAL,22,0,104,25.0,18.5,HEAVY
Delhi NCR,Gurgaon Expressway (Sirhaul Border),DELHI_GURGAON,15,0,113,35.0,25.5,MODERATE
Delhi NCR,DND Flyway (Delhi-Noida Link),DELHI_EAST,18,5,111,45.0,15.5,HEAVY
Delhi NCR,Connaught Place Outer Circle,DELHI_CENTRAL,22,0,214,25.0,15.6,HEAVY
Delhi NCR,Connaught Place Outer Circle,DELHI_CENTRAL,11,2,323,25.0,6.0,SEVERE
Delhi NCR,Gurgaon Expressway (Sirhaul Border),DELHI_GURGAON,4,2,241,35.0,20.8,HEAVY
Delhi NCR,DND Flyway (Delhi-Noida Link),DELHI_EAST,14,4,493,45.0,14.7,HEAVY
Delhi NCR,Laxmi Nagar Vikas Marg,DELHI_EAST,20,5,123,16.0,5.4,SEVERE
Delhi NCR,Ashram Chowk & Mathura Road,DELHI_SOUTH,3,5,405,14.0,5.9,SEVERE
Delhi NCR,DND Flyway (Delhi-Noida Link),DELHI_EAST,1,0,81,45.0,34.4,LOW
Delhi NCR,Peeragarhi Outer Ring Road,DELHI_WEST,6,3,208,20.0,12.6,HEAVY
Delhi NCR,Gurgaon Expressway (Sirhaul Border),DELHI_GURGAON,14,6,160,35.0,23.8,MODERATE
Delhi NCR,Connaught Place Outer Circle,DELHI_CENTRAL,12,0,483,25.0,8.4,SEVERE
Delhi NCR,Connaught Place Outer Circle,DELHI_CENTRAL,7,3,138,25.0,17.6,HEAVY
Delhi NCR,Peeragarhi Outer Ring Road,DELHI_WEST,21,3,288,20.0,5.1,SEVERE
Delhi NCR,ITO Junction & Vikas Marg,DELHI_CENTRAL,13,2,493,18.0,5.9,SEVERE
Delhi NCR,Ashram Chowk & Mathura Road,DELHI_SOUTH,5,6,93,14.0,10.5,SEVERE
Delhi NCR,DND Flyway (Delhi-Noida Link),DELHI_EAST,5,6,406,45.0,18.8,HEAVY
Delhi NCR,Gurgaon Expressway (Sirhaul Border),DELHI_GURGAON,23,1,248,35.0,20.5,HEAVY
Delhi NCR,Gurgaon Expressway (Sirhaul Border),DELHI_GURGAON,4,0,460,35.0,12.6,HEAVY
Delhi NCR,Connaught Place Outer Circle,DELHI_CENTRAL,21,3,267,25.0,6.7,SEVERE
Delhi NCR,Gurgaon Expressway (Sirhaul Border),DELHI_GURGAON,10,3,516,35.0,5.0,SEVERE
Delhi NCR,Ashram Chowk & Mathura Road,DELHI_SOUTH,1,6,407,14.0,5.8,SEVERE
Delhi NCR,Gurgaon Expressway (Sirhaul Border),DELHI_GURGAON,0,3,278,35.0,19.4,HEAVY
Delhi NCR,Gurgaon Expressway (Sirhaul Border),DELHI_GURGAON,1,0,269,35.0,19.7,HEAVY
Delhi NCR,Ashram Chowk & Mathura Road,DELHI_SOUTH,3,6,495,14.0,5.0,SEVERE
Delhi NCR,Gurgaon Expressway (Sirhaul Border),DELHI_GURGAON,18,4,395,35.0,7.1,SEVERE
Delhi NCR,ITO Junction & Vikas Marg,DELHI_CENTRAL,7,6,424,18.0,7.2,SEVERE
Delhi NCR,Laxmi Nagar Vikas Marg,DELHI_EAST,17,0,296,16.0,5.0,SEVERE
Delhi NCR,Ashram Chowk & Mathura Road,DELHI_SOUTH,21,0,421,14.0,5.0,SEVERE
Delhi NCR,DND Flyway (Delhi-Noida Link),DELHI_EAST,6,3,243,45.0,26.6,MODERATE
Delhi NCR,Laxmi Nagar Vikas Marg,DELHI_EAST,12,5,169,16.0,10.7,SEVERE
Delhi NCR,Peeragarhi Outer Ring Road,DELHI_WEST,7,6,294,20.0,10.8,SEVERE
Delhi NCR,AIIMS Ring Road Flyover,DELHI_SOUTH,17,5,103,22.0,7.7,SEVERE
Delhi NCR,DND Flyway (Delhi-Noida Link),DELHI_EAST,0,3,392,45.0,19.5,HEAVY
Delhi NCR,Connaught Place Outer Circle,DELHI_CENTRAL,17,1,292,25.0,6.3,SEVERE
Delhi NCR,Ashram Chowk & Mathura Road,DELHI_SOUTH,18,0,321,14.0,5.0,SEVERE
Delhi NCR,ITO Junction & Vikas Marg,DELHI_CENTRAL,9,6,187,18.0,5.5,SEVERE
Delhi NCR,Laxmi Nagar Vikas Marg,DELHI_EAST,18,3,361,16.0,5.0,SEVERE
Delhi NCR,AIIMS Ring Road Flyover,DELHI_SOUTH,2,2,182,22.0,14.4,HEAVY
Delhi NCR,Laxmi Nagar Vikas Marg,DELHI_EAST,19,4,303,16.0,5.0,SEVERE
Delhi NCR,Gurgaon Expressway (Sirhaul Border),DELHI_GURGAON,20,6,470,35.0,5.8,SEVERE
Delhi NCR,Peeragarhi Outer Ring Road,DELHI_WEST,10,2,381,20.0,5.0,SEVERE
Delhi NCR,Ashram Chowk & Mathura Road,DELHI_SOUTH,5,3,271,14.0,7.9,SEVERE
Delhi NCR,Laxmi Nagar Vikas Marg,DELHI_EAST,13,4,100,16.0,11.9,SEVERE
Delhi NCR,DND Flyway (Delhi-Noida Link),DELHI_EAST,18,5,394,45.0,9.1,SEVERE
Delhi NCR,Ashram Chowk & Mathura Road,DELHI_SOUTH,22,5,157,14.0,9.6,SEVERE
Delhi NCR,Gurgaon Expressway (Sirhaul Border),DELHI_GURGAON,7,1,192,35.0,22.6,MODERATE
Delhi NCR,DND Flyway (Delhi-Noida Link),DELHI_EAST,6,2,459,45.0,16.3,HEAVY
Delhi NCR,AIIMS Ring Road Flyover,DELHI_SOUTH,4,2,450,22.0,8.2,SEVERE
Delhi NCR,ITO Junction & Vikas Marg,DELHI_CENTRAL,13,1,421,18.0,7.2,SEVERE
Delhi NCR,DND Flyway (Delhi-Noida Link),DELHI_EAST,9,6,446,45.0,8.0,SEVERE
Delhi NCR,Gurgaon Expressway (Sirhaul Border),DELHI_GURGAON,17,3,236,35.0,9.9,SEVERE
Delhi NCR,Gurgaon Expressway (Sirhaul Border),DELHI_GURGAON,20,2,278,35.0,9.1,SEVERE
Delhi NCR,Gurgaon Expressway (Sirhaul Border),DELHI_GURGAON,5,6,469,35.0,12.3,HEAVY
Delhi NCR,AIIMS Ring Road Flyover,DELHI_SOUTH,4,4,173,22.0,14.7,HEAVY
Delhi NCR,Gurgaon Expressway (Sirhaul Border),DELHI_GURGAON,23,2,300,35.0,18.6,HEAVY
Delhi NCR,Connaught Place Outer Circle,DELHI_CENTRAL,7,5,209,25.0,15.7,HEAVY
Delhi NCR,Ashram Chowk & Mathura Road,DELHI_SOUTH,8,5,356,14.0,6.6,SEVERE
Delhi NCR,DND Flyway (Delhi-Noida Link),DELHI_EAST,10,5,514,45.0,6.4,SEVERE
Delhi NCR,AIIMS Ring Road Flyover,DELHI_SOUTH,2,1,397,22.0,9.4,SEVERE
Delhi NCR,Laxmi Nagar Vikas Marg,DELHI_EAST,7,4,517,16.0,5.0,SEVERE
Delhi NCR,Gurgaon Expressway (Sirhaul Border),DELHI_GURGAON,19,2,256,35.0,9.5,SEVERE
Delhi NCR,Laxmi Nagar Vikas Marg,DELHI_EAST,23,1,122,16.0,11.5,SEVERE
Delhi NCR,ITO Junction & Vikas Marg,DELHI_CENTRAL,11,5,314,18.0,5.0,SEVERE
Delhi NCR,Laxmi Nagar Vikas Marg,DELHI_EAST,2,6,289,16.0,8.7,SEVERE
Delhi NCR,DND Flyway (Delhi-Noida Link),DELHI_EAST,12,1,128,45.0,32.1,LOW
Delhi NCR,Gurgaon Expressway (Sirhaul Border),DELHI_GURGAON,10,1,272,35.0,9.2,SEVERE
Delhi NCR,ITO Junction & Vikas Marg,DELHI_CENTRAL,7,4,440,18.0,6.9,SEVERE
Delhi NCR,DND Flyway (Delhi-Noida Link),DELHI_EAST,14,5,194,45.0,29.0,MODERATE
Delhi NCR,Peeragarhi Outer Ring Road,DELHI_WEST,3,5,155,20.0,13.7,HEAVY
Delhi NCR,Peeragarhi Outer Ring Road,DELHI_WEST,9,1,316,20.0,5.0,SEVERE
Delhi NCR,Gurgaon Expressway (Sirhaul Border),DELHI_GURGAON,6,5,131,35.0,24.9,MODERATE
Delhi NCR,Gurgaon Expressway (Sirhaul Border),DELHI_GURGAON,5,6,377,35.0,15.7,HEAVY
Delhi NCR,Laxmi Nagar Vikas Marg,DELHI_EAST,9,4,519,16.0,5.0,SEVERE
Delhi NCR,Connaught Place Outer Circle,DELHI_CENTRAL,6,4,218,25.0,15.5,HEAVY
Delhi NCR,Ashram Chowk & Mathura Road,DELHI_SOUTH,4,6,252,14.0,8.2,SEVERE
Delhi NCR,Laxmi Nagar Vikas Marg,DELHI_EAST,4,3,282,16.0,8.8,SEVERE
Delhi NCR,Ashram Chowk & Mathura Road,DELHI_SOUTH,7,5,134,14.0,9.9,SEVERE
Delhi NCR,Ashram Chowk & Mathura Road,DELHI_SOUTH,14,1,385,14.0,6.2,SEVERE
Delhi NCR,AIIMS Ring Road Flyover,DELHI_SOUTH,6,4,184,22.0,14.4,HEAVY
Delhi NCR,Laxmi Nagar Vikas Marg,DELHI_EAST,1,4,404,16.0,6.7,SEVERE
Delhi NCR,Ashram Chowk & Mathura Road,DELHI_SOUTH,16,5,368,14.0,6.4,SEVERE
Delhi NCR,Gurgaon Expressway (Sirhaul Border),DELHI_GURGAON,6,3,161,35.0,23.8,MODERATE
Delhi NCR,ITO Junction & Vikas Marg,DELHI_CENTRAL,7,1,334,18.0,8.9,SEVERE
Delhi NCR,Ashram Chowk & Mathura Road,DELHI_SOUTH,5,1,387,14.0,6.1,SEVERE
Delhi NCR,DND Flyway (Delhi-Noida Link),DELHI_EAST,19,0,116,45.0,15.4,HEAVY
Delhi NCR,Ashram Chowk & Mathura Road,DELHI_SOUTH,16,3,266,14.0,7.9,SEVERE
Delhi NCR,Peeragarhi Outer Ring Road,DELHI_WEST,7,6,139,20.0,14.0,HEAVY
Delhi NCR,Connaught Place Outer Circle,DELHI_CENTRAL,23,4,163,25.0,16.9,HEAVY
Delhi NCR,Gurgaon Expressway (Sirhaul Border),DELHI_GURGAON,12,2,375,35.0,15.8,HEAVY
Delhi NCR,ITO Junction & Vikas Marg,DELHI_CENTRAL,8,1,208,18.0,11.3,SEVERE
Delhi NCR,AIIMS Ring Road Flyover,DELHI_SOUTH,11,3,476,22.0,5.0,SEVERE
Delhi NCR,AIIMS Ring Road Flyover,DELHI_SOUTH,7,0,298,22.0,11.7,SEVERE
Delhi NCR,Ashram Chowk & Mathura Road,DELHI_SOUTH,10,4,293,14.0,5.0,SEVERE
Delhi NCR,Ashram Chowk & Mathura Road,DELHI_SOUTH,7,1,440,14.0,5.4,SEVERE
Delhi NCR,Laxmi Nagar Vikas Marg,DELHI_EAST,13,6,85,16.0,12.2,HEAVY
Delhi NCR,ITO Junction & Vikas Marg,DELHI_CENTRAL,13,0,367,18.0,8.3,SEVERE
Delhi NCR,Gurgaon Expressway (Sirhaul Border),DELHI_GURGAON,6,6,132,35.0,24.8,MODERATE
Delhi NCR,Peeragarhi Outer Ring Road,DELHI_WEST,15,5,414,20.0,8.2,SEVERE
Delhi NCR,Gurgaon Expressway (Sirhaul Border),DELHI_GURGAON,23,0,264,35.0,19.9,HEAVY
Delhi NCR,Connaught Place Outer Circle,DELHI_CENTRAL,16,3,107,25.0,18.4,HEAVY
Delhi NCR,Connaught Place Outer Circle,DELHI_CENTRAL,8,2,132,25.0,17.7,HEAVY
Delhi NCR,Laxmi Nagar Vikas Marg,DELHI_EAST,12,2,382,16.0,7.1,SEVERE
Delhi NCR,Gurgaon Expressway (Sirhaul Border),DELHI_GURGAON,0,1,206,35.0,22.1,MODERATE
Delhi NCR,Connaught Place Outer Circle,DELHI_CENTRAL,3,2,245,25.0,14.7,HEAVY
Delhi NCR,ITO Junction & Vikas Marg,DELHI_CENTRAL,23,5,212,18.0,11.2,SEVERE
Delhi NCR,Laxmi Nagar Vikas Marg,DELHI_EAST,11,6,137,16.0,5.3,SEVERE
Delhi NCR,Laxmi Nagar Vikas Marg,DELHI_EAST,0,6,103,16.0,11.8,SEVERE
Delhi NCR,Ashram Chowk & Mathura Road,DELHI_SOUTH,21,4,269,14.0,5.0,SEVERE
Delhi NCR,Gurgaon Expressway (Sirhaul Border),DELHI_GURGAON,16,1,477,35.0,12.0,HEAVY
Delhi NCR,Connaught Place Outer Circle,DELHI_CENTRAL,19,4,388,25.0,5.2,SEVERE
Delhi NCR,Laxmi Nagar Vikas Marg,DELHI_EAST,3,1,251,16.0,9.3,SEVERE
Delhi NCR,AIIMS Ring Road Flyover,DELHI_SOUTH,17,0,258,22.0,6.0,SEVERE
Delhi NCR,ITO Junction & Vikas Marg,DELHI_CENTRAL,22,4,137,18.0,12.7,HEAVY
Delhi NCR,Connaught Place Outer Circle,DELHI_CENTRAL,19,4,490,25.0,5.0,SEVERE
Delhi NCR,Laxmi Nagar Vikas Marg,DELHI_EAST,20,6,190,16.0,5.0,SEVERE
Delhi NCR,Laxmi Nagar Vikas Marg,DELHI_EAST,13,2,371,16.0,7.3,SEVERE
Delhi NCR,Connaught Place Outer Circle,DELHI_CENTRAL,4,1,256,25.0,14.4,HEAVY
Delhi NCR,Laxmi Nagar Vikas Marg,DELHI_EAST,1,4,170,16.0,10.7,SEVERE
Delhi NCR,Connaught Place Outer Circle,DELHI_CENTRAL,0,2,183,25.0,16.4,HEAVY
Delhi NCR,Ashram Chowk & Mathura Road,DELHI_SOUTH,17,5,461,14.0,5.0,SEVERE
Delhi NCR,DND Flyway (Delhi-Noida Link),DELHI_EAST,16,0,279,45.0,24.9,MODERATE
Delhi NCR,Laxmi Nagar Vikas Marg,DELHI_EAST,14,3,134,16.0,11.3,SEVERE
Delhi NCR,DND Flyway (Delhi-Noida Link),DELHI_EAST,20,0,143,45.0,14.8,HEAVY
Delhi NCR,Peeragarhi Outer Ring Road,DELHI_WEST,21,3,200,20.0,6.0,SEVERE
Delhi NCR,AIIMS Ring Road Flyover,DELHI_SOUTH,1,2,244,22.0,13.0,HEAVY
Delhi NCR,Peeragarhi Outer Ring Road,DELHI_WEST,16,4,506,20.0,6.2,SEVERE
Delhi NCR,Laxmi Nagar Vikas Marg,DELHI_EAST,10,2,232,16.0,5.0,SEVERE
Delhi NCR,DND Flyway (Delhi-Noida Link),DELHI_EAST,17,2,171,45.0,14.2,HEAVY
Delhi NCR,Gurgaon Expressway (Sirhaul Border),DELHI_GURGAON,15,3,295,35.0,18.8,HEAVY
Delhi NCR,Gurgaon Expressway (Sirhaul Border),DELHI_GURGAON,11,5,300,35.0,8.8,SEVERE
Delhi NCR,Peeragarhi Outer Ring Road,DELHI_WEST,20,5,201,20.0,6.0,SEVERE
Delhi NCR,Laxmi Nagar Vikas Marg,DELHI_EAST,14,6,239,16.0,9.5,SEVERE
Delhi NCR,Laxmi Nagar Vikas Marg,DELHI_EAST,3,0,384,16.0,7.1,SEVERE
Delhi NCR,Peeragarhi Outer Ring Road,DELHI_WEST,2,1,144,20.0,13.9,HEAVY
Delhi NCR,AIIMS Ring Road Flyover,DELHI_SOUTH,1,1,202,22.0,14.0,HEAVY
Delhi NCR,AIIMS Ring Road Flyover,DELHI_SOUTH,13,3,468,22.0,7.8,SEVERE
Delhi NCR,Ashram Chowk & Mathura Road,DELHI_SOUTH,23,2,87,14.0,10.6,SEVERE
Delhi NCR,ITO Junction & Vikas Marg,DELHI_CENTRAL,22,5,234,18.0,10.8,SEVERE
Delhi NCR,Gurgaon Expressway (Sirhaul Border),DELHI_GURGAON,12,5,205,35.0,22.1,MODERATE
Delhi NCR,ITO Junction & Vikas Marg,DELHI_CENTRAL,0,2,144,18.0,12.5,HEAVY
Delhi NCR,ITO Junction & Vikas Marg,DELHI_CENTRAL,15,1,396,18.0,7.7,SEVERE
Delhi NCR,DND Flyway (Delhi-Noida Link),DELHI_EAST,17,1,182,45.0,13.9,HEAVY
Delhi NCR,Ashram Chowk & Mathura Road,DELHI_SOUTH,19,1,289,14.0,5.0,SEVERE
Delhi NCR,DND Flyway (Delhi-Noida Link),DELHI_EAST,16,0,439,45.0,17.3,HEAVY
Delhi NCR,AIIMS Ring Road Flyover,DELHI_SOUTH,3,4,349,22.0,10.5,SEVERE
Delhi NCR,Connaught Place Outer Circle,DELHI_CENTRAL,12,1,211,25.0,15.6,HEAVY
Delhi NCR,Peeragarhi Outer Ring Road,DELHI_WEST,14,0,144,20.0,13.9,HEAVY
Delhi NCR,AIIMS Ring Road Flyover,DELHI_SOUTH,21,6,462,22.0,5.0,SEVERE
Delhi NCR,Ashram Chowk & Mathura Road,DELHI_SOUTH,21,5,107,14.0,5.0,SEVERE
Delhi NCR,Peeragarhi Outer Ring Road,DELHI_WEST,19,0,449,20.0,5.0,SEVERE
Delhi NCR,Laxmi Nagar Vikas Marg,DELHI_EAST,16,5,329,16.0,8.0,SEVERE
Delhi NCR,DND Flyway (Delhi-Noida Link),DELHI_EAST,22,4,482,45.0,15.2,HEAVY
Delhi NCR,ITO Junction & Vikas Marg,DELHI_CENTRAL,17,3,176,18.0,5.6,SEVERE
Delhi NCR,DND Flyway (Delhi-Noida Link),DELHI_EAST,3,5,308,45.0,23.5,MODERATE
Delhi NCR,Gurgaon Expressway (Sirhaul Border),DELHI_GURGAON,23,3,268,35.0,19.8,HEAVY
Delhi NCR,Connaught Place Outer Circle,DELHI_CENTRAL,4,2,350,25.0,12.0,HEAVY
Delhi NCR,Peeragarhi Outer Ring Road,DELHI_WEST,7,6,294,20.0,10.8,SEVERE
Delhi NCR,Gurgaon Expressway (Sirhaul Border),DELHI_GURGAON,13,4,288,35.0,19.0,HEAVY
Delhi NCR,Gurgaon Expressway (Sirhaul Border),DELHI_GURGAON,17,6,436,35.0,6.4,SEVERE
Delhi NCR,Ashram Chowk & Mathura Road,DELHI_SOUTH,5,4,405,14.0,5.9,SEVERE
Delhi NCR,Ashram Chowk & Mathura Road,DELHI_SOUTH,15,3,401,14.0,5.9,SEVERE
Delhi NCR,AIIMS Ring Road Flyover,DELHI_SOUTH,18,0,180,22.0,6.8,SEVERE
Delhi NCR,DND Flyway (Delhi-Noida Link),DELHI_EAST,10,3,397,45.0,9.1,SEVERE
Delhi NCR,Gurgaon Expressway (Sirhaul Border),DELHI_GURGAON,18,1,345,35.0,8.0,SEVERE
Delhi NCR,Gurgaon Expressway (Sirhaul Border),DELHI_GURGAON,2,1,322,35.0,17.8,HEAVY
Delhi NCR,DND Flyway (Delhi-Noida Link),DELHI_EAST,13,1,489,45.0,14.9,HEAVY
Delhi NCR,Gurgaon Expressway (Sirhaul Border),DELHI_GURGAON,20,0,485,35.0,5.5,SEVERE
Delhi NCR,DND Flyway (Delhi-Noida Link),DELHI_EAST,5,6,269,45.0,25.4,MODERATE
Delhi NCR,AIIMS Ring Road Flyover,DELHI_SOUTH,17,1,152,22.0,7.1,SEVERE
Delhi NCR,ITO Junction & Vikas Marg,DELHI_CENTRAL,14,6,114,18.0,13.1,HEAVY
Delhi NCR,Ashram Chowk & Mathura Road,DELHI_SOUTH,7,3,507,14.0,5.0,SEVERE
Delhi NCR,Laxmi Nagar Vikas Marg,DELHI_EAST,17,5,385,16.0,5.0,SEVERE
Delhi NCR,Laxmi Nagar Vikas Marg,DELHI_EAST,1,0,420,16.0,6.5,SEVERE
Delhi NCR,Laxmi Nagar Vikas Marg,DELHI_EAST,1,5,303,16.0,8.4,SEVERE
Delhi NCR,Laxmi Nagar Vikas Marg,DELHI_EAST,5,5,132,16.0,11.4,SEVERE
Delhi NCR,Laxmi Nagar Vikas Marg,DELHI_EAST,2,1,292,16.0,8.6,SEVERE
Delhi NCR,DND Flyway (Delhi-Noida Link),DELHI_EAST,14,2,145,45.0,31.3,MODERATE
Delhi NCR,ITO Junction & Vikas Marg,DELHI_CENTRAL,14,3,199,18.0,11.5,SEVERE
Delhi NCR,Gurgaon Expressway (Sirhaul Border),DELHI_GURGAON,15,3,381,35.0,15.6,HEAVY
Delhi NCR,Gurgaon Expressway (Sirhaul Border),DELHI_GURGAON,5,1,473,35.0,12.2,HEAVY
Delhi NCR,Connaught Place Outer Circle,DELHI_CENTRAL,3,5,161,25.0,17.0,HEAVY
Delhi NCR,Laxmi Nagar Vikas Marg,DELHI_EAST,22,3,353,16.0,7.6,SEVERE
Delhi NCR,DND Flyway (Delhi-Noida Link),DELHI_EAST,3,1,500,45.0,14.3,HEAVY
Delhi NCR,AIIMS Ring Road Flyover,DELHI_SOUTH,5,0,377,22.0,9.9,SEVERE
Delhi NCR,Gurgaon Expressway (Sirhaul Border),DELHI_GURGAON,16,6,461,35.0,12.6,HEAVY
Delhi NCR,Laxmi Nagar Vikas Marg,DELHI_EAST,18,4,263,16.0,5.0,SEVERE
Delhi NCR,Peeragarhi Outer Ring Road,DELHI_WEST,3,3,176,20.0,13.3,HEAVY
Delhi NCR,DND Flyway (Delhi-Noida Link),DELHI_EAST,6,4,108,45.0,33.1,LOW
Delhi NCR,Laxmi Nagar Vikas Marg,DELHI_EAST,21,2,431,16.0,5.0,SEVERE
Delhi NCR,AIIMS Ring Road Flyover,DELHI_SOUTH,11,3,129,22.0,7.4,SEVERE
Delhi NCR,AIIMS Ring Road Flyover,DELHI_SOUTH,21,0,241,22.0,6.1,SEVERE
Delhi NCR,AIIMS Ring Road Flyover,DELHI_SOUTH,17,4,173,22.0,6.9,SEVERE
Delhi NCR,Ashram Chowk & Mathura Road,DELHI_SOUTH,6,2,450,14.0,5.2,SEVERE
Delhi NCR,Peeragarhi Outer Ring Road,DELHI_WEST,19,1,370,20.0,5.0,SEVERE
Delhi NCR,Laxmi Nagar Vikas Marg,DELHI_EAST,11,4,438,16.0,5.0,SEVERE
Delhi NCR,Laxmi Nagar Vikas Marg,DELHI_EAST,20,6,333,16.0,5.0,SEVERE
Delhi NCR,Peeragarhi Outer Ring Road,DELHI_WEST,11,1,363,20.0,5.0,SEVERE
Delhi NCR,Ashram Chowk & Mathura Road,DELHI_SOUTH,2,6,441,14.0,5.3,SEVERE
Delhi NCR,Connaught Place Outer Circle,DELHI_CENTRAL,19,4,195,25.0,7.6,SEVERE
Delhi NCR,Connaught Place Outer Circle,DELHI_CENTRAL,6,6,257,25.0,14.4,HEAVY
Delhi NCR,Gurgaon Expressway (Sirhaul Border),DELHI_GURGAON,14,4,159,35.0,23.8,MODERATE
Delhi NCR,Gurgaon Expressway (Sirhaul Border),DELHI_GURGAON,19,2,451,35.0,6.1,SEVERE
Delhi NCR,AIIMS Ring Road Flyover,DELHI_SOUTH,12,6,99,22.0,16.4,HEAVY
Delhi NCR,Laxmi Nagar Vikas Marg,DELHI_EAST,9,5,292,16.0,5.0,SEVERE
Delhi NCR,Gurgaon Expressway (Sirhaul Border),DELHI_GURGAON,13,1,376,35.0,15.8,HEAVY
Delhi NCR,DND Flyway (Delhi-Noida Link),DELHI_EAST,0,3,197,45.0,28.8,MODERATE
Delhi NCR,DND Flyway (Delhi-Noida Link),DELHI_EAST,10,4,114,45.0,15.4,HEAVY
Delhi NCR,Laxmi Nagar Vikas Marg,DELHI_EAST,15,2,322,16.0,8.1,SEVERE
Delhi NCR,Ashram Chowk & Mathura Road,DELHI_SOUTH,15,1,373,14.0,6.4,SEVERE
Delhi NCR,AIIMS Ring Road Flyover,DELHI_SOUTH,14,3,465,22.0,7.8,SEVERE
Delhi NCR,DND Flyway (Delhi-Noida Link),DELHI_EAST,14,4,155,45.0,30.8,MODERATE
Delhi NCR,Ashram Chowk & Mathura Road,DELHI_SOUTH,9,5,125,14.0,5.0,SEVERE
Delhi NCR,DND Flyway (Delhi-Noida Link),DELHI_EAST,20,6,83,45.0,16.1,HEAVY
Delhi NCR,ITO Junction & Vikas Marg,DELHI_CENTRAL,9,0,437,18.0,5.0,SEVERE
Delhi NCR,DND Flyway (Delhi-Noida Link),DELHI_EAST,17,1,469,45.0,7.4,SEVERE
Delhi NCR,AIIMS Ring Road Flyover,DELHI_SOUTH,23,1,492,22.0,7.2,SEVERE
Delhi NCR,Ashram Chowk & Mathura Road,DELHI_SOUTH,11,4,446,14.0,5.0,SEVERE
Delhi NCR,ITO Junction & Vikas Marg,DELHI_CENTRAL,15,4,443,18.0,6.8,SEVERE
Delhi NCR,AIIMS Ring Road Flyover,DELHI_SOUTH,10,5,315,22.0,5.3,SEVERE
Delhi NCR,ITO Junction & Vikas Marg,DELHI_CENTRAL,14,1,334,18.0,8.9,SEVERE
Delhi NCR,ITO Junction & Vikas Marg,DELHI_CENTRAL,5,5,258,18.0,10.4,SEVERE
Delhi NCR,DND Flyway (Delhi-Noida Link),DELHI_EAST,12,4,415,45.0,18.4,HEAVY
Delhi NCR,AIIMS Ring Road Flyover,DELHI_SOUTH,3,2,138,22.0,15.5,HEAVY
Delhi NCR,Peeragarhi Outer Ring Road,DELHI_WEST,15,6,168,20.0,13.4,HEAVY
Delhi NCR,AIIMS Ring Road Flyover,DELHI_SOUTH,0,5,390,22.0,9.6,SEVERE
Delhi NCR,Connaught Place Outer Circle,DELHI_CENTRAL,3,5,225,25.0,15.3,HEAVY
Delhi NCR,Ashram Chowk & Mathura Road,DELHI_SOUTH,19,5,356,14.0,5.0,SEVERE
Delhi NCR,DND Flyway (Delhi-Noida Link),DELHI_EAST,23,4,241,45.0,26.7,MODERATE
Delhi NCR,Ashram Chowk & Mathura Road,DELHI_SOUTH,23,2,212,14.0,8.7,SEVERE
Delhi NCR,DND Flyway (Delhi-Noida Link),DELHI_EAST,19,1,184,45.0,13.9,HEAVY
Delhi NCR,Laxmi Nagar Vikas Marg,DELHI_EAST,11,4,114,16.0,5.5,SEVERE
Delhi NCR,DND Flyway (Delhi-Noida Link),DELHI_EAST,19,2,103,45.0,15.7,HEAVY
Delhi NCR,Peeragarhi Outer Ring Road,DELHI_WEST,20,1,514,20.0,5.0,SEVERE
Delhi NCR,AIIMS Ring Road Flyover,DELHI_SOUTH,22,5,428,22.0,8.7,SEVERE
Delhi NCR,Peeragarhi Outer Ring Road,DELHI_WEST,20,2,272,20.0,5.3,SEVERE
Delhi NCR,Ashram Chowk & Mathura Road,DELHI_SOUTH,5,2,201,14.0,8.9,SEVERE
Delhi NCR,Connaught Place Outer Circle,DELHI_CENTRAL,12,5,239,25.0,14.9,HEAVY
Delhi NCR,DND Flyway (Delhi-Noida Link),DELHI_EAST,20,6,116,45.0,15.4,HEAVY
Delhi NCR,Peeragarhi Outer Ring Road,DELHI_WEST,7,5,136,20.0,14.1,HEAVY
Delhi NCR,ITO Junction & Vikas Marg,DELHI_CENTRAL,17,2,191,18.0,5.5,SEVERE
Delhi NCR,Gurgaon Expressway (Sirhaul Border),DELHI_GURGAON,2,0,517,35.0,10.5,SEVERE
Delhi NCR,Connaught Place Outer Circle,DELHI_CENTRAL,6,3,234,25.0,15.0,HEAVY
Delhi NCR,AIIMS Ring Road Flyover,DELHI_SOUTH,6,1,328,22.0,11.0,SEVERE
Delhi NCR,Ashram Chowk & Mathura Road,DELHI_SOUTH,23,2,344,14.0,6.8,SEVERE
Delhi NCR,ITO Junction & Vikas Marg,DELHI_CENTRAL,19,6,484,18.0,5.0,SEVERE
Delhi NCR,Connaught Place Outer Circle,DELHI_CENTRAL,6,1,250,25.0,14.6,HEAVY
Delhi NCR,Connaught Place Outer Circle,DELHI_CENTRAL,3,6,367,25.0,11.5,SEVERE
Delhi NCR,Laxmi Nagar Vikas Marg,DELHI_EAST,18,3,417,16.0,5.0,SEVERE
Delhi NCR,Ashram Chowk & Mathura Road,DELHI_SOUTH,20,2,269,14.0,5.0,SEVERE
Delhi NCR,Ashram Chowk & Mathura Road,DELHI_SOUTH,17,2,376,14.0,5.0,SEVERE
Delhi NCR,DND Flyway (Delhi-Noida Link),DELHI_EAST,11,2,299,45.0,11.3,SEVERE
Delhi NCR,Connaught Place Outer Circle,DELHI_CENTRAL,22,4,360,25.0,11.7,SEVERE
Delhi NCR,AIIMS Ring Road Flyover,DELHI_SOUTH,10,5,277,22.0,5.8,SEVERE
Delhi NCR,Ashram Chowk & Mathura Road,DELHI_SOUTH,16,3,469,14.0,5.0,SEVERE
Delhi NCR,AIIMS Ring Road Flyover,DELHI_SOUTH,9,2,165,22.0,7.0,SEVERE
Delhi NCR,Peeragarhi Outer Ring Road,DELHI_WEST,22,3,244,20.0,11.8,SEVERE
Delhi NCR,Gurgaon Expressway (Sirhaul Border),DELHI_GURGAON,3,1,222,35.0,21.5,HEAVY
Delhi NCR,AIIMS Ring Road Flyover,DELHI_SOUTH,18,2,121,22.0,7.5,SEVERE
Delhi NCR,AIIMS Ring Road Flyover,DELHI_SOUTH,23,2,150,22.0,15.2,HEAVY
Delhi NCR,Ashram Chowk & Mathura Road,DELHI_SOUTH,19,1,85,14.0,5.0,SEVERE
Delhi NCR,Connaught Place Outer Circle,DELHI_CENTRAL,22,2,444,25.0,9.5,SEVERE
Delhi NCR,Ashram Chowk & Mathura Road,DELHI_SOUTH,3,2,357,14.0,6.6,SEVERE
Delhi NCR,ITO Junction & Vikas Marg,DELHI_CENTRAL,0,3,221,18.0,11.1,SEVERE
Delhi NCR,Laxmi Nagar Vikas Marg,DELHI_EAST,9,1,512,16.0,5.0,SEVERE
Delhi NCR,Laxmi Nagar Vikas Marg,DELHI_EAST,8,5,427,16.0,6.3,SEVERE
Delhi NCR,Laxmi Nagar Vikas Marg,DELHI_EAST,4,1,286,16.0,8.7,SEVERE
Delhi NCR,Peeragarhi Outer Ring Road,DELHI_WEST,16,0,243,20.0,11.8,SEVERE
Delhi NCR,DND Flyway (Delhi-Noida Link),DELHI_EAST,13,0,423,45.0,18.0,HEAVY
Delhi NCR,Peeragarhi Outer Ring Road,DELHI_WEST,6,3,271,20.0,11.2,SEVERE
Delhi NCR,AIIMS Ring Road Flyover,DELHI_SOUTH,10,1,253,22.0,6.0,SEVERE
Delhi NCR,Gurgaon Expressway (Sirhaul Border),DELHI_GURGAON,22,5,309,35.0,18.3,HEAVY
Delhi NCR,ITO Junction & Vikas Marg,DELHI_CENTRAL,14,4,192,18.0,11.6,SEVERE
Delhi NCR,DND Flyway (Delhi-Noida Link),DELHI_EAST,22,0,424,45.0,18.0,HEAVY
Delhi NCR,Gurgaon Expressway (Sirhaul Border),DELHI_GURGAON,5,0,268,35.0,19.8,HEAVY
Delhi NCR,Laxmi Nagar Vikas Marg,DELHI_EAST,11,2,113,16.0,5.5,SEVERE
Delhi NCR,Ashram Chowk & Mathura Road,DELHI_SOUTH,16,0,351,14.0,6.7,SEVERE
Delhi NCR,Connaught Place Outer Circle,DELHI_CENTRAL,10,5,493,25.0,5.0,SEVERE
Delhi NCR,Ashram Chowk & Mathura Road,DELHI_SOUTH,18,2,205,14.0,5.0,SEVERE
Delhi NCR,AIIMS Ring Road Flyover,DELHI_SOUTH,18,6,482,22.0,5.0,SEVERE
Delhi NCR,DND Flyway (Delhi-Noida Link),DELHI_EAST,13,4,171,45.0,30.1,MODERATE
Delhi NCR,Laxmi Nagar Vikas Marg,DELHI_EAST,7,3,517,16.0,5.0,SEVERE
Delhi NCR,DND Flyway (Delhi-Noida Link),DELHI_EAST,17,6,125,45.0,15.2,HEAVY
Delhi NCR,DND Flyway (Delhi-Noida Link),DELHI_EAST,6,4,518,45.0,13.5,HEAVY
Delhi NCR,DND Flyway (Delhi-Noida Link),DELHI_EAST,22,4,470,45.0,15.8,HEAVY
Delhi NCR,Ashram Chowk & Mathura Road,DELHI_SOUTH,9,5,340,14.0,5.0,SEVERE
Delhi NCR,Gurgaon Expressway (Sirhaul Border),DELHI_GURGAON,9,1,492,35.0,5.4,SEVERE
Delhi NCR,ITO Junction & Vikas Marg,DELHI_CENTRAL,22,5,229,18.0,10.9,SEVERE
Delhi NCR,Connaught Place Outer Circle,DELHI_CENTRAL,2,3,397,25.0,10.7,SEVERE
Delhi NCR,Connaught Place Outer Circle,DELHI_CENTRAL,13,6,499,25.0,8.0,SEVERE
Delhi NCR,ITO Junction & Vikas Marg,DELHI_CENTRAL,7,2,393,18.0,7.8,SEVERE
Delhi NCR,Connaught Place Outer Circle,DELHI_CENTRAL,22,3,469,25.0,8.8,SEVERE
Delhi NCR,Laxmi Nagar Vikas Marg,DELHI_EAST,9,5,325,16.0,5.0,SEVERE
Delhi NCR,AIIMS Ring Road Flyover,DELHI_SOUTH,14,6,363,22.0,10.2,SEVERE
Delhi NCR,AIIMS Ring Road Flyover,DELHI_SOUTH,21,1,84,22.0,7.9,SEVERE
Delhi NCR,Ashram Chowk & Mathura Road,DELHI_SOUTH,15,5,279,14.0,7.7,SEVERE
Delhi NCR,Laxmi Nagar Vikas Marg,DELHI_EAST,23,4,453,16.0,5.9,SEVERE
Delhi NCR,Gurgaon Expressway (Sirhaul Border),DELHI_GURGAON,13,4,515,35.0,10.6,SEVERE
Delhi NCR,Connaught Place Outer Circle,DELHI_CENTRAL,16,6,516,25.0,7.5,SEVERE
Delhi NCR,DND Flyway (Delhi-Noida Link),DELHI_EAST,5,1,431,45.0,17.6,HEAVY
Delhi NCR,Laxmi Nagar Vikas Marg,DELHI_EAST,16,5,512,16.0,5.0,SEVERE
Delhi NCR,AIIMS Ring Road Flyover,DELHI_SOUTH,13,3,98,22.0,16.4,HEAVY
Delhi NCR,AIIMS Ring Road Flyover,DELHI_SOUTH,14,3,455,22.0,8.1,SEVERE
Delhi NCR,Peeragarhi Outer Ring Road,DELHI_WEST,13,3,500,20.0,6.4,SEVERE
Delhi NCR,Ashram Chowk & Mathura Road,DELHI_SOUTH,18,2,250,14.0,5.0,SEVERE
Delhi NCR,Connaught Place Outer Circle,DELHI_CENTRAL,0,5,284,25.0,13.7,HEAVY
Delhi NCR,AIIMS Ring Road Flyover,DELHI_SOUTH,22,0,484,22.0,7.4,SEVERE
Delhi NCR,Peeragarhi Outer Ring Road,DELHI_WEST,11,3,267,20.0,5.3,SEVERE
Delhi NCR,Peeragarhi Outer Ring Road,DELHI_WEST,11,2,396,20.0,5.0,SEVERE
Delhi NCR,Gurgaon Expressway (Sirhaul Border),DELHI_GURGAON,2,2,327,35.0,17.6,HEAVY
Delhi NCR,AIIMS Ring Road Flyover,DELHI_SOUTH,23,3,297,22.0,11.8,SEVERE
Delhi NCR,DND Flyway (Delhi-Noida Link),DELHI_EAST,9,2,441,45.0,8.1,SEVERE
Delhi NCR,Gurgaon Expressway (Sirhaul Border),DELHI_GURGAON,5,5,435,35.0,13.6,HEAVY
Delhi NCR,Peeragarhi Outer Ring Road,DELHI_WEST,6,4,467,20.0,7.1,SEVERE
Delhi NCR,Ashram Chowk & Mathura Road,DELHI_SOUTH,15,0,490,14.0,5.0,SEVERE
Delhi NCR,Connaught Place Outer Circle,DELHI_CENTRAL,23,6,447,25.0,9.4,SEVERE
Delhi NCR,Ashram Chowk & Mathura Road,DELHI_SOUTH,5,0,461,14.0,5.0,SEVERE
Delhi NCR,Gurgaon Expressway (Sirhaul Border),DELHI_GURGAON,11,1,162,35.0,11.2,SEVERE
Delhi NCR,Connaught Place Outer Circle,DELHI_CENTRAL,9,6,413,25.0,5.0,SEVERE
Delhi NCR,Gurgaon Expressway (Sirhaul Border),DELHI_GURGAON,5,2,512,35.0,10.7,SEVERE
Delhi NCR,Peeragarhi Outer Ring Road,DELHI_WEST,4,6,413,20.0,8.2,SEVERE
Delhi NCR,ITO Junction & Vikas Marg,DELHI_CENTRAL,20,4,202,18.0,5.4,SEVERE
Delhi NCR,DND Flyway (Delhi-Noida Link),DELHI_EAST,13,3,328,45.0,22.6,MODERATE
Delhi NCR,DND Flyway (Delhi-Noida Link),DELHI_EAST,23,5,476,45.0,15.5,HEAVY
Delhi NCR,Ashram Chowk & Mathura Road,DELHI_SOUTH,10,6,234,14.0,5.0,SEVERE
Delhi NCR,Connaught Place Outer Circle,DELHI_CENTRAL,9,2,510,25.0,5.0,SEVERE
Delhi NCR,Laxmi Nagar Vikas Marg,DELHI_EAST,12,6,355,16.0,7.6,SEVERE
Delhi NCR,Connaught Place Outer Circle,DELHI_CENTRAL,19,6,517,25.0,5.0,SEVERE
Delhi NCR,AIIMS Ring Road Flyover,DELHI_SOUTH,13,3,118,22.0,15.9,HEAVY
Delhi NCR,ITO Junction & Vikas Marg,DELHI_CENTRAL,8,6,143,18.0,12.6,HEAVY
Delhi NCR,ITO Junction & Vikas Marg,DELHI_CENTRAL,18,2,298,18.0,5.0,SEVERE
Delhi NCR,Laxmi Nagar Vikas Marg,DELHI_EAST,20,2,309,16.0,5.0,SEVERE
Delhi NCR,Laxmi Nagar Vikas Marg,DELHI_EAST,5,1,225,16.0,9.8,SEVERE
Delhi NCR,DND Flyway (Delhi-Noida Link),DELHI_EAST,4,6,471,45.0,15.7,HEAVY
Delhi NCR,Connaught Place Outer Circle,DELHI_CENTRAL,2,1,447,25.0,9.4,SEVERE
Delhi NCR,Gurgaon Expressway (Sirhaul Border),DELHI_GURGAON,18,2,490,35.0,5.4,SEVERE
Delhi NCR,Laxmi Nagar Vikas Marg,DELHI_EAST,12,4,284,16.0,8.8,SEVERE
Delhi NCR,DND Flyway (Delhi-Noida Link),DELHI_EAST,1,2,515,45.0,13.6,HEAVY
Delhi NCR,Connaught Place Outer Circle,DELHI_CENTRAL,21,2,213,25.0,7.3,SEVERE
Delhi NCR,Connaught Place Outer Circle,DELHI_CENTRAL,10,0,88,25.0,8.9,SEVERE
Delhi NCR,ITO Junction & Vikas Marg,DELHI_CENTRAL,12,4,376,18.0,8.1,SEVERE
Delhi NCR,Ashram Chowk & Mathura Road,DELHI_SOUTH,14,4,296,14.0,7.5,SEVERE
Delhi NCR,DND Flyway (Delhi-Noida Link),DELHI_EAST,15,0,281,45.0,24.8,MODERATE
Delhi NCR,ITO Junction & Vikas Marg,DELHI_CENTRAL,3,2,315,18.0,9.3,SEVERE
Delhi NCR,Gurgaon Expressway (Sirhaul Border),DELHI_GURGAON,0,5,238,35.0,20.9,HEAVY
Delhi NCR,DND Flyway (Delhi-Noida Link),DELHI_EAST,16,1,453,45.0,16.6,HEAVY
Delhi NCR,Laxmi Nagar Vikas Marg,DELHI_EAST,17,6,114,16.0,5.5,SEVERE
Delhi NCR,Peeragarhi Outer Ring Road,DELHI_WEST,20,2,482,20.0,5.0,SEVERE
Delhi NCR,ITO Junction & Vikas Marg,DELHI_CENTRAL,20,5,140,18.0,5.9,SEVERE
Delhi NCR,Laxmi Nagar Vikas Marg,DELHI_EAST,2,3,342,16.0,7.8,SEVERE
Delhi NCR,Gurgaon Expressway (Sirhaul Border),DELHI_GURGAON,11,0,193,35.0,10.6,SEVERE
Delhi NCR,Peeragarhi Outer Ring Road,DELHI_WEST,0,6,371,20.0,9.1,SEVERE
Delhi NCR,DND Flyway (Delhi-Noida Link),DELHI_EAST,11,3,327,45.0,10.6,SEVERE
Delhi NCR,Gurgaon Expressway (Sirhaul Border),DELHI_GURGAON,10,5,493,35.0,5.4,SEVERE
Delhi NCR,Connaught Place Outer Circle,DELHI_CENTRAL,3,6,403,25.0,10.5,SEVERE
Delhi NCR,DND Flyway (Delhi-Noida Link),DELHI_EAST,7,3,119,45.0,32.6,LOW
Delhi NCR,Connaught Place Outer Circle,DELHI_CENTRAL,7,6,116,25.0,18.2,HEAVY
Delhi NCR,Laxmi Nagar Vikas Marg,DELHI_EAST,10,5,124,16.0,5.4,SEVERE
Delhi NCR,DND Flyway (Delhi-Noida Link),DELHI_EAST,19,6,475,45.0,7.3,SEVERE
Delhi NCR,Peeragarhi Outer Ring Road,DELHI_WEST,18,2,200,20.0,6.0,SEVERE
Delhi NCR,AIIMS Ring Road Flyover,DELHI_SOUTH,5,1,245,22.0,13.0,HEAVY
Delhi NCR,Connaught Place Outer Circle,DELHI_CENTRAL,13,3,197,25.0,16.0,HEAVY
Delhi NCR,AIIMS Ring Road Flyover,DELHI_SOUTH,7,0,117,22.0,16.0,HEAVY
Delhi NCR,Connaught Place Outer Circle,DELHI_CENTRAL,19,1,495,25.0,5.0,SEVERE
Delhi NCR,DND Flyway (Delhi-Noida Link),DELHI_EAST,17,5,446,45.0,8.0,SEVERE
Delhi NCR,Laxmi Nagar Vikas Marg,DELHI_EAST,4,5,352,16.0,7.6,SEVERE
Delhi NCR,AIIMS Ring Road Flyover,DELHI_SOUTH,2,1,83,22.0,16.8,HEAVY
Delhi NCR,AIIMS Ring Road Flyover,DELHI_SOUTH,4,6,414,22.0,9.0,SEVERE
Delhi NCR,Gurgaon Expressway (Sirhaul Border),DELHI_GURGAON,8,0,450,35.0,13.0,HEAVY
Delhi NCR,AIIMS Ring Road Flyover,DELHI_SOUTH,21,0,450,22.0,5.0,SEVERE
Delhi NCR,Connaught Place Outer Circle,DELHI_CENTRAL,14,6,336,25.0,12.3,HEAVY
Delhi NCR,Connaught Place Outer Circle,DELHI_CENTRAL,13,4,152,25.0,17.2,HEAVY
Delhi NCR,Laxmi Nagar Vikas Marg,DELHI_EAST,14,4,206,16.0,10.1,SEVERE
Delhi NCR,ITO Junction & Vikas Marg,DELHI_CENTRAL,15,6,164,18.0,12.2,HEAVY
Delhi NCR,Laxmi Nagar Vikas Marg,DELHI_EAST,11,0,430,16.0,5.0,SEVERE
Delhi NCR,Peeragarhi Outer Ring Road,DELHI_WEST,4,2,144,20.0,13.9,HEAVY
Delhi NCR,Gurgaon Expressway (Sirhaul Border),DELHI_GURGAON,15,3,86,35.0,26.6,MODERATE
Delhi NCR,ITO Junction & Vikas Marg,DELHI_CENTRAL,12,4,116,18.0,13.1,HEAVY
Delhi NCR,Gurgaon Expressway (Sirhaul Border),DELHI_GURGAON,8,3,169,35.0,23.5,MODERATE
Delhi NCR,Ashram Chowk & Mathura Road,DELHI_SOUTH,22,4,223,14.0,8.6,SEVERE
Delhi NCR,Connaught Place Outer Circle,DELHI_CENTRAL,17,5,454,25.0,5.0,SEVERE
Delhi NCR,DND Flyway (Delhi-Noida Link),DELHI_EAST,7,5,179,45.0,29.7,MODERATE
Delhi NCR,Connaught Place Outer Circle,DELHI_CENTRAL,10,0,428,25.0,5.0,SEVERE
Delhi NCR,Gurgaon Expressway (Sirhaul Border),DELHI_GURGAON,16,4,286,35.0,19.1,HEAVY
Delhi NCR,Connaught Place Outer Circle,DELHI_CENTRAL,3,6,113,25.0,18.2,HEAVY
Delhi NCR,Laxmi Nagar Vikas Marg,DELHI_EAST,3,6,107,16.0,11.8,SEVERE
Delhi NCR,AIIMS Ring Road Flyover,DELHI_SOUTH,4,0,351,22.0,10.5,SEVERE
Delhi NCR,ITO Junction & Vikas Marg,DELHI_CENTRAL,0,1,240,18.0,10.7,SEVERE
Delhi NCR,AIIMS Ring Road Flyover,DELHI_SOUTH,8,1,482,22.0,7.4,SEVERE
Delhi NCR,Ashram Chowk & Mathura Road,DELHI_SOUTH,12,6,138,14.0,9.8,SEVERE
Delhi NCR,ITO Junction & Vikas Marg,DELHI_CENTRAL,23,0,290,18.0,9.8,SEVERE
Delhi NCR,Laxmi Nagar Vikas Marg,DELHI_EAST,12,0,456,16.0,5.8,SEVERE
Delhi NCR,Ashram Chowk & Mathura Road,DELHI_SOUTH,3,0,243,14.0,8.3,SEVERE
Delhi NCR,DND Flyway (Delhi-Noida Link),DELHI_EAST,22,4,227,45.0,27.4,MODERATE
Delhi NCR,Ashram Chowk & Mathura Road,DELHI_SOUTH,10,4,202,14.0,5.0,SEVERE
Delhi NCR,Ashram Chowk & Mathura Road,DELHI_SOUTH,3,6,249,14.0,8.2,SEVERE
Delhi NCR,AIIMS Ring Road Flyover,DELHI_SOUTH,8,0,191,22.0,14.2,HEAVY
Delhi NCR,Peeragarhi Outer Ring Road,DELHI_WEST,2,3,455,20.0,7.3,SEVERE
Delhi NCR,Gurgaon Expressway (Sirhaul Border),DELHI_GURGAON,20,5,101,35.0,12.2,HEAVY
Delhi NCR,AIIMS Ring Road Flyover,DELHI_SOUTH,13,0,503,22.0,6.9,SEVERE
Delhi NCR,AIIMS Ring Road Flyover,DELHI_SOUTH,17,4,218,22.0,6.4,SEVERE
Delhi NCR,Ashram Chowk & Mathura Road,DELHI_SOUTH,6,2,101,14.0,10.4,SEVERE
Delhi NCR,Gurgaon Expressway (Sirhaul Border),DELHI_GURGAON,21,2,178,35.0,10.9,SEVERE
Delhi NCR,Connaught Place Outer Circle,DELHI_CENTRAL,16,0,224,25.0,15.3,HEAVY
Delhi NCR,Ashram Chowk & Mathura Road,DELHI_SOUTH,14,0,436,14.0,5.4,SEVERE
Delhi NCR,Connaught Place Outer Circle,DELHI_CENTRAL,4,1,456,25.0,9.1,SEVERE
Delhi NCR,Laxmi Nagar Vikas Marg,DELHI_EAST,14,0,328,16.0,8.0,SEVERE
Delhi NCR,Gurgaon Expressway (Sirhaul Border),DELHI_GURGAON,3,1,255,35.0,20.3,HEAVY
Delhi NCR,Laxmi Nagar Vikas Marg,DELHI_EAST,7,6,488,16.0,5.3,SEVERE
Delhi NCR,DND Flyway (Delhi-Noida Link),DELHI_EAST,6,4,511,45.0,13.8,HEAVY
Delhi NCR,Connaught Place Outer Circle,DELHI_CENTRAL,8,3,318,25.0,12.8,HEAVY
Delhi NCR,AIIMS Ring Road Flyover,DELHI_SOUTH,1,6,354,22.0,10.4,SEVERE
Delhi NCR,ITO Junction & Vikas Marg,DELHI_CENTRAL,8,1,107,18.0,13.3,HEAVY
Delhi NCR,Connaught Place Outer Circle,DELHI_CENTRAL,8,3,410,25.0,10.4,SEVERE
Delhi NCR,Ashram Chowk & Mathura Road,DELHI_SOUTH,10,0,369,14.0,5.0,SEVERE
Delhi NCR,ITO Junction & Vikas Marg,DELHI_CENTRAL,8,4,257,18.0,10.4,SEVERE
Delhi NCR,AIIMS Ring Road Flyover,DELHI_SOUTH,11,2,107,22.0,7.6,SEVERE
Delhi NCR,Peeragarhi Outer Ring Road,DELHI_WEST,3,1,353,20.0,9.5,SEVERE
Delhi NCR,ITO Junction & Vikas Marg,DELHI_CENTRAL,20,2,185,18.0,5.5,SEVERE
Delhi NCR,Ashram Chowk & Mathura Road,DELHI_SOUTH,3,5,431,14.0,5.5,SEVERE
Delhi NCR,Peeragarhi Outer Ring Road,DELHI_WEST,17,1,198,20.0,6.0,SEVERE
Delhi NCR,DND Flyway (Delhi-Noida Link),DELHI_EAST,9,4,337,45.0,10.4,SEVERE
Delhi NCR,Ashram Chowk & Mathura Road,DELHI_SOUTH,13,6,510,14.0,5.0,SEVERE
Delhi NCR,AIIMS Ring Road Flyover,DELHI_SOUTH,8,5,342,22.0,10.7,SEVERE
Delhi NCR,DND Flyway (Delhi-Noida Link),DELHI_EAST,17,2,285,45.0,11.6,SEVERE
Delhi NCR,AIIMS Ring Road Flyover,DELHI_SOUTH,13,0,459,22.0,8.0,SEVERE
Delhi NCR,DND Flyway (Delhi-Noida Link),DELHI_EAST,7,1,426,45.0,17.9,HEAVY
Delhi NCR,Connaught Place Outer Circle,DELHI_CENTRAL,11,3,335,25.0,5.8,SEVERE
Delhi NCR,Connaught Place Outer Circle,DELHI_CENTRAL,10,6,153,25.0,8.1,SEVERE
Delhi NCR,Gurgaon Expressway (Sirhaul Border),DELHI_GURGAON,12,1,506,35.0,10.9,SEVERE
Delhi NCR,DND Flyway (Delhi-Noida Link),DELHI_EAST,21,4,301,45.0,11.2,SEVERE
Delhi NCR,Gurgaon Expressway (Sirhaul Border),DELHI_GURGAON,7,1,495,35.0,11.3,SEVERE
Delhi NCR,DND Flyway (Delhi-Noida Link),DELHI_EAST,22,4,122,45.0,32.4,LOW
Delhi NCR,Connaught Place Outer Circle,DELHI_CENTRAL,15,3,386,25.0,11.0,SEVERE
Delhi NCR,DND Flyway (Delhi-Noida Link),DELHI_EAST,12,1,419,45.0,18.2,HEAVY
Delhi NCR,Peeragarhi Outer Ring Road,DELHI_WEST,1,6,343,20.0,9.7,SEVERE
Delhi NCR,Connaught Place Outer Circle,DELHI_CENTRAL,16,1,456,25.0,9.1,SEVERE
Delhi NCR,DND Flyway (Delhi-Noida Link),DELHI_EAST,7,1,114,45.0,32.8,LOW
Delhi NCR,Connaught Place Outer Circle,DELHI_CENTRAL,7,6,196,25.0,16.0,HEAVY
Delhi NCR,ITO Junction & Vikas Marg,DELHI_CENTRAL,17,5,125,18.0,6.1,SEVERE
Delhi NCR,Connaught Place Outer Circle,DELHI_CENTRAL,8,4,488,25.0,8.3,SEVERE
Delhi NCR,Connaught Place Outer Circle,DELHI_CENTRAL,19,0,80,25.0,9.0,SEVERE
Delhi NCR,Peeragarhi Outer Ring Road,DELHI_WEST,5,0,346,20.0,9.6,SEVERE
Delhi NCR,DND Flyway (Delhi-Noida Link),DELHI_EAST,2,0,338,45.0,22.1,MODERATE
Delhi NCR,Gurgaon Expressway (Sirhaul Border),DELHI_GURGAON,1,0,82,35.0,26.7,MODERATE
Delhi NCR,Ashram Chowk & Mathura Road,DELHI_SOUTH,12,0,502,14.0,5.0,SEVERE
Delhi NCR,Connaught Place Outer Circle,DELHI_CENTRAL,17,4,285,25.0,6.4,SEVERE
Delhi NCR,Gurgaon Expressway (Sirhaul Border),DELHI_GURGAON,18,1,436,35.0,6.4,SEVERE
Delhi NCR,AIIMS Ring Road Flyover,DELHI_SOUTH,17,1,394,22.0,5.0,SEVERE
Delhi NCR,DND Flyway (Delhi-Noida Link),DELHI_EAST,23,6,255,45.0,26.1,MODERATE
Delhi NCR,Connaught Place Outer Circle,DELHI_CENTRAL,22,5,286,25.0,13.7,HEAVY
Delhi NCR,Gurgaon Expressway (Sirhaul Border),DELHI_GURGAON,0,6,476,35.0,12.0,HEAVY
Delhi NCR,ITO Junction & Vikas Marg,DELHI_CENTRAL,16,3,403,18.0,7.6,SEVERE
Delhi NCR,Ashram Chowk & Mathura Road,DELHI_SOUTH,19,2,465,14.0,5.0,SEVERE
Delhi NCR,AIIMS Ring Road Flyover,DELHI_SOUTH,0,1,370,22.0,10.1,SEVERE
Delhi NCR,Ashram Chowk & Mathura Road,DELHI_SOUTH,10,1,512,14.0,5.0,SEVERE
Delhi NCR,ITO Junction & Vikas Marg,DELHI_CENTRAL,21,3,415,18.0,5.0,SEVERE
Delhi NCR,Laxmi Nagar Vikas Marg,DELHI_EAST,3,3,452,16.0,5.9,SEVERE
Delhi NCR,Connaught Place Outer Circle,DELHI_CENTRAL,12,5,331,25.0,12.5,HEAVY
Delhi NCR,Ashram Chowk & Mathura Road,DELHI_SOUTH,11,2,157,14.0,5.0,SEVERE
Delhi NCR,Connaught Place Outer Circle,DELHI_CENTRAL,8,3,350,25.0,12.0,HEAVY
Delhi NCR,Gurgaon Expressway (Sirhaul Border),DELHI_GURGAON,0,0,149,35.0,24.2,MODERATE
Delhi NCR,DND Flyway (Delhi-Noida Link),DELHI_EAST,0,2,326,45.0,22.7,MODERATE
Delhi NCR,Connaught Place Outer Circle,DELHI_CENTRAL,3,3,301,25.0,13.3,HEAVY
Delhi NCR,DND Flyway (Delhi-Noida Link),DELHI_EAST,13,3,116,45.0,32.7,LOW
Delhi NCR,Gurgaon Expressway (Sirhaul Border),DELHI_GURGAON,18,4,355,35.0,7.8,SEVERE
Delhi NCR,ITO Junction & Vikas Marg,DELHI_CENTRAL,15,5,517,18.0,5.4,SEVERE
Delhi NCR,DND Flyway (Delhi-Noida Link),DELHI_EAST,10,4,447,45.0,7.9,SEVERE
Delhi NCR,DND Flyway (Delhi-Noida Link),DELHI_EAST,2,6,115,45.0,32.8,LOW
Delhi NCR,AIIMS Ring Road Flyover,DELHI_SOUTH,15,5,218,22.0,13.6,HEAVY
Delhi NCR,Ashram Chowk & Mathura Road,DELHI_SOUTH,0,1,387,14.0,6.1,SEVERE
Delhi NCR,Laxmi Nagar Vikas Marg,DELHI_EAST,14,1,463,16.0,5.7,SEVERE
Delhi NCR,Connaught Place Outer Circle,DELHI_CENTRAL,1,3,95,25.0,18.7,HEAVY
Delhi NCR,Laxmi Nagar Vikas Marg,DELHI_EAST,18,0,138,16.0,5.3,SEVERE
Delhi NCR,Gurgaon Expressway (Sirhaul Border),DELHI_GURGAON,5,1,519,35.0,10.4,SEVERE
Delhi NCR,DND Flyway (Delhi-Noida Link),DELHI_EAST,16,0,324,45.0,22.8,MODERATE
Delhi NCR,Laxmi Nagar Vikas Marg,DELHI_EAST,8,4,478,16.0,5.5,SEVERE
Delhi NCR,ITO Junction & Vikas Marg,DELHI_CENTRAL,7,3,85,18.0,13.7,HEAVY
Delhi NCR,ITO Junction & Vikas Marg,DELHI_CENTRAL,18,5,169,18.0,5.7,SEVERE
Delhi NCR,Laxmi Nagar Vikas Marg,DELHI_EAST,12,6,203,16.0,10.1,SEVERE
Delhi NCR,AIIMS Ring Road Flyover,DELHI_SOUTH,0,5,243,22.0,13.0,HEAVY
Delhi NCR,DND Flyway (Delhi-Noida Link),DELHI_EAST,10,3,341,45.0,10.3,SEVERE
Delhi NCR,AIIMS Ring Road Flyover,DELHI_SOUTH,6,4,509,22.0,6.8,SEVERE
Delhi NCR,Peeragarhi Outer Ring Road,DELHI_WEST,16,3,519,20.0,6.0,SEVERE
Delhi NCR,Peeragarhi Outer Ring Road,DELHI_WEST,21,4,408,20.0,5.0,SEVERE
Delhi NCR,Laxmi Nagar Vikas Marg,DELHI_EAST,12,5,320,16.0,8.2,SEVERE
Delhi NCR,Peeragarhi Outer Ring Road,DELHI_WEST,9,4,511,20.0,5.0,SEVERE
Delhi NCR,Ashram Chowk & Mathura Road,DELHI_SOUTH,0,5,285,14.0,7.7,SEVERE
Delhi NCR,Peeragarhi Outer Ring Road,DELHI_WEST,12,1,247,20.0,11.8,SEVERE
Delhi NCR,Peeragarhi Outer Ring Road,DELHI_WEST,7,6,314,20.0,10.3,SEVERE
Delhi NCR,Connaught Place Outer Circle,DELHI_CENTRAL,5,3,86,25.0,19.0,HEAVY
Delhi NCR,Gurgaon Expressway (Sirhaul Border),DELHI_GURGAON,13,4,182,35.0,23.0,MODERATE
Delhi NCR,Peeragarhi Outer Ring Road,DELHI_WEST,12,5,396,20.0,8.6,SEVERE
Delhi NCR,Connaught Place Outer Circle,DELHI_CENTRAL,0,1,222,25.0,15.4,HEAVY
Delhi NCR,AIIMS Ring Road Flyover,DELHI_SOUTH,6,5,213,22.0,13.7,HEAVY
Delhi NCR,ITO Junction & Vikas Marg,DELHI_CENTRAL,20,4,351,18.0,5.0,SEVERE
Delhi NCR,Gurgaon Expressway (Sirhaul Border),DELHI_GURGAON,12,6,474,35.0,12.1,HEAVY
Delhi NCR,Laxmi Nagar Vikas Marg,DELHI_EAST,6,0,290,16.0,8.7,SEVERE
Delhi NCR,ITO Junction & Vikas Marg,DELHI_CENTRAL,7,0,181,18.0,11.8,SEVERE
Delhi NCR,ITO Junction & Vikas Marg,DELHI_CENTRAL,14,3,207,18.0,11.3,SEVERE
Delhi NCR,Connaught Place Outer Circle,DELHI_CENTRAL,8,5,107,25.0,18.4,HEAVY
Delhi NCR,DND Flyway (Delhi-Noida Link),DELHI_EAST,21,4,104,45.0,15.7,HEAVY
Delhi NCR,ITO Junction & Vikas Marg,DELHI_CENTRAL,16,5,103,18.0,13.3,HEAVY
Delhi NCR,AIIMS Ring Road Flyover,DELHI_SOUTH,3,5,288,22.0,12.0,HEAVY
Delhi NCR,Peeragarhi Outer Ring Road,DELHI_WEST,15,4,109,20.0,14.7,HEAVY
Delhi NCR,Gurgaon Expressway (Sirhaul Border),DELHI_GURGAON,1,6,330,35.0,17.5,HEAVY
Delhi NCR,AIIMS Ring Road Flyover,DELHI_SOUTH,18,5,403,22.0,5.0,SEVERE
Delhi NCR,Laxmi Nagar Vikas Marg,DELHI_EAST,18,3,262,16.0,5.0,SEVERE
Delhi NCR,AIIMS Ring Road Flyover,DELHI_SOUTH,9,3,295,22.0,5.6,SEVERE
Delhi NCR,Laxmi Nagar Vikas Marg,DELHI_EAST,0,3,163,16.0,10.8,SEVERE
Delhi NCR,Peeragarhi Outer Ring Road,DELHI_WEST,13,0,102,20.0,14.8,HEAVY
Delhi NCR,AIIMS Ring Road Flyover,DELHI_SOUTH,18,0,143,22.0,7.2,SEVERE
Delhi NCR,Peeragarhi Outer Ring Road,DELHI_WEST,14,3,81,20.0,15.3,HEAVY
Delhi NCR,DND Flyway (Delhi-Noida Link),DELHI_EAST,12,0,346,45.0,21.7,HEAVY
Delhi NCR,DND Flyway (Delhi-Noida Link),DELHI_EAST,2,4,107,45.0,33.1,LOW
Delhi NCR,Connaught Place Outer Circle,DELHI_CENTRAL,22,0,379,25.0,11.2,SEVERE
Delhi NCR,Gurgaon Expressway (Sirhaul Border),DELHI_GURGAON,1,0,420,35.0,14.1,HEAVY
Delhi NCR,Ashram Chowk & Mathura Road,DELHI_SOUTH,13,4,406,14.0,5.9,SEVERE
Delhi NCR,DND Flyway (Delhi-Noida Link),DELHI_EAST,12,1,331,45.0,22.4,MODERATE
Delhi NCR,DND Flyway (Delhi-Noida Link),DELHI_EAST,16,2,140,45.0,31.6,MODERATE
Delhi NCR,ITO Junction & Vikas Marg,DELHI_CENTRAL,17,6,293,18.0,5.0,SEVERE
Delhi NCR,Connaught Place Outer Circle,DELHI_CENTRAL,21,1,437,25.0,5.0,SEVERE
Delhi NCR,Connaught Place Outer Circle,DELHI_CENTRAL,14,0,161,25.0,17.0,HEAVY
Delhi NCR,ITO Junction & Vikas Marg,DELHI_CENTRAL,4,0,276,18.0,10.0,SEVERE
Delhi NCR,AIIMS Ring Road Flyover,DELHI_SOUTH,4,6,489,22.0,7.3,SEVERE
Delhi NCR,Ashram Chowk & Mathura Road,DELHI_SOUTH,23,4,385,14.0,6.2,SEVERE
Delhi NCR,Gurgaon Expressway (Sirhaul Border),DELHI_GURGAON,14,6,382,35.0,15.5,HEAVY
Delhi NCR,Peeragarhi Outer Ring Road,DELHI_WEST,0,5,187,20.0,13.0,HEAVY
Delhi NCR,AIIMS Ring Road Flyover,DELHI_SOUTH,2,6,249,22.0,12.9,HEAVY
Delhi NCR,Gurgaon Expressway (Sirhaul Border),DELHI_GURGAON,1,2,434,35.0,13.6,HEAVY
Delhi NCR,ITO Junction & Vikas Marg,DELHI_CENTRAL,22,6,172,18.0,12.0,HEAVY
Delhi NCR,Ashram Chowk & Mathura Road,DELHI_SOUTH,1,0,134,14.0,9.9,SEVERE
Delhi NCR,ITO Junction & Vikas Marg,DELHI_CENTRAL,9,2,379,18.0,5.0,SEVERE
Delhi NCR,Laxmi Nagar Vikas Marg,DELHI_EAST,21,5,218,16.0,5.0,SEVERE
Delhi NCR,DND Flyway (Delhi-Noida Link),DELHI_EAST,17,0,320,45.0,10.8,SEVERE
Delhi NCR,Laxmi Nagar Vikas Marg,DELHI_EAST,3,0,364,16.0,7.4,SEVERE
Delhi NCR,Connaught Place Outer Circle,DELHI_CENTRAL,18,6,358,25.0,5.5,SEVERE
Delhi NCR,Peeragarhi Outer Ring Road,DELHI_WEST,14,1,235,20.0,12.0,HEAVY
Delhi NCR,Connaught Place Outer Circle,DELHI_CENTRAL,7,5,149,25.0,17.3,HEAVY
Delhi NCR,DND Flyway (Delhi-Noida Link),DELHI_EAST,20,5,94,45.0,15.9,HEAVY
Delhi NCR,Peeragarhi Outer Ring Road,DELHI_WEST,11,5,417,20.0,5.0,SEVERE
Delhi NCR,Laxmi Nagar Vikas Marg,DELHI_EAST,16,0,248,16.0,9.4,SEVERE
Delhi NCR,Ashram Chowk & Mathura Road,DELHI_SOUTH,22,1,419,14.0,5.7,SEVERE
Delhi NCR,Gurgaon Expressway (Sirhaul Border),DELHI_GURGAON,8,2,423,35.0,14.0,HEAVY
Delhi NCR,Connaught Place Outer Circle,DELHI_CENTRAL,10,6,199,25.0,7.5,SEVERE
Delhi NCR,Peeragarhi Outer Ring Road,DELHI_WEST,18,5,411,20.0,5.0,SEVERE
Delhi NCR,ITO Junction & Vikas Marg,DELHI_CENTRAL,15,3,466,18.0,6.4,SEVERE
Delhi NCR,ITO Junction & Vikas Marg,DELHI_CENTRAL,19,2,500,18.0,5.0,SEVERE
Delhi NCR,Peeragarhi Outer Ring Road,DELHI_WEST,19,6,159,20.0,6.4,SEVERE
Delhi NCR,Gurgaon Expressway (Sirhaul Border),DELHI_GURGAON,17,2,201,35.0,10.5,SEVERE
Delhi NCR,Peeragarhi Outer Ring Road,DELHI_WEST,5,2,176,20.0,13.3,HEAVY
Delhi NCR,DND Flyway (Delhi-Noida Link),DELHI_EAST,21,5,131,45.0,15.1,HEAVY
Delhi NCR,Peeragarhi Outer Ring Road,DELHI_WEST,17,1,134,20.0,6.7,SEVERE
Delhi NCR,Laxmi Nagar Vikas Marg,DELHI_EAST,20,6,307,16.0,5.0,SEVERE
Delhi NCR,DND Flyway (Delhi-Noida Link),DELHI_EAST,18,1,241,45.0,12.6,HEAVY
Delhi NCR,AIIMS Ring Road Flyover,DELHI_SOUTH,22,6,348,22.0,10.6,SEVERE
Delhi NCR,Connaught Place Outer Circle,DELHI_CENTRAL,23,3,384,25.0,11.1,SEVERE
Delhi NCR,Peeragarhi Outer Ring Road,DELHI_WEST,22,2,273,20.0,11.2,SEVERE
Delhi NCR,Ashram Chowk & Mathura Road,DELHI_SOUTH,18,4,362,14.0,5.0,SEVERE
Delhi NCR,DND Flyway (Delhi-Noida Link),DELHI_EAST,20,0,271,45.0,11.9,SEVERE
Delhi NCR,AIIMS Ring Road Flyover,DELHI_SOUTH,1,5,228,22.0,13.4,HEAVY
Delhi NCR,Peeragarhi Outer Ring Road,DELHI_WEST,17,5,367,20.0,5.0,SEVERE
Delhi NCR,Peeragarhi Outer Ring Road,DELHI_WEST,2,0,419,20.0,8.1,SEVERE
Delhi NCR,Connaught Place Outer Circle,DELHI_CENTRAL,18,0,432,25.0,5.0,SEVERE
Delhi NCR,Connaught Place Outer Circle,DELHI_CENTRAL,4,2,94,25.0,18.8,HEAVY
Delhi NCR,Peeragarhi Outer Ring Road,DELHI_WEST,20,6,150,20.0,6.5,SEVERE
Delhi NCR,AIIMS Ring Road Flyover,DELHI_SOUTH,4,0,515,22.0,6.7,SEVERE
Delhi NCR,Peeragarhi Outer Ring Road,DELHI_WEST,16,0,508,20.0,6.2,SEVERE
Delhi NCR,Connaught Place Outer Circle,DELHI_CENTRAL,19,6,319,25.0,6.0,SEVERE
Delhi NCR,Laxmi Nagar Vikas Marg,DELHI_EAST,1,5,222,16.0,9.8,SEVERE
Delhi NCR,Laxmi Nagar Vikas Marg,DELHI_EAST,18,6,440,16.0,5.0,SEVERE
Delhi NCR,Connaught Place Outer Circle,DELHI_CENTRAL,9,1,336,25.0,5.8,SEVERE
Delhi NCR,Ashram Chowk & Mathura Road,DELHI_SOUTH,7,0,304,14.0,7.4,SEVERE
Delhi NCR,Peeragarhi Outer Ring Road,DELHI_WEST,8,4,161,20.0,13.6,HEAVY
Delhi NCR,Laxmi Nagar Vikas Marg,DELHI_EAST,7,4,480,16.0,5.4,SEVERE
Delhi NCR,Connaught Place Outer Circle,DELHI_CENTRAL,0,1,431,25.0,9.8,SEVERE
Delhi NCR,Peeragarhi Outer Ring Road,DELHI_WEST,8,3,139,20.0,14.0,HEAVY
Delhi NCR,ITO Junction & Vikas Marg,DELHI_CENTRAL,3,0,230,18.0,10.9,SEVERE
Delhi NCR,Peeragarhi Outer Ring Road,DELHI_WEST,3,6,505,20.0,6.3,SEVERE
Delhi NCR,Laxmi Nagar Vikas Marg,DELHI_EAST,21,0,357,16.0,5.0,SEVERE
Delhi NCR,AIIMS Ring Road Flyover,DELHI_SOUTH,20,4,329,22.0,5.2,SEVERE
Delhi NCR,DND Flyway (Delhi-Noida Link),DELHI_EAST,11,5,126,45.0,15.2,HEAVY
Delhi NCR,DND Flyway (Delhi-Noida Link),DELHI_EAST,9,2,415,45.0,8.7,SEVERE
Delhi NCR,Ashram Chowk & Mathura Road,DELHI_SOUTH,12,4,425,14.0,5.6,SEVERE
Delhi NCR,AIIMS Ring Road Flyover,DELHI_SOUTH,1,6,371,22.0,10.0,SEVERE
Delhi NCR,Laxmi Nagar Vikas Marg,DELHI_EAST,18,0,85,16.0,5.7,SEVERE
Delhi NCR,Peeragarhi Outer Ring Road,DELHI_WEST,17,5,237,20.0,5.6,SEVERE
Delhi NCR,Gurgaon Expressway (Sirhaul Border),DELHI_GURGAON,22,0,214,35.0,21.8,HEAVY
Delhi NCR,Gurgaon Expressway (Sirhaul Border),DELHI_GURGAON,22,0,465,35.0,12.5,HEAVY
Delhi NCR,AIIMS Ring Road Flyover,DELHI_SOUTH,13,2,304,22.0,11.6,SEVERE
Delhi NCR,Gurgaon Expressway (Sirhaul Border),DELHI_GURGAON,20,5,137,35.0,11.6,SEVERE
Delhi NCR,Peeragarhi Outer Ring Road,DELHI_WEST,18,3,287,20.0,5.1,SEVERE
Delhi NCR,DND Flyway (Delhi-Noida Link),DELHI_EAST,5,6,122,45.0,32.4,LOW
Delhi NCR,Peeragarhi Outer Ring Road,DELHI_WEST,8,0,126,20.0,14.3,HEAVY
Delhi NCR,Ashram Chowk & Mathura Road,DELHI_SOUTH,11,4,150,14.0,5.0,SEVERE
Delhi NCR,DND Flyway (Delhi-Noida Link),DELHI_EAST,19,0,429,45.0,8.3,SEVERE
Delhi NCR,ITO Junction & Vikas Marg,DELHI_CENTRAL,22,0,251,18.0,10.5,SEVERE
Delhi NCR,Peeragarhi Outer Ring Road,DELHI_WEST,1,1,455,20.0,7.3,SEVERE
Delhi NCR,Gurgaon Expressway (Sirhaul Border),DELHI_GURGAON,23,3,119,35.0,25.3,MODERATE
Delhi NCR,Connaught Place Outer Circle,DELHI_CENTRAL,15,6,257,25.0,14.4,HEAVY
Delhi NCR,Laxmi Nagar Vikas Marg,DELHI_EAST,10,0,135,16.0,5.3,SEVERE
Delhi NCR,Peeragarhi Outer Ring Road,DELHI_WEST,15,5,319,20.0,10.2,SEVERE
Delhi NCR,ITO Junction & Vikas Marg,DELHI_CENTRAL,15,3,270,18.0,10.1,SEVERE
Delhi NCR,AIIMS Ring Road Flyover,DELHI_SOUTH,18,0,106,22.0,7.6,SEVERE
Delhi NCR,Peeragarhi Outer Ring Road,DELHI_WEST,5,1,319,20.0,10.2,SEVERE
Delhi NCR,Laxmi Nagar Vikas Marg,DELHI_EAST,5,2,189,16.0,10.4,SEVERE
Delhi NCR,ITO Junction & Vikas Marg,DELHI_CENTRAL,11,6,387,18.0,5.0,SEVERE
