city,corridor,zone,hour,day_of_week,vehicle_count,historical_avg_speed_kmh,target_speed_kmh
Delhi NCR,AIIMS Ring Road Junction,DELHI_SOUTH,13,5,148,18.2,12.9
Bengaluru,Hebbal Flyover to Airport,ZONE_NORTH,0,3,230,11.0,6.6
Bengaluru,M.G. Road Corridor,ZONE_CENTRAL,4,5,183,45.5,30.2
Bengaluru,Central Silk Board Junction,ZONE_SOUTH,2,3,233,16.9,10.1
Bengaluru,M.G. Road Corridor,ZONE_CENTRAL,3,6,359,19.5,8.5
Mumbai,Bandra-Worli Sea Link Approach,MUMBAI_BANDRA,5,2,108,19.6,14.9
Delhi NCR,Gurgaon Cyber City Expressway,DELHI_GURGAON,18,0,437,24.0,6.0
Bengaluru,Central Silk Board Junction,ZONE_SOUTH,22,0,422,29.8,10.7
Bengaluru,Whitefield ITPB Main Road,ZONE_EAST,9,5,77,31.7,12.7
Bengaluru,Hebbal Flyover to Airport,ZONE_NORTH,18,0,283,42.7,11.4
Bengaluru,Whitefield ITPB Main Road,ZONE_EAST,2,1,70,9.7,7.9
Delhi NCR,Gurgaon Cyber City Expressway,DELHI_GURGAON,6,0,165,47.7,32.8
Mumbai,Bandra-Worli Sea Link Approach,MUMBAI_BANDRA,17,2,191,39.9,13.1
Bengaluru,Whitefield ITPB Main Road,ZONE_EAST,16,3,433,31.6,10.8
Bengaluru,M.G. Road Corridor,ZONE_CENTRAL,14,3,58,11.5,9.5
Delhi NCR,Gurgaon Cyber City Expressway,DELHI_GURGAON,16,5,397,15.7,6.1
Bengaluru,Central Silk Board Junction,ZONE_SOUTH,5,1,343,48.7,22.4
Bengaluru,Central Silk Board Junction,ZONE_SOUTH,15,4,453,37.2,11.8
Delhi NCR,AIIMS Ring Road Junction,DELHI_SOUTH,0,4,450,45.1,14.5
Mumbai,Bandra-Worli Sea Link Approach,MUMBAI_BANDRA,1,4,427,12.7,6.0
Bengaluru,Central Silk Board Junction,ZONE_SOUTH,11,3,477,10.3,6.0
Mumbai,Bandra-Worli Sea Link Approach,MUMBAI_BANDRA,11,0,385,19.9,6.0
Bengaluru,Central Silk Board Junction,ZONE_SOUTH,17,6,57,46.9,19.4
Bengaluru,M.G. Road Corridor,ZONE_CENTRAL,18,2,226,36.7,11.2
Bengaluru,Central Silk Board Junction,ZONE_SOUTH,17,5,384,11.9,6.0
Bengaluru,M.G. Road Corridor,ZONE_CENTRAL,23,3,199,16.5,10.6
Mumbai,Western Express Highway (Andheri),MUMBAI_WEH,5,2,379,22.5,9.3
Mumbai,Western Express Highway (Andheri),MUMBAI_WEH,11,6,158,29.7,10.3
Bengaluru,Central Silk Board Junction,ZONE_SOUTH,13,5,57,18.2,15.0
Bengaluru,Whitefield ITPB Main Road,ZONE_EAST,22,4,275,49.1,26.8
Bengaluru,Hebbal Flyover to Airport,ZONE_NORTH,18,2,251,37.4,10.8
Mumbai,Western Express Highway (Andheri),MUMBAI_WEH,12,3,242,34.7,20.4
Mumbai,Western Express Highway (Andheri),MUMBAI_WEH,18,0,173,20.9,7.1
Mumbai,Bandra-Worli Sea Link Approach,MUMBAI_BANDRA,18,2,255,37.7,10.8
Delhi NCR,AIIMS Ring Road Junction,DELHI_SOUTH,0,5,139,33.7,24.3
Bengaluru,Central Silk Board Junction,ZONE_SOUTH,8,4,201,15.0,6.0
Mumbai,Western Express Highway (Andheri),MUMBAI_WEH,13,5,222,28.6,17.6
Bengaluru,M.G. Road Corridor,ZONE_CENTRAL,6,0,66,29.6,24.1
Delhi NCR,AIIMS Ring Road Junction,DELHI_SOUTH,12,0,370,40.3,17.1
Mumbai,Bandra-Worli Sea Link Approach,MUMBAI_BANDRA,16,6,142,36.3,26.0
Bengaluru,Whitefield ITPB Main Road,ZONE_EAST,23,1,385,19.0,7.7
Delhi NCR,Gurgaon Cyber City Expressway,DELHI_GURGAON,14,2,374,13.1,6.0
Delhi NCR,Gurgaon Cyber City Expressway,DELHI_GURGAON,17,5,444,46.2,7.6
Bengaluru,Central Silk Board Junction,ZONE_SOUTH,12,3,451,36.4,11.7
Delhi NCR,AIIMS Ring Road Junction,DELHI_SOUTH,16,3,71,23.8,19.2
Delhi NCR,AIIMS Ring Road Junction,DELHI_SOUTH,12,6,244,25.7,15.1
Bengaluru,M.G. Road Corridor,ZONE_CENTRAL,14,4,370,21.0,8.9
Delhi NCR,Gurgaon Cyber City Expressway,DELHI_GURGAON,0,0,139,22.0,15.9
Bengaluru,M.G. Road Corridor,ZONE_CENTRAL,7,2,414,39.4,14.5
Bengaluru,Central Silk Board Junction,ZONE_SOUTH,12,4,236,9.6,6.0
Mumbai,Bandra-Worli Sea Link Approach,MUMBAI_BANDRA,12,0,152,19.6,13.8
Mumbai,Western Express Highway (Andheri),MUMBAI_WEH,20,3,373,47.2,9.9
Mumbai,Western Express Highway (Andheri),MUMBAI_WEH,15,6,146,39.9,28.4
Mumbai,Western Express Highway (Andheri),MUMBAI_WEH,16,4,282,36.9,19.8
Mumbai,Western Express Highway (Andheri),MUMBAI_WEH,12,1,369,12.3,6.0
Bengaluru,Hebbal Flyover to Airport,ZONE_NORTH,13,0,211,33.5,21.1
Mumbai,Bandra-Worli Sea Link Approach,MUMBAI_BANDRA,17,2,128,38.3,14.1
Delhi NCR,Gurgaon Cyber City Expressway,DELHI_GURGAON,21,5,186,36.1,11.9
Mumbai,Western Express Highway (Andheri),MUMBAI_WEH,0,2,463,31.1,9.5
Delhi NCR,AIIMS Ring Road Junction,DELHI_SOUTH,11,2,347,30.3,6.9
Mumbai,Western Express Highway (Andheri),MUMBAI_WEH,11,4,338,47.1,11.0
Mumbai,Bandra-Worli Sea Link Approach,MUMBAI_BANDRA,19,1,479,47.7,6.8
Bengaluru,M.G. Road Corridor,ZONE_CENTRAL,0,3,195,19.8,12.9
Bengaluru,Central Silk Board Junction,ZONE_SOUTH,22,3,264,39.1,21.9
Mumbai,Western Express Highway (Andheri),MUMBAI_WEH,4,5,196,23.1,15.0
Mumbai,Bandra-Worli Sea Link Approach,MUMBAI_BANDRA,22,6,149,47.3,33.5
Bengaluru,Whitefield ITPB Main Road,ZONE_EAST,5,4,124,41.0,30.4
Delhi NCR,AIIMS Ring Road Junction,DELHI_SOUTH,4,3,464,41.0,12.4
Mumbai,Western Express Highway (Andheri),MUMBAI_WEH,10,1,79,15.1,6.0
Mumbai,Bandra-Worli Sea Link Approach,MUMBAI_BANDRA,0,5,112,28.1,21.2
Mumbai,Western Express Highway (Andheri),MUMBAI_WEH,16,3,226,29.9,18.2
Delhi NCR,AIIMS Ring Road Junction,DELHI_SOUTH,13,0,176,19.0,12.8
Mumbai,Bandra-Worli Sea Link Approach,MUMBAI_BANDRA,13,4,292,30.3,15.9
Bengaluru,Central Silk Board Junction,ZONE_SOUTH,20,4,135,33.8,12.3
Delhi NCR,Gurgaon Cyber City Expressway,DELHI_GURGAON,23,0,274,14.7,8.1
Bengaluru,Central Silk Board Junction,ZONE_SOUTH,9,4,352,29.8,6.7
Mumbai,Bandra-Worli Sea Link Approach,MUMBAI_BANDRA,17,1,467,37.1,6.0
Bengaluru,M.G. Road Corridor,ZONE_CENTRAL,20,1,225,47.9,14.6
Delhi NCR,AIIMS Ring Road Junction,DELHI_SOUTH,4,1,266,24.9,13.9
Delhi NCR,AIIMS Ring Road Junction,DELHI_SOUTH,2,5,278,9.6,6.0
Bengaluru,Whitefield ITPB Main Road,ZONE_EAST,3,4,416,23.4,8.5
Bengaluru,Central Silk Board Junction,ZONE_SOUTH,18,2,121,15.2,6.0
Delhi NCR,AIIMS Ring Road Junction,DELHI_SOUTH,3,6,296,43.0,22.3
Bengaluru,Central Silk Board Junction,ZONE_SOUTH,10,1,213,36.5,11.4
Bengaluru,Hebbal Flyover to Airport,ZONE_NORTH,7,2,374,37.3,15.6
Bengaluru,Central Silk Board Junction,ZONE_SOUTH,13,2,227,41.3,25.1
Bengaluru,Whitefield ITPB Main Road,ZONE_EAST,3,3,328,37.2,17.8
Mumbai,Bandra-Worli Sea Link Approach,MUMBAI_BANDRA,12,2,265,23.6,13.2
Bengaluru,Hebbal Flyover to Airport,ZONE_NORTH,13,3,124,12.9,9.6
Delhi NCR,Gurgaon Cyber City Expressway,DELHI_GURGAON,2,3,326,44.4,21.4
Delhi NCR,AIIMS Ring Road Junction,DELHI_SOUTH,11,2,175,41.3,13.9
Bengaluru,M.G. Road Corridor,ZONE_CENTRAL,17,1,342,23.4,6.0
Delhi NCR,AIIMS Ring Road Junction,DELHI_SOUTH,14,5,307,31.9,16.1
Bengaluru,Whitefield ITPB Main Road,ZONE_EAST,10,0,208,18.7,6.0
Bengaluru,Whitefield ITPB Main Road,ZONE_EAST,7,4,391,11.3,6.0
Bengaluru,Hebbal Flyover to Airport,ZONE_NORTH,18,2,341,48.4,11.2
Delhi NCR,AIIMS Ring Road Junction,DELHI_SOUTH,17,3,160,22.5,7.8
Bengaluru,M.G. Road Corridor,ZONE_CENTRAL,2,5,157,17.7,12.4
Bengaluru,M.G. Road Corridor,ZONE_CENTRAL,23,3,427,33.4,11.7
Bengaluru,Hebbal Flyover to Airport,ZONE_NORTH,4,0,358,17.2,7.6
Mumbai,Western Express Highway (Andheri),MUMBAI_WEH,12,5,468,30.2,9.0
Delhi NCR,AIIMS Ring Road Junction,DELHI_SOUTH,22,2,361,29.8,13.0
Delhi NCR,Gurgaon Cyber City Expressway,DELHI_GURGAON,21,6,299,31.4,8.1
Bengaluru,Whitefield ITPB Main Road,ZONE_EAST,20,6,110,45.7,17.3
Bengaluru,Hebbal Flyover to Airport,ZONE_NORTH,18,0,308,42.2,10.6
Bengaluru,M.G. Road Corridor,ZONE_CENTRAL,0,2,52,26.2,21.8
Delhi NCR,Gurgaon Cyber City Expressway,DELHI_GURGAON,15,3,121,26.4,19.7
Delhi NCR,Gurgaon Cyber City Expressway,DELHI_GURGAON,14,5,153,14.4,10.1
Delhi NCR,Gurgaon Cyber City Expressway,DELHI_GURGAON,10,3,166,31.4,10.8
Bengaluru,Hebbal Flyover to Airport,ZONE_NORTH,10,5,179,24.8,8.3
Mumbai,Bandra-Worli Sea Link Approach,MUMBAI_BANDRA,8,4,229,29.0,8.8
Bengaluru,M.G. Road Corridor,ZONE_CENTRAL,20,4,395,21.4,6.0
Delhi NCR,AIIMS Ring Road Junction,DELHI_SOUTH,17,2,359,13.5,6.0
Bengaluru,Whitefield ITPB Main Road,ZONE_EAST,17,0,459,33.8,6.0
Mumbai,Bandra-Worli Sea Link Approach,MUMBAI_BANDRA,17,1,437,10.2,6.0
Bengaluru,Hebbal Flyover to Airport,ZONE_NORTH,12,6,331,43.8,20.8
Delhi NCR,AIIMS Ring Road Junction,DELHI_SOUTH,0,5,282,33.0,17.7
Bengaluru,Central Silk Board Junction,ZONE_SOUTH,19,5,322,23.6,6.0
Bengaluru,M.G. Road Corridor,ZONE_CENTRAL,6,5,146,42.5,30.3
Bengaluru,Whitefield ITPB Main Road,ZONE_EAST,5,2,95,33.7,26.2
Delhi NCR,AIIMS Ring Road Junction,DELHI_SOUTH,2,2,414,26.3,9.7
Bengaluru,Hebbal Flyover to Airport,ZONE_NORTH,4,1,213,9.4,6.0
Bengaluru,Whitefield ITPB Main Road,ZONE_EAST,14,4,81,44.5,35.4
Bengaluru,M.G. Road Corridor,ZONE_CENTRAL,13,3,453,27.2,8.6
Bengaluru,Hebbal Flyover to Airport,ZONE_NORTH,13,0,370,13.9,6.0
Mumbai,Bandra-Worli Sea Link Approach,MUMBAI_BANDRA,0,5,115,22.1,16.6
Delhi NCR,AIIMS Ring Road Junction,DELHI_SOUTH,15,2,400,43.0,16.6
Bengaluru,Central Silk Board Junction,ZONE_SOUTH,2,5,54,34.4,28.6
Delhi NCR,Gurgaon Cyber City Expressway,DELHI_GURGAON,12,0,363,35.7,15.5
Bengaluru,Hebbal Flyover to Airport,ZONE_NORTH,14,3,304,12.3,6.3
Bengaluru,Central Silk Board Junction,ZONE_SOUTH,17,5,196,16.4,6.0
Bengaluru,M.G. Road Corridor,ZONE_CENTRAL,7,0,468,43.2,12.9
Bengaluru,Whitefield ITPB Main Road,ZONE_EAST,8,0,480,23.5,6.0
Mumbai,Bandra-Worli Sea Link Approach,MUMBAI_BANDRA,13,6,184,27.5,18.2
Bengaluru,M.G. Road Corridor,ZONE_CENTRAL,5,1,455,33.0,10.4
Bengaluru,Whitefield ITPB Main Road,ZONE_EAST,22,1,239,22.4,13.3
Delhi NCR,AIIMS Ring Road Junction,DELHI_SOUTH,20,3,94,31.6,12.3
Delhi NCR,AIIMS Ring Road Junction,DELHI_SOUTH,20,1,353,42.6,9.5
Delhi NCR,AIIMS Ring Road Junction,DELHI_SOUTH,18,4,358,37.9,8.3
Bengaluru,Hebbal Flyover to Airport,ZONE_NORTH,3,1,461,26.3,8.1
Mumbai,Bandra-Worli Sea Link Approach,MUMBAI_BANDRA,22,3,262,18.5,10.4
Bengaluru,M.G. Road Corridor,ZONE_CENTRAL,4,3,222,48.7,29.9
Delhi NCR,Gurgaon Cyber City Expressway,DELHI_GURGAON,8,0,341,20.0,6.0
Delhi NCR,AIIMS Ring Road Junction,DELHI_SOUTH,11,5,165,25.1,8.6
Delhi NCR,Gurgaon Cyber City Expressway,DELHI_GURGAON,10,2,63,30.0,12.3
Delhi NCR,Gurgaon Cyber City Expressway,DELHI_GURGAON,17,2,109,8.7,6.0
Delhi NCR,Gurgaon Cyber City Expressway,DELHI_GURGAON,13,1,249,45.0,26.1
Delhi NCR,AIIMS Ring Road Junction,DELHI_SOUTH,17,6,386,29.6,6.0
Bengaluru,M.G. Road Corridor,ZONE_CENTRAL,6,4,154,11.4,8.0
Bengaluru,Whitefield ITPB Main Road,ZONE_EAST,1,4,67,47.1,38.3
Bengaluru,Hebbal Flyover to Airport,ZONE_NORTH,11,2,114,39.5,14.9
Delhi NCR,Gurgaon Cyber City Expressway,DELHI_GURGAON,1,1,68,15.4,12.5
Mumbai,Western Express Highway (Andheri),MUMBAI_WEH,2,1,106,27.0,20.6
Bengaluru,M.G. Road Corridor,ZONE_CENTRAL,4,6,456,34.9,10.9
Delhi NCR,AIIMS Ring Road Junction,DELHI_SOUTH,5,4,376,29.3,12.2
Delhi NCR,AIIMS Ring Road Junction,DELHI_SOUTH,22,4,163,10.8,7.5
Delhi NCR,Gurgaon Cyber City Expressway,DELHI_GURGAON,10,1,276,17.1,6.0
Mumbai,Bandra-Worli Sea Link Approach,MUMBAI_BANDRA,18,3,380,17.0,6.0
Delhi NCR,AIIMS Ring Road Junction,DELHI_SOUTH,21,6,121,21.1,7.9
Bengaluru,Whitefield ITPB Main Road,ZONE_EAST,5,0,358,29.6,13.0
Bengaluru,Central Silk Board Junction,ZONE_SOUTH,1,4,306,30.1,15.2
Bengaluru,Hebbal Flyover to Airport,ZONE_NORTH,2,3,230,33.6,20.3
Delhi NCR,Gurgaon Cyber City Expressway,DELHI_GURGAON,6,5,426,13.3,6.0
Bengaluru,Whitefield ITPB Main Road,ZONE_EAST,22,6,416,23.5,8.6
Delhi NCR,Gurgaon Cyber City Expressway,DELHI_GURGAON,10,5,320,41.6,10.2
Bengaluru,Central Silk Board Junction,ZONE_SOUTH,10,5,344,13.9,6.0
Mumbai,Western Express Highway (Andheri),MUMBAI_WEH,22,1,338,30.3,14.1
Bengaluru,M.G. Road Corridor,ZONE_CENTRAL,0,4,75,16.6,13.3
Mumbai,Western Express Highway (Andheri),MUMBAI_WEH,11,4,84,16.4,6.5
Mumbai,Western Express Highway (Andheri),MUMBAI_WEH,14,2,152,23.8,16.8
Bengaluru,Central Silk Board Junction,ZONE_SOUTH,13,4,422,12.9,6.0
Mumbai,Western Express Highway (Andheri),MUMBAI_WEH,2,2,63,27.6,22.6
Mumbai,Bandra-Worli Sea Link Approach,MUMBAI_BANDRA,13,6,236,20.8,12.4
Delhi NCR,AIIMS Ring Road Junction,DELHI_SOUTH,10,4,162,13.7,6.0
Bengaluru,Hebbal Flyover to Airport,ZONE_NORTH,16,4,112,16.8,12.7
Bengaluru,M.G. Road Corridor,ZONE_CENTRAL,17,6,161,39.1,13.5
Delhi NCR,Gurgaon Cyber City Expressway,DELHI_GURGAON,23,3,52,22.5,18.7
Delhi NCR,Gurgaon Cyber City Expressway,DELHI_GURGAON,3,3,205,34.7,22.1
Bengaluru,Hebbal Flyover to Airport,ZONE_NORTH,9,6,286,10.5,6.0
Bengaluru,Central Silk Board Junction,ZONE_SOUTH,20,5,113,19.1,7.2
Bengaluru,Whitefield ITPB Main Road,ZONE_EAST,14,1,57,14.7,12.2
Bengaluru,M.G. Road Corridor,ZONE_CENTRAL,8,0,164,8.6,6.0
Bengaluru,Central Silk Board Junction,ZONE_SOUTH,6,5,365,21.0,9.0
Mumbai,Western Express Highway (Andheri),MUMBAI_WEH,18,2,178,13.5,6.0
Mumbai,Western Express Highway (Andheri),MUMBAI_WEH,1,3,164,9.2,6.3
Bengaluru,M.G. Road Corridor,ZONE_CENTRAL,10,1,82,15.6,6.2
Mumbai,Western Express Highway (Andheri),MUMBAI_WEH,21,0,105,32.6,12.5
Mumbai,Western Express Highway (Andheri),MUMBAI_WEH,18,1,93,29.7,11.6
Bengaluru,Hebbal Flyover to Airport,ZONE_NORTH,14,2,125,9.9,7.3
Bengaluru,Whitefield ITPB Main Road,ZONE_EAST,4,6,309,15.6,7.8
Bengaluru,Hebbal Flyover to Airport,ZONE_NORTH,9,3,361,27.9,6.1
Bengaluru,Hebbal Flyover to Airport,ZONE_NORTH,15,4,172,9.4,6.4
Mumbai,Bandra-Worli Sea Link Approach,MUMBAI_BANDRA,1,6,51,20.2,16.9
Mumbai,Western Express Highway (Andheri),MUMBAI_WEH,1,2,313,39.1,19.5
Bengaluru,M.G. Road Corridor,ZONE_CENTRAL,12,4,424,20.4,7.2
Delhi NCR,Gurgaon Cyber City Expressway,DELHI_GURGAON,3,3,56,42.2,34.9
Delhi NCR,Gurgaon Cyber City Expressway,DELHI_GURGAON,3,3,369,39.3,16.7
Bengaluru,Hebbal Flyover to Airport,ZONE_NORTH,13,6,478,40.3,11.5
Mumbai,Western Express Highway (Andheri),MUMBAI_WEH,0,2,472,8.3,6.0
Bengaluru,Central Silk Board Junction,ZONE_SOUTH,14,3,267,34.8,19.4
Delhi NCR,AIIMS Ring Road Junction,DELHI_SOUTH,17,6,76,34.9,14.0
Bengaluru,M.G. Road Corridor,ZONE_CENTRAL,10,0,274,46.4,12.7
Bengaluru,Whitefield ITPB Main Road,ZONE_EAST,22,5,344,17.2,7.9
Mumbai,Bandra-Worli Sea Link Approach,MUMBAI_BANDRA,0,3,399,30.7,11.9
Delhi NCR,AIIMS Ring Road Junction,DELHI_SOUTH,3,0,311,32.4,16.2
Bengaluru,Hebbal Flyover to Airport,ZONE_NORTH,23,2,179,34.9,23.4
Bengaluru,Hebbal Flyover to Airport,ZONE_NORTH,1,3,385,40.9,16.6
Bengaluru,Whitefield ITPB Main Road,ZONE_EAST,12,3,306,34.9,17.7
Mumbai,Bandra-Worli Sea Link Approach,MUMBAI_BANDRA,4,6,59,33.4,27.5
Delhi NCR,Gurgaon Cyber City Expressway,DELHI_GURGAON,22,0,181,16.0,10.7
Delhi NCR,Gurgaon Cyber City Expressway,DELHI_GURGAON,6,3,53,25.6,21.3
Bengaluru,M.G. Road Corridor,ZONE_CENTRAL,13,5,325,38.2,18.4
Bengaluru,Hebbal Flyover to Airport,ZONE_NORTH,16,0,371,18.3,7.7
Delhi NCR,AIIMS Ring Road Junction,DELHI_SOUTH,0,3,379,40.1,16.5
Delhi NCR,AIIMS Ring Road Junction,DELHI_SOUTH,0,4,79,18.9,15.1
Bengaluru,Whitefield ITPB Main Road,ZONE_EAST,10,5,191,24.9,8.1
Bengaluru,Whitefield ITPB Main Road,ZONE_EAST,13,6,360,17.0,7.4
Bengaluru,Hebbal Flyover to Airport,ZONE_NORTH,12,6,392,20.5,8.1
Delhi NCR,AIIMS Ring Road Junction,DELHI_SOUTH,13,0,277,42.8,23.3
Mumbai,Western Express Highway (Andheri),MUMBAI_WEH,7,6,256,32.2,18.4
Bengaluru,Hebbal Flyover to Airport,ZONE_NORTH,10,3,289,27.1,7.2
Delhi NCR,AIIMS Ring Road Junction,DELHI_SOUTH,13,6,413,45.4,16.8
Bengaluru,Whitefield ITPB Main Road,ZONE_EAST,12,6,417,16.5,6.0
Mumbai,Bandra-Worli Sea Link Approach,MUMBAI_BANDRA,16,3,119,32.4,24.2
Delhi NCR,Gurgaon Cyber City Expressway,DELHI_GURGAON,10,6,150,18.0,6.4
Bengaluru,Whitefield ITPB Main Road,ZONE_EAST,2,2,231,20.1,12.1
Bengaluru,Whitefield ITPB Main Road,ZONE_EAST,15,4,274,21.4,11.7
Bengaluru,Hebbal Flyover to Airport,ZONE_NORTH,5,3,228,27.2,16.5
Delhi NCR,Gurgaon Cyber City Expressway,DELHI_GURGAON,18,4,252,8.3,6.0
Mumbai,Bandra-Worli Sea Link Approach,MUMBAI_BANDRA,15,6,286,9.6,6.0
Mumbai,Bandra-Worli Sea Link Approach,MUMBAI_BANDRA,12,1,202,44.4,28.4
Bengaluru,Whitefield ITPB Main Road,ZONE_EAST,14,3,265,33.5,18.7
Bengaluru,Hebbal Flyover to Airport,ZONE_NORTH,16,4,257,38.1,21.7
Mumbai,Bandra-Worli Sea Link Approach,MUMBAI_BANDRA,22,6,293,39.9,20.9
Bengaluru,Central Silk Board Junction,ZONE_SOUTH,12,1,232,47.9,28.8
Bengaluru,Hebbal Flyover to Airport,ZONE_NORTH,12,2,328,36.9,17.6
Bengaluru,Whitefield ITPB Main Road,ZONE_EAST,23,6,178,32.7,21.9
Bengaluru,Hebbal Flyover to Airport,ZONE_NORTH,1,5,259,17.4,9.9
Delhi NCR,AIIMS Ring Road Junction,DELHI_SOUTH,6,3,288,26.4,14.0
Bengaluru,Hebbal Flyover to Airport,ZONE_NORTH,9,6,58,38.9,16.1
Bengaluru,Whitefield ITPB Main Road,ZONE_EAST,17,4,96,32.3,12.5
Bengaluru,Whitefield ITPB Main Road,ZONE_EAST,6,3,231,25.2,15.2
Mumbai,Western Express Highway (Andheri),MUMBAI_WEH,1,5,133,37.7,27.5
Mumbai,Bandra-Worli Sea Link Approach,MUMBAI_BANDRA,14,2,163,21.4,14.8
Mumbai,Bandra-Worli Sea Link Approach,MUMBAI_BANDRA,16,4,304,28.0,14.3
Delhi NCR,Gurgaon Cyber City Expressway,DELHI_GURGAON,23,2,294,31.2,16.3
Delhi NCR,Gurgaon Cyber City Expressway,DELHI_GURGAON,9,1,429,12.7,6.0
Bengaluru,Central Silk Board Junction,ZONE_SOUTH,22,1,73,20.6,16.6
Delhi NCR,Gurgaon Cyber City Expressway,DELHI_GURGAON,23,6,469,19.2,6.0
Mumbai,Bandra-Worli Sea Link Approach,MUMBAI_BANDRA,6,3,384,39.5,16.0
Mumbai,Western Express Highway (Andheri),MUMBAI_WEH,23,4,172,22.6,15.3
Mumbai,Bandra-Worli Sea Link Approach,MUMBAI_BANDRA,2,5,368,32.0,13.7
Delhi NCR,Gurgaon Cyber City Expressway,DELHI_GURGAON,10,4,330,24.6,6.0
Delhi NCR,Gurgaon Cyber City Expressway,DELHI_GURGAON,22,3,189,36.8,24.2
Bengaluru,Whitefield ITPB Main Road,ZONE_EAST,22,3,267,43.5,24.2
Bengaluru,Hebbal Flyover to Airport,ZONE_NORTH,12,6,394,37.6,14.8
Delhi NCR,Gurgaon Cyber City Expressway,DELHI_GURGAON,7,0,449,25.7,8.3
Bengaluru,Central Silk Board Junction,ZONE_SOUTH,17,6,125,21.6,8.0
Bengaluru,Hebbal Flyover to Airport,ZONE_NORTH,19,1,283,37.4,10.0
Bengaluru,Central Silk Board Junction,ZONE_SOUTH,22,6,330,8.2,6.0
Delhi NCR,AIIMS Ring Road Junction,DELHI_SOUTH,0,3,140,39.0,28.1
Delhi NCR,AIIMS Ring Road Junction,DELHI_SOUTH,11,1,90,49.9,19.6
Bengaluru,Hebbal Flyover to Airport,ZONE_NORTH,7,0,245,37.1,21.7
Mumbai,Bandra-Worli Sea Link Approach,MUMBAI_BANDRA,10,0,56,47.4,19.6
Mumbai,Western Express Highway (Andheri),MUMBAI_WEH,0,3,72,46.8,37.8
Mumbai,Western Express Highway (Andheri),MUMBAI_WEH,5,3,132,27.4,20.0
Bengaluru,M.G. Road Corridor,ZONE_CENTRAL,8,1,280,34.9,9.4
Mumbai,Bandra-Worli Sea Link Approach,MUMBAI_BANDRA,6,0,332,28.1,13.3
Bengaluru,Central Silk Board Junction,ZONE_SOUTH,14,1,233,32.6,19.6
Mumbai,Western Express Highway (Andheri),MUMBAI_WEH,14,1,363,25.7,11.1
Bengaluru,M.G. Road Corridor,ZONE_CENTRAL,12,1,288,29.1,15.4
Bengaluru,Hebbal Flyover to Airport,ZONE_NORTH,0,5,203,11.2,7.2
Mumbai,Western Express Highway (Andheri),MUMBAI_WEH,22,1,222,45.2,27.8
Delhi NCR,AIIMS Ring Road Junction,DELHI_SOUTH,1,0,174,10.9,7.4
Bengaluru,M.G. Road Corridor,ZONE_CENTRAL,2,2,387,20.7,8.3
Mumbai,Bandra-Worli Sea Link Approach,MUMBAI_BANDRA,11,1,301,20.5,6.0
Delhi NCR,Gurgaon Cyber City Expressway,DELHI_GURGAON,10,2,444,47.5,7.8
Delhi NCR,AIIMS Ring Road Junction,DELHI_SOUTH,9,6,291,18.9,6.0
Mumbai,Western Express Highway (Andheri),MUMBAI_WEH,13,5,286,30.6,16.3
Bengaluru,Central Silk Board Junction,ZONE_SOUTH,4,5,358,41.8,18.4
Bengaluru,Whitefield ITPB Main Road,ZONE_EAST,10,6,401,36.1,6.9
Bengaluru,Central Silk Board Junction,ZONE_SOUTH,3,3,114,24.4,18.4
Bengaluru,Whitefield ITPB Main Road,ZONE_EAST,9,2,304,22.4,6.0
Delhi NCR,Gurgaon Cyber City Expressway,DELHI_GURGAON,14,0,424,20.0,7.1
Bengaluru,Central Silk Board Junction,ZONE_SOUTH,13,2,144,21.4,15.3
Bengaluru,Whitefield ITPB Main Road,ZONE_EAST,11,0,404,12.5,6.0
Bengaluru,Whitefield ITPB Main Road,ZONE_EAST,17,0,244,48.0,14.1
Delhi NCR,AIIMS Ring Road Junction,DELHI_SOUTH,2,2,81,46.8,37.2
Bengaluru,Central Silk Board Junction,ZONE_SOUTH,22,3,338,12.0,6.0
Bengaluru,Hebbal Flyover to Airport,ZONE_NORTH,2,1,357,34.0,15.0
Bengaluru,Central Silk Board Junction,ZONE_SOUTH,13,0,235,34.2,20.4
Bengaluru,M.G. Road Corridor,ZONE_CENTRAL,0,2,288,10.2,6.0
Bengaluru,Central Silk Board Junction,ZONE_SOUTH,10,0,329,11.8,6.0
Bengaluru,Whitefield ITPB Main Road,ZONE_EAST,2,5,350,41.5,18.7
Bengaluru,M.G. Road Corridor,ZONE_CENTRAL,9,3,477,34.6,6.0
Bengaluru,Central Silk Board Junction,ZONE_SOUTH,0,0,352,43.1,19.3
Mumbai,Bandra-Worli Sea Link Approach,MUMBAI_BANDRA,3,2,301,28.6,14.7
Mumbai,Bandra-Worli Sea Link Approach,MUMBAI_BANDRA,11,0,203,39.9,12.7
Bengaluru,Central Silk Board Junction,ZONE_SOUTH,23,0,440,31.6,10.6
Mumbai,Western Express Highway (Andheri),MUMBAI_WEH,10,2,185,21.2,7.0
Delhi NCR,AIIMS Ring Road Junction,DELHI_SOUTH,10,3,200,25.0,8.0
Bengaluru,Whitefield ITPB Main Road,ZONE_EAST,20,0,272,19.9,6.0
Delhi NCR,AIIMS Ring Road Junction,DELHI_SOUTH,15,1,110,29.0,22.0
Bengaluru,Hebbal Flyover to Airport,ZONE_NORTH,18,5,63,14.4,6.0
Delhi NCR,Gurgaon Cyber City Expressway,DELHI_GURGAON,22,5,396,31.0,12.1
Mumbai,Bandra-Worli Sea Link Approach,MUMBAI_BANDRA,23,3,95,11.8,9.2
Mumbai,Western Express Highway (Andheri),MUMBAI_WEH,15,1,221,38.9,24.0
Mumbai,Bandra-Worli Sea Link Approach,MUMBAI_BANDRA,6,4,159,8.7,6.1
Bengaluru,Whitefield ITPB Main Road,ZONE_EAST,17,1,99,15.5,6.0
Delhi NCR,Gurgaon Cyber City Expressway,DELHI_GURGAON,3,3,185,20.9,13.8
Bengaluru,Whitefield ITPB Main Road,ZONE_EAST,11,0,125,40.1,14.8
Mumbai,Western Express Highway (Andheri),MUMBAI_WEH,17,3,131,17.4,6.4
Mumbai,Bandra-Worli Sea Link Approach,MUMBAI_BANDRA,23,4,456,35.0,11.0
Bengaluru,Central Silk Board Junction,ZONE_SOUTH,9,0,151,37.0,13.1
Bengaluru,Whitefield ITPB Main Road,ZONE_EAST,9,4,473,26.4,6.0
Mumbai,Western Express Highway (Andheri),MUMBAI_WEH,6,3,146,20.5,14.6
Bengaluru,Central Silk Board Junction,ZONE_SOUTH,17,4,98,44.2,17.1
Delhi NCR,AIIMS Ring Road Junction,DELHI_SOUTH,11,3,231,16.9,6.0
Bengaluru,Hebbal Flyover to Airport,ZONE_NORTH,23,4,295,19.9,10.4
Mumbai,Bandra-Worli Sea Link Approach,MUMBAI_BANDRA,9,0,207,9.6,6.0
Delhi NCR,Gurgaon Cyber City Expressway,DELHI_GURGAON,4,2,151,25.1,17.7
Mumbai,Bandra-Worli Sea Link Approach,MUMBAI_BANDRA,18,4,322,14.7,6.0
Mumbai,Western Express Highway (Andheri),MUMBAI_WEH,11,4,285,10.1,6.0
Delhi NCR,Gurgaon Cyber City Expressway,DELHI_GURGAON,17,5,244,8.3,6.0
Mumbai,Bandra-Worli Sea Link Approach,MUMBAI_BANDRA,19,2,162,20.4,7.1
Delhi NCR,AIIMS Ring Road Junction,DELHI_SOUTH,17,6,402,30.2,6.0
Bengaluru,Central Silk Board Junction,ZONE_SOUTH,12,2,476,32.3,9.3
Bengaluru,Whitefield ITPB Main Road,ZONE_EAST,15,2,53,46.0,38.3
Bengaluru,M.G. Road Corridor,ZONE_CENTRAL,2,1,468,40.5,12.1
Bengaluru,Hebbal Flyover to Airport,ZONE_NORTH,20,4,53,19.0,7.9
Bengaluru,M.G. Road Corridor,ZONE_CENTRAL,15,2,268,13.7,7.6
Mumbai,Bandra-Worli Sea Link Approach,MUMBAI_BANDRA,1,3,424,26.8,9.5
Bengaluru,Whitefield ITPB Main Road,ZONE_EAST,21,2,228,30.8,9.3
Bengaluru,Central Silk Board Junction,ZONE_SOUTH,3,2,137,41.6,30.1
Mumbai,Bandra-Worli Sea Link Approach,MUMBAI_BANDRA,10,4,341,49.1,11.3
Delhi NCR,Gurgaon Cyber City Expressway,DELHI_GURGAON,10,6,135,32.2,11.7
Delhi NCR,AIIMS Ring Road Junction,DELHI_SOUTH,9,5,105,37.0,14.2
Delhi NCR,AIIMS Ring Road Junction,DELHI_SOUTH,0,4,116,42.5,31.9
Bengaluru,Central Silk Board Junction,ZONE_SOUTH,12,5,374,30.9,13.0
Delhi NCR,AIIMS Ring Road Junction,DELHI_SOUTH,21,6,254,25.6,7.3
Mumbai,Bandra-Worli Sea Link Approach,MUMBAI_BANDRA,20,1,252,32.1,9.2
Bengaluru,Central Silk Board Junction,ZONE_SOUTH,1,0,462,25.8,7.9
Bengaluru,M.G. Road Corridor,ZONE_CENTRAL,6,6,289,14.7,7.8
Bengaluru,Hebbal Flyover to Airport,ZONE_NORTH,15,2,78,47.9,38.3
Mumbai,Western Express Highway (Andheri),MUMBAI_WEH,9,0,473,29.9,6.0
Mumbai,Bandra-Worli Sea Link Approach,MUMBAI_BANDRA,11,5,360,12.2,6.0
Mumbai,Western Express Highway (Andheri),MUMBAI_WEH,22,2,388,45.9,18.4
Bengaluru,M.G. Road Corridor,ZONE_CENTRAL,11,2,122,38.5,14.3
Bengaluru,Whitefield ITPB Main Road,ZONE_EAST,1,2,388,23.8,9.5
Delhi NCR,AIIMS Ring Road Junction,DELHI_SOUTH,13,2,413,48.0,17.7
Bengaluru,Hebbal Flyover to Airport,ZONE_NORTH,18,1,428,20.1,6.0
Mumbai,Western Express Highway (Andheri),MUMBAI_WEH,1,3,253,12.1,7.0
Mumbai,Bandra-Worli Sea Link Approach,MUMBAI_BANDRA,20,2,245,27.9,8.2
Mumbai,Bandra-Worli Sea Link Approach,MUMBAI_BANDRA,1,2,440,11.9,6.0
Bengaluru,Central Silk Board Junction,ZONE_SOUTH,22,1,324,16.7,8.1
Bengaluru,M.G. Road Corridor,ZONE_CENTRAL,22,2,225,21.3,13.0
Delhi NCR,AIIMS Ring Road Junction,DELHI_SOUTH,16,4,438,29.7,10.0
Bengaluru,Whitefield ITPB Main Road,ZONE_EAST,15,2,386,23.7,9.6
Mumbai,Western Express Highway (Andheri),MUMBAI_WEH,20,5,407,11.8,6.0
Bengaluru,M.G. Road Corridor,ZONE_CENTRAL,18,4,85,20.7,8.2
Mumbai,Bandra-Worli Sea Link Approach,MUMBAI_BANDRA,2,4,138,34.6,25.0
Mumbai,Western Express Highway (Andheri),MUMBAI_WEH,15,2,357,25.2,11.1
Delhi NCR,Gurgaon Cyber City Expressway,DELHI_GURGAON,9,1,333,42.3,10.0
Mumbai,Bandra-Worli Sea Link Approach,MUMBAI_BANDRA,14,2,313,11.2,6.0
Mumbai,Western Express Highway (Andheri),MUMBAI_WEH,9,6,328,15.4,6.0
Mumbai,Western Express Highway (Andheri),MUMBAI_WEH,19,0,453,23.1,6.0
Delhi NCR,AIIMS Ring Road Junction,DELHI_SOUTH,2,6,342,36.6,16.8
Bengaluru,Central Silk Board Junction,ZONE_SOUTH,23,6,375,48.3,20.2
Bengaluru,M.G. Road Corridor,ZONE_CENTRAL,11,3,190,11.6,6.0
Delhi NCR,Gurgaon Cyber City Expressway,DELHI_GURGAON,19,1,273,21.8,6.0
Delhi NCR,Gurgaon Cyber City Expressway,DELHI_GURGAON,20,4,219,31.5,9.7
Bengaluru,M.G. Road Corridor,ZONE_CENTRAL,15,2,275,18.7,10.2
Delhi NCR,Gurgaon Cyber City Expressway,DELHI_GURGAON,20,6,393,40.3,8.0
Mumbai,Western Express Highway (Andheri),MUMBAI_WEH,19,6,302,8.6,6.0
Mumbai,Western Express Highway (Andheri),MUMBAI_WEH,4,0,346,44.0,20.0
Mumbai,Western Express Highway (Andheri),MUMBAI_WEH,18,4,320,46.7,11.4
Bengaluru,Whitefield ITPB Main Road,ZONE_EAST,5,5,453,37.9,12.0
Mumbai,Western Express Highway (Andheri),MUMBAI_WEH,22,2,242,21.3,12.5
Bengaluru,Central Silk Board Junction,ZONE_SOUTH,5,5,176,41.5,28.0
Delhi NCR,AIIMS Ring Road Junction,DELHI_SOUTH,2,5,297,16.1,8.3
Delhi NCR,Gurgaon Cyber City Expressway,DELHI_GURGAON,7,1,96,28.1,21.8
Mumbai,Bandra-Worli Sea Link Approach,MUMBAI_BANDRA,8,1,380,24.7,6.0
Mumbai,Bandra-Worli Sea Link Approach,MUMBAI_BANDRA,11,3,200,42.8,13.8
Bengaluru,Hebbal Flyover to Airport,ZONE_NORTH,14,2,136,49.4,35.8
Bengaluru,Central Silk Board Junction,ZONE_SOUTH,3,4,479,9.6,6.0
Mumbai,Western Express Highway (Andheri),MUMBAI_WEH,18,0,263,34.8,9.8
Mumbai,Bandra-Worli Sea Link Approach,MUMBAI_BANDRA,8,2,271,17.6,6.0
Delhi NCR,AIIMS Ring Road Junction,DELHI_SOUTH,2,5,268,32.4,18.0
Mumbai,Western Express Highway (Andheri),MUMBAI_WEH,12,2,252,8.3,6.0
Delhi NCR,AIIMS Ring Road Junction,DELHI_SOUTH,4,6,294,26.0,13.6
Delhi NCR,Gurgaon Cyber City Expressway,DELHI_GURGAON,7,1,183,12.4,8.2
Delhi NCR,AIIMS Ring Road Junction,DELHI_SOUTH,16,6,167,43.5,29.8
Mumbai,Bandra-Worli Sea Link Approach,MUMBAI_BANDRA,7,2,390,36.3,14.5
Delhi NCR,Gurgaon Cyber City Expressway,DELHI_GURGAON,13,3,438,17.4,6.0
Bengaluru,Whitefield ITPB Main Road,ZONE_EAST,18,6,348,49.8,11.3
Delhi NCR,Gurgaon Cyber City Expressway,DELHI_GURGAON,17,2,261,28.7,8.1
Bengaluru,Hebbal Flyover to Airport,ZONE_NORTH,8,2,421,33.8,6.1
Mumbai,Western Express Highway (Andheri),MUMBAI_WEH,21,4,472,30.9,6.0
Bengaluru,Hebbal Flyover to Airport,ZONE_NORTH,20,4,365,48.7,10.5
Mumbai,Western Express Highway (Andheri),MUMBAI_WEH,22,6,54,10.3,8.6
Bengaluru,Central Silk Board Junction,ZONE_SOUTH,2,3,181,24.9,16.6
Mumbai,Bandra-Worli Sea Link Approach,MUMBAI_BANDRA,22,6,291,29.7,15.6
Delhi NCR,Gurgaon Cyber City Expressway,DELHI_GURGAON,10,6,256,35.0,10.0
Bengaluru,Hebbal Flyover to Airport,ZONE_NORTH,18,1,342,17.2,6.0
Mumbai,Western Express Highway (Andheri),MUMBAI_WEH,17,3,361,18.3,6.0
Bengaluru,Hebbal Flyover to Airport,ZONE_NORTH,21,1,295,34.9,9.1
Bengaluru,Whitefield ITPB Main Road,ZONE_EAST,7,5,99,32.9,25.4
Delhi NCR,Gurgaon Cyber City Expressway,DELHI_GURGAON,6,0,454,33.5,10.6
Mumbai,Bandra-Worli Sea Link Approach,MUMBAI_BANDRA,4,2,382,30.9,12.6
Delhi NCR,AIIMS Ring Road Junction,DELHI_SOUTH,19,3,254,17.5,6.0
Mumbai,Western Express Highway (Andheri),MUMBAI_WEH,9,6,446,37.1,6.1
Delhi NCR,Gurgaon Cyber City Expressway,DELHI_GURGAON,7,0,380,10.3,6.0
Delhi NCR,AIIMS Ring Road Junction,DELHI_SOUTH,9,1,311,28.8,7.2
Bengaluru,M.G. Road Corridor,ZONE_CENTRAL,9,5,330,38.5,9.2
Bengaluru,M.G. Road Corridor,ZONE_CENTRAL,8,4,184,22.1,7.3
Bengaluru,Central Silk Board Junction,ZONE_SOUTH,20,4,106,10.2,6.0
Delhi NCR,AIIMS Ring Road Junction,DELHI_SOUTH,5,1,177,15.6,10.5
Bengaluru,Hebbal Flyover to Airport,ZONE_NORTH,2,6,82,27.0,21.5
Mumbai,Western Express Highway (Andheri),MUMBAI_WEH,5,5,154,36.3,25.5
Bengaluru,Central Silk Board Junction,ZONE_SOUTH,19,2,208,36.0,11.4
Bengaluru,M.G. Road Corridor,ZONE_CENTRAL,9,2,167,18.4,6.3
Bengaluru,Hebbal Flyover to Airport,ZONE_NORTH,20,5,106,15.6,6.0
Bengaluru,M.G. Road Corridor,ZONE_CENTRAL,2,4,465,45.3,13.7
Bengaluru,Whitefield ITPB Main Road,ZONE_EAST,4,4,122,12.1,9.0
Bengaluru,Hebbal Flyover to Airport,ZONE_NORTH,0,1,132,49.8,36.4
Delhi NCR,AIIMS Ring Road Junction,DELHI_SOUTH,8,4,243,25.4,7.5
Bengaluru,Whitefield ITPB Main Road,ZONE_EAST,23,4,286,8.7,6.0
Delhi NCR,Gurgaon Cyber City Expressway,DELHI_GURGAON,16,3,169,48.2,32.9
Delhi NCR,Gurgaon Cyber City Expressway,DELHI_GURGAON,19,2,478,13.9,6.0
Bengaluru,Hebbal Flyover to Airport,ZONE_NORTH,22,5,69,37.5,30.4
Bengaluru,Central Silk Board Junction,ZONE_SOUTH,5,3,278,21.6,11.7
Delhi NCR,AIIMS Ring Road Junction,DELHI_SOUTH,12,1,172,43.3,29.4
Mumbai,Bandra-Worli Sea Link Approach,MUMBAI_BANDRA,3,1,275,43.2,23.6
Delhi NCR,AIIMS Ring Road Junction,DELHI_SOUTH,12,3,70,14.4,11.7
Mumbai,Bandra-Worli Sea Link Approach,MUMBAI_BANDRA,4,2,229,44.8,27.1
Bengaluru,Central Silk Board Junction,ZONE_SOUTH,23,2,270,44.8,24.8
Delhi NCR,Gurgaon Cyber City Expressway,DELHI_GURGAON,6,3,261,33.4,18.9
Delhi NCR,AIIMS Ring Road Junction,DELHI_SOUTH,3,5,359,11.1,6.0
Mumbai,Western Express Highway (Andheri),MUMBAI_WEH,0,1,106,9.5,7.3
Bengaluru,Central Silk Board Junction,ZONE_SOUTH,21,3,135,41.1,14.9
Bengaluru,Whitefield ITPB Main Road,ZONE_EAST,23,4,215,37.4,23.3
Delhi NCR,Gurgaon Cyber City Expressway,DELHI_GURGAON,8,6,337,17.5,6.0
Bengaluru,Central Silk Board Junction,ZONE_SOUTH,5,0,189,9.3,6.1
Bengaluru,Central Silk Board Junction,ZONE_SOUTH,18,2,285,38.3,10.2
Bengaluru,M.G. Road Corridor,ZONE_CENTRAL,13,6,397,45.0,17.5
Delhi NCR,Gurgaon Cyber City Expressway,DELHI_GURGAON,9,5,374,30.6,6.4
Delhi NCR,Gurgaon Cyber City Expressway,DELHI_GURGAON,18,6,317,30.8,7.6
Bengaluru,Whitefield ITPB Main Road,ZONE_EAST,22,6,385,11.8,6.0
Bengaluru,Whitefield ITPB Main Road,ZONE_EAST,6,2,349,20.8,9.4
Delhi NCR,Gurgaon Cyber City Expressway,DELHI_GURGAON,17,5,411,41.6,7.7
Mumbai,Bandra-Worli Sea Link Approach,MUMBAI_BANDRA,11,3,73,14.4,6.0
Bengaluru,Central Silk Board Junction,ZONE_SOUTH,15,0,273,19.1,10.5
Bengaluru,Whitefield ITPB Main Road,ZONE_EAST,18,6,272,21.9,6.0
Bengaluru,M.G. Road Corridor,ZONE_CENTRAL,14,0,157,20.7,14.5
Bengaluru,Whitefield ITPB Main Road,ZONE_EAST,20,3,130,12.0,6.0
Bengaluru,Whitefield ITPB Main Road,ZONE_EAST,19,3,475,34.1,6.0
Delhi NCR,Gurgaon Cyber City Expressway,DELHI_GURGAON,20,5,277,30.2,8.2
Delhi NCR,Gurgaon Cyber City Expressway,DELHI_GURGAON,7,6,405,48.6,18.4
Delhi NCR,Gurgaon Cyber City Expressway,DELHI_GURGAON,10,5,83,16.2,6.4
Delhi NCR,Gurgaon Cyber City Expressway,DELHI_GURGAON,6,2,296,18.0,9.3
Bengaluru,Hebbal Flyover to Airport,ZONE_NORTH,16,5,388,24.6,9.9
Bengaluru,Whitefield ITPB Main Road,ZONE_EAST,17,4,463,11.0,6.0
Mumbai,Western Express Highway (Andheri),MUMBAI_WEH,5,0,278,31.7,17.2
Bengaluru,Whitefield ITPB Main Road,ZONE_EAST,4,6,416,41.1,15.0
Bengaluru,Whitefield ITPB Main Road,ZONE_EAST,12,2,146,34.3,24.4
Bengaluru,Hebbal Flyover to Airport,ZONE_NORTH,13,3,229,36.3,22.0
Delhi NCR,Gurgaon Cyber City Expressway,DELHI_GURGAON,9,2,158,26.0,9.1
Delhi NCR,AIIMS Ring Road Junction,DELHI_SOUTH,4,6,303,45.8,23.4
Delhi NCR,Gurgaon Cyber City Expressway,DELHI_GURGAON,2,5,70,17.8,14.4
Bengaluru,Central Silk Board Junction,ZONE_SOUTH,22,4,426,35.1,12.4
Bengaluru,Hebbal Flyover to Airport,ZONE_NORTH,21,4,133,30.8,11.2
Mumbai,Bandra-Worli Sea Link Approach,MUMBAI_BANDRA,16,0,131,48.5,35.5
Delhi NCR,AIIMS Ring Road Junction,DELHI_SOUTH,2,0,475,41.6,12.0
Delhi NCR,AIIMS Ring Road Junction,DELHI_SOUTH,4,6,104,9.0,6.9
Delhi NCR,Gurgaon Cyber City Expressway,DELHI_GURGAON,18,1,174,37.3,12.6
Mumbai,Western Express Highway (Andheri),MUMBAI_WEH,11,0,430,46.4,8.1
Delhi NCR,AIIMS Ring Road Junction,DELHI_SOUTH,20,2,116,28.8,10.8
Bengaluru,M.G. Road Corridor,ZONE_CENTRAL,15,3,321,14.7,7.2
Bengaluru,Hebbal Flyover to Airport,ZONE_NORTH,1,3,207,25.6,16.2
Bengaluru,Hebbal Flyover to Airport,ZONE_NORTH,1,0,130,36.8,27.0
Bengaluru,Hebbal Flyover to Airport,ZONE_NORTH,17,6,383,9.8,6.0
Bengaluru,M.G. Road Corridor,ZONE_CENTRAL,8,3,212,32.2,10.1
Delhi NCR,AIIMS Ring Road Junction,DELHI_SOUTH,23,1,339,31.4,14.6
Bengaluru,Central Silk Board Junction,ZONE_SOUTH,23,5,297,36.9,19.1
Delhi NCR,Gurgaon Cyber City Expressway,DELHI_GURGAON,5,2,147,43.0,30.6
Bengaluru,Whitefield ITPB Main Road,ZONE_EAST,4,0,387,41.1,16.5
Bengaluru,Central Silk Board Junction,ZONE_SOUTH,3,6,272,42.3,23.3
Delhi NCR,Gurgaon Cyber City Expressway,DELHI_GURGAON,2,2,141,39.4,28.3
Delhi NCR,AIIMS Ring Road Junction,DELHI_SOUTH,0,5,125,19.0,14.0
Delhi NCR,Gurgaon Cyber City Expressway,DELHI_GURGAON,17,2,175,18.6,6.3
Bengaluru,Whitefield ITPB Main Road,ZONE_EAST,20,1,432,21.3,6.0
Bengaluru,Central Silk Board Junction,ZONE_SOUTH,22,0,285,22.6,12.1
Mumbai,Western Express Highway (Andheri),MUMBAI_WEH,2,1,303,35.9,18.3
Mumbai,Bandra-Worli Sea Link Approach,MUMBAI_BANDRA,11,1,72,41.1,16.6
Bengaluru,Whitefield ITPB Main Road,ZONE_EAST,1,0,150,27.1,19.2
Bengaluru,Hebbal Flyover to Airport,ZONE_NORTH,17,1,83,29.8,11.8
Bengaluru,Whitefield ITPB Main Road,ZONE_EAST,3,3,201,46.6,29.9
Bengaluru,Hebbal Flyover to Airport,ZONE_NORTH,21,1,128,40.2,14.8
Bengaluru,Hebbal Flyover to Airport,ZONE_NORTH,16,1,446,14.4,6.0
Delhi NCR,Gurgaon Cyber City Expressway,DELHI_GURGAON,4,4,219,16.6,10.3
Mumbai,Bandra-Worli Sea Link Approach,MUMBAI_BANDRA,10,4,394,35.6,7.0
Mumbai,Western Express Highway (Andheri),MUMBAI_WEH,16,5,321,33.5,16.3
Bengaluru,Hebbal Flyover to Airport,ZONE_NORTH,12,4,166,41.5,28.5
Bengaluru,Whitefield ITPB Main Road,ZONE_EAST,3,6,343,15.6,7.2
Bengaluru,Whitefield ITPB Main Road,ZONE_EAST,22,3,343,19.0,8.7
Bengaluru,Central Silk Board Junction,ZONE_SOUTH,8,5,471,23.7,6.0
Mumbai,Western Express Highway (Andheri),MUMBAI_WEH,4,2,305,41.6,21.1
Bengaluru,Hebbal Flyover to Airport,ZONE_NORTH,18,0,214,39.0,12.2
Bengaluru,Central Silk Board Junction,ZONE_SOUTH,9,4,82,17.0,6.8
Delhi NCR,Gurgaon Cyber City Expressway,DELHI_GURGAON,5,6,292,26.7,14.0
Bengaluru,Hebbal Flyover to Airport,ZONE_NORTH,3,0,400,32.4,12.5
Bengaluru,M.G. Road Corridor,ZONE_CENTRAL,11,1,304,39.7,10.1
Mumbai,Bandra-Worli Sea Link Approach,MUMBAI_BANDRA,22,6,227,33.6,20.4
Bengaluru,Central Silk Board Junction,ZONE_SOUTH,20,3,327,47.1,11.3
Mumbai,Western Express Highway (Andheri),MUMBAI_WEH,10,4,80,13.8,6.0
Bengaluru,M.G. Road Corridor,ZONE_CENTRAL,22,0,344,26.1,11.9
Delhi NCR,AIIMS Ring Road Junction,DELHI_SOUTH,18,3,352,37.2,8.3
Mumbai,Western Express Highway (Andheri),MUMBAI_WEH,9,6,77,38.8,15.5
Delhi NCR,Gurgaon Cyber City Expressway,DELHI_GURGAON,15,4,475,21.0,6.1
Mumbai,Western Express Highway (Andheri),MUMBAI_WEH,12,4,260,28.5,16.1
Delhi NCR,AIIMS Ring Road Junction,DELHI_SOUTH,4,0,279,42.1,22.8
Bengaluru,Hebbal Flyover to Airport,ZONE_NORTH,7,4,239,34.0,20.2
Bengaluru,Whitefield ITPB Main Road,ZONE_EAST,13,3,108,22.6,17.2
Delhi NCR,AIIMS Ring Road Junction,DELHI_SOUTH,22,6,86,47.7,37.7
Delhi NCR,Gurgaon Cyber City Expressway,DELHI_GURGAON,8,1,94,42.2,16.4
Mumbai,Western Express Highway (Andheri),MUMBAI_WEH,0,4,468,38.2,11.4
Bengaluru,M.G. Road Corridor,ZONE_CENTRAL,23,2,313,31.0,15.4
Delhi NCR,AIIMS Ring Road Junction,DELHI_SOUTH,11,3,369,9.6,6.0
Bengaluru,Whitefield ITPB Main Road,ZONE_EAST,1,3,304,48.5,24.7
Bengaluru,M.G. Road Corridor,ZONE_CENTRAL,8,2,443,19.4,6.0
Bengaluru,Hebbal Flyover to Airport,ZONE_NORTH,20,3,320,22.3,6.0
Delhi NCR,Gurgaon Cyber City Expressway,DELHI_GURGAON,9,1,422,38.8,6.9
Bengaluru,Central Silk Board Junction,ZONE_SOUTH,14,5,61,14.5,11.9
Mumbai,Western Express Highway (Andheri),MUMBAI_WEH,13,6,408,49.3,18.5
Delhi NCR,AIIMS Ring Road Junction,DELHI_SOUTH,6,6,294,39.0,20.4
Bengaluru,Hebbal Flyover to Airport,ZONE_NORTH,20,0,209,13.9,6.0
Delhi NCR,Gurgaon Cyber City Expressway,DELHI_GURGAON,10,1,475,24.3,6.0
Bengaluru,Central Silk Board Junction,ZONE_SOUTH,11,4,176,49.7,16.7
Bengaluru,M.G. Road Corridor,ZONE_CENTRAL,2,0,96,27.2,21.1
Delhi NCR,Gurgaon Cyber City Expressway,DELHI_GURGAON,0,5,208,48.8,30.9
Mumbai,Western Express Highway (Andheri),MUMBAI_WEH,10,2,126,28.6,10.6
Bengaluru,Whitefield ITPB Main Road,ZONE_EAST,4,1,180,21.6,14.4
Bengaluru,Whitefield ITPB Main Road,ZONE_EAST,23,3,125,28.7,21.2
Mumbai,Western Express Highway (Andheri),MUMBAI_WEH,10,6,432,12.5,6.0
Bengaluru,Central Silk Board Junction,ZONE_SOUTH,16,4,355,15.2,6.7
Delhi NCR,AIIMS Ring Road Junction,DELHI_SOUTH,2,6,351,33.0,14.8
Delhi NCR,Gurgaon Cyber City Expressway,DELHI_GURGAON,16,2,108,17.6,13.4
Mumbai,Western Express Highway (Andheri),MUMBAI_WEH,11,6,387,18.5,6.0
Mumbai,Western Express Highway (Andheri),MUMBAI_WEH,21,5,402,17.8,6.0
Delhi NCR,Gurgaon Cyber City Expressway,DELHI_GURGAON,5,5,237,39.4,23.5
Delhi NCR,AIIMS Ring Road Junction,DELHI_SOUTH,10,6,475,13.6,6.0
Delhi NCR,AIIMS Ring Road Junction,DELHI_SOUTH,4,4,355,39.2,17.4
Bengaluru,M.G. Road Corridor,ZONE_CENTRAL,2,6,460,32.0,9.9
Delhi NCR,Gurgaon Cyber City Expressway,DELHI_GURGAON,1,0,127,11.4,8.4
Mumbai,Bandra-Worli Sea Link Approach,MUMBAI_BANDRA,21,4,239,15.4,6.0
Delhi NCR,Gurgaon Cyber City Expressway,DELHI_GURGAON,8,6,134,40.3,14.7
Bengaluru,Whitefield ITPB Main Road,ZONE_EAST,22,6,293,15.8,8.3
Mumbai,Western Express Highway (Andheri),MUMBAI_WEH,3,5,123,19.9,14.8
Mumbai,Western Express Highway (Andheri),MUMBAI_WEH,9,3,383,38.1,7.8
Mumbai,Western Express Highway (Andheri),MUMBAI_WEH,2,3,279,48.0,26.0
Mumbai,Western Express Highway (Andheri),MUMBAI_WEH,11,5,126,12.9,6.0
Bengaluru,Hebbal Flyover to Airport,ZONE_NORTH,22,3,153,16.5,11.6
Bengaluru,Whitefield ITPB Main Road,ZONE_EAST,12,6,391,40.9,16.2
Bengaluru,Whitefield ITPB Main Road,ZONE_EAST,10,4,402,38.7,7.4
Bengaluru,Central Silk Board Junction,ZONE_SOUTH,19,6,406,38.3,7.2
Bengaluru,Hebbal Flyover to Airport,ZONE_NORTH,12,5,209,26.6,16.8
Mumbai,Bandra-Worli Sea Link Approach,MUMBAI_BANDRA,6,2,153,45.1,31.7
Mumbai,Bandra-Worli Sea Link Approach,MUMBAI_BANDRA,21,4,153,37.1,13.0
Bengaluru,M.G. Road Corridor,ZONE_CENTRAL,1,2,293,22.7,11.9
Bengaluru,M.G. Road Corridor,ZONE_CENTRAL,4,5,115,17.6,13.2
Delhi NCR,AIIMS Ring Road Junction,DELHI_SOUTH,14,6,300,13.3,6.8
Bengaluru,Central Silk Board Junction,ZONE_SOUTH,9,5,332,45.5,10.8
Delhi NCR,AIIMS Ring Road Junction,DELHI_SOUTH,13,6,369,26.4,11.2
Bengaluru,Hebbal Flyover to Airport,ZONE_NORTH,19,3,389,23.9,6.0
Delhi NCR,AIIMS Ring Road Junction,DELHI_SOUTH,14,1,417,43.9,16.0
Delhi NCR,Gurgaon Cyber City Expressway,DELHI_GURGAON,19,2,235,33.0,9.9
Bengaluru,M.G. Road Corridor,ZONE_CENTRAL,6,4,52,46.5,38.7
Bengaluru,Hebbal Flyover to Airport,ZONE_NORTH,2,6,321,43.6,21.2
Bengaluru,M.G. Road Corridor,ZONE_CENTRAL,3,4,91,32.2,25.2
Delhi NCR,Gurgaon Cyber City Expressway,DELHI_GURGAON,3,3,406,29.5,11.2
Bengaluru,Central Silk Board Junction,ZONE_SOUTH,2,1,75,39.6,31.8
Bengaluru,M.G. Road Corridor,ZONE_CENTRAL,4,6,151,25.8,18.2
Mumbai,Western Express Highway (Andheri),MUMBAI_WEH,20,4,320,32.9,8.0
Delhi NCR,Gurgaon Cyber City Expressway,DELHI_GURGAON,2,1,370,39.9,16.9
Delhi NCR,Gurgaon Cyber City Expressway,DELHI_GURGAON,23,5,441,26.7,8.9
Delhi NCR,AIIMS Ring Road Junction,DELHI_SOUTH,2,5,222,19.5,12.0
Bengaluru,Whitefield ITPB Main Road,ZONE_EAST,14,4,185,16.2,10.7
Delhi NCR,AIIMS Ring Road Junction,DELHI_SOUTH,20,0,281,19.8,6.0
Bengaluru,Whitefield ITPB Main Road,ZONE_EAST,11,3,263,32.0,9.0
Mumbai,Bandra-Worli Sea Link Approach,MUMBAI_BANDRA,6,3,293,46.8,24.5
Bengaluru,M.G. Road Corridor,ZONE_CENTRAL,20,2,71,15.3,6.2
Bengaluru,Central Silk Board Junction,ZONE_SOUTH,19,5,109,19.6,7.4
Bengaluru,Whitefield ITPB Main Road,ZONE_EAST,13,2,301,27.7,14.2
Bengaluru,Hebbal Flyover to Airport,ZONE_NORTH,21,3,182,31.7,10.6
Mumbai,Bandra-Worli Sea Link Approach,MUMBAI_BANDRA,16,4,314,44.0,21.8
Delhi NCR,Gurgaon Cyber City Expressway,DELHI_GURGAON,18,4,444,19.9,6.0
Mumbai,Bandra-Worli Sea Link Approach,MUMBAI_BANDRA,21,4,139,22.8,8.2
Delhi NCR,Gurgaon Cyber City Expressway,DELHI_GURGAON,2,6,215,18.1,11.3
Bengaluru,Whitefield ITPB Main Road,ZONE_EAST,21,0,121,20.1,7.5
Delhi NCR,Gurgaon Cyber City Expressway,DELHI_GURGAON,16,6,287,16.7,8.9
Delhi NCR,AIIMS Ring Road Junction,DELHI_SOUTH,11,6,160,34.9,12.1
Bengaluru,Hebbal Flyover to Airport,ZONE_NORTH,13,6,183,21.6,14.4
Mumbai,Western Express Highway (Andheri),MUMBAI_WEH,15,6,328,49.6,23.7
Bengaluru,M.G. Road Corridor,ZONE_CENTRAL,23,4,148,38.8,27.5
Bengaluru,Hebbal Flyover to Airport,ZONE_NORTH,3,3,475,48.1,13.9
Mumbai,Western Express Highway (Andheri),MUMBAI_WEH,18,2,408,17.3,6.0
Bengaluru,M.G. Road Corridor,ZONE_CENTRAL,0,1,167,43.8,30.0
Bengaluru,Whitefield ITPB Main Road,ZONE_EAST,6,6,378,44.7,18.5
Bengaluru,Central Silk Board Junction,ZONE_SOUTH,5,0,287,35.8,19.0
Mumbai,Western Express Highway (Andheri),MUMBAI_WEH,12,2,294,34.0,17.7
Mumbai,Bandra-Worli Sea Link Approach,MUMBAI_BANDRA,21,2,64,30.2,12.3
Bengaluru,Central Silk Board Junction,ZONE_SOUTH,8,1,235,14.8,6.0
Delhi NCR,Gurgaon Cyber City Expressway,DELHI_GURGAON,20,1,96,44.2,17.2
Delhi NCR,AIIMS Ring Road Junction,DELHI_SOUTH,12,5,446,49.2,16.1
Mumbai,Bandra-Worli Sea Link Approach,MUMBAI_BANDRA,21,6,467,21.3,6.0
Bengaluru,Hebbal Flyover to Airport,ZONE_NORTH,16,6,148,47.6,33.8
Delhi NCR,Gurgaon Cyber City Expressway,DELHI_GURGAON,2,4,71,19.1,15.4
Bengaluru,Hebbal Flyover to Airport,ZONE_NORTH,12,2,68,13.7,11.1
Delhi NCR,Gurgaon Cyber City Expressway,DELHI_GURGAON,0,1,107,37.9,28.9
Delhi NCR,Gurgaon Cyber City Expressway,DELHI_GURGAON,22,2,359,38.2,16.7
Bengaluru,M.G. Road Corridor,ZONE_CENTRAL,3,4,324,41.5,20.1
Bengaluru,Central Silk Board Junction,ZONE_SOUTH,17,1,239,26.1,7.7
Delhi NCR,AIIMS Ring Road Junction,DELHI_SOUTH,18,3,95,9.4,6.0
Bengaluru,Hebbal Flyover to Airport,ZONE_NORTH,4,6,147,36.9,26.2
Mumbai,Bandra-Worli Sea Link Approach,MUMBAI_BANDRA,14,2,221,18.6,11.5
Bengaluru,Whitefield ITPB Main Road,ZONE_EAST,1,2,208,10.0,6.3
Bengaluru,Central Silk Board Junction,ZONE_SOUTH,2,0,408,24.8,9.3
Delhi NCR,Gurgaon Cyber City Expressway,DELHI_GURGAON,5,1,415,21.8,8.0
Bengaluru,M.G. Road Corridor,ZONE_CENTRAL,6,2,214,8.3,6.0
Bengaluru,M.G. Road Corridor,ZONE_CENTRAL,21,6,108,26.0,9.9
Bengaluru,Hebbal Flyover to Airport,ZONE_NORTH,8,3,428,29.5,6.0
Delhi NCR,Gurgaon Cyber City Expressway,DELHI_GURGAON,14,0,126,10.9,8.0
Mumbai,Western Express Highway (Andheri),MUMBAI_WEH,21,4,135,31.6,11.5
Bengaluru,Central Silk Board Junction,ZONE_SOUTH,12,3,326,19.6,9.4
Mumbai,Bandra-Worli Sea Link Approach,MUMBAI_BANDRA,3,1,433,19.5,6.7
Bengaluru,Central Silk Board Junction,ZONE_SOUTH,20,1,424,9.0,6.0
Mumbai,Western Express Highway (Andheri),MUMBAI_WEH,8,4,374,23.7,6.0
Bengaluru,Whitefield ITPB Main Road,ZONE_EAST,4,3,121,33.1,24.6
Delhi NCR,Gurgaon Cyber City Expressway,DELHI_GURGAON,16,6,89,17.0,13.4
Bengaluru,Hebbal Flyover to Airport,ZONE_NORTH,12,3,160,17.5,12.2
Bengaluru,Central Silk Board Junction,ZONE_SOUTH,8,5,201,30.8,9.9
Bengaluru,M.G. Road Corridor,ZONE_CENTRAL,7,4,80,42.7,34.0
Mumbai,Bandra-Worli Sea Link Approach,MUMBAI_BANDRA,23,2,440,19.4,6.5
Delhi NCR,AIIMS Ring Road Junction,DELHI_SOUTH,21,4,470,47.1,7.0
Bengaluru,Hebbal Flyover to Airport,ZONE_NORTH,10,4,345,13.4,6.0
Mumbai,Western Express Highway (Andheri),MUMBAI_WEH,1,5,140,20.8,15.0
Bengaluru,M.G. Road Corridor,ZONE_CENTRAL,2,3,263,33.0,18.5
Delhi NCR,Gurgaon Cyber City Expressway,DELHI_GURGAON,12,2,392,15.7,6.2
Bengaluru,Central Silk Board Junction,ZONE_SOUTH,5,2,457,41.2,12.9
Bengaluru,Whitefield ITPB Main Road,ZONE_EAST,9,6,121,35.8,13.3
Bengaluru,M.G. Road Corridor,ZONE_CENTRAL,19,3,129,33.4,12.3
Mumbai,Western Express Highway (Andheri),MUMBAI_WEH,9,1,224,33.0,10.1
Bengaluru,M.G. Road Corridor,ZONE_CENTRAL,18,4,366,32.0,6.9
Bengaluru,Hebbal Flyover to Airport,ZONE_NORTH,5,2,412,49.2,18.2
Bengaluru,Hebbal Flyover to Airport,ZONE_NORTH,17,3,51,43.3,18.1
Mumbai,Western Express Highway (Andheri),MUMBAI_WEH,4,6,347,13.5,6.1
Delhi NCR,AIIMS Ring Road Junction,DELHI_SOUTH,13,1,70,22.6,18.3
Delhi NCR,AIIMS Ring Road Junction,DELHI_SOUTH,11,3,392,19.9,6.0
Bengaluru,Central Silk Board Junction,ZONE_SOUTH,14,6,469,23.8,7.1
Bengaluru,Central Silk Board Junction,ZONE_SOUTH,1,3,442,18.0,6.0
Mumbai,Bandra-Worli Sea Link Approach,MUMBAI_BANDRA,15,6,450,45.3,14.6
Bengaluru,M.G. Road Corridor,ZONE_CENTRAL,11,1,437,11.9,6.0
Bengaluru,M.G. Road Corridor,ZONE_CENTRAL,6,2,126,24.5,18.1
Bengaluru,M.G. Road Corridor,ZONE_CENTRAL,13,2,73,35.3,28.5
Mumbai,Western Express Highway (Andheri),MUMBAI_WEH,19,0,381,33.8,6.9
Bengaluru,Central Silk Board Junction,ZONE_SOUTH,0,6,278,47.9,26.0
Bengaluru,Whitefield ITPB Main Road,ZONE_EAST,9,5,159,47.6,16.6
Bengaluru,Central Silk Board Junction,ZONE_SOUTH,22,0,147,23.8,16.9
Delhi NCR,Gurgaon Cyber City Expressway,DELHI_GURGAON,3,1,196,35.9,23.3
Bengaluru,Hebbal Flyover to Airport,ZONE_NORTH,3,3,394,49.2,19.4
Delhi NCR,Gurgaon Cyber City Expressway,DELHI_GURGAON,13,4,284,20.0,10.7
Mumbai,Western Express Highway (Andheri),MUMBAI_WEH,16,1,56,28.2,23.3
Bengaluru,M.G. Road Corridor,ZONE_CENTRAL,20,3,193,32.5,10.6
Delhi NCR,Gurgaon Cyber City Expressway,DELHI_GURGAON,20,6,193,43.3,14.1
Mumbai,Western Express Highway (Andheri),MUMBAI_WEH,18,3,454,37.8,6.0
Bengaluru,Whitefield ITPB Main Road,ZONE_EAST,5,4,374,15.5,6.5
Bengaluru,Whitefield ITPB Main Road,ZONE_EAST,23,2,474,45.8,13.3
Mumbai,Western Express Highway (Andheri),MUMBAI_WEH,1,3,224,49.5,30.3
Bengaluru,Central Silk Board Junction,ZONE_SOUTH,13,0,474,29.6,8.6
Mumbai,Bandra-Worli Sea Link Approach,MUMBAI_BANDRA,10,0,344,40.0,9.2
Bengaluru,Hebbal Flyover to Airport,ZONE_NORTH,2,6,443,48.9,16.2
Delhi NCR,AIIMS Ring Road Junction,DELHI_SOUTH,15,3,444,16.2,6.0
Bengaluru,Central Silk Board Junction,ZONE_SOUTH,10,1,167,38.3,13.1
Mumbai,Western Express Highway (Andheri),MUMBAI_WEH,8,3,213,22.2,7.0
Delhi NCR,Gurgaon Cyber City Expressway,DELHI_GURGAON,10,6,308,16.2,6.0
Mumbai,Bandra-Worli Sea Link Approach,MUMBAI_BANDRA,1,1,282,43.6,23.4
Mumbai,Western Express Highway (Andheri),MUMBAI_WEH,1,4,412,15.8,6.0
Mumbai,Western Express Highway (Andheri),MUMBAI_WEH,11,1,77,18.6,7.4
Mumbai,Western Express Highway (Andheri),MUMBAI_WEH,0,1,322,27.3,13.3
Mumbai,Western Express Highway (Andheri),MUMBAI_WEH,13,2,174,33.6,22.7
Delhi NCR,AIIMS Ring Road Junction,DELHI_SOUTH,7,3,159,39.6,27.5
Mumbai,Bandra-Worli Sea Link Approach,MUMBAI_BANDRA,12,3,428,20.4,7.1
Bengaluru,Central Silk Board Junction,ZONE_SOUTH,3,4,134,21.9,15.9
Bengaluru,M.G. Road Corridor,ZONE_CENTRAL,7,4,460,12.1,6.0
Bengaluru,Central Silk Board Junction,ZONE_SOUTH,3,5,221,23.1,14.2
Bengaluru,M.G. Road Corridor,ZONE_CENTRAL,14,4,475,17.7,6.0
Bengaluru,Whitefield ITPB Main Road,ZONE_EAST,15,4,437,31.3,10.6
Bengaluru,Hebbal Flyover to Airport,ZONE_NORTH,4,0,477,37.8,10.8
Mumbai,Bandra-Worli Sea Link Approach,MUMBAI_BANDRA,3,5,478,8.1,6.0
Delhi NCR,Gurgaon Cyber City Expressway,DELHI_GURGAON,11,4,389,21.5,6.0
Delhi NCR,AIIMS Ring Road Junction,DELHI_SOUTH,8,4,215,40.1,12.5
Delhi NCR,AIIMS Ring Road Junction,DELHI_SOUTH,5,1,261,20.8,11.7
Bengaluru,Hebbal Flyover to Airport,ZONE_NORTH,14,3,444,23.2,7.6
Delhi NCR,AIIMS Ring Road Junction,DELHI_SOUTH,23,4,129,26.8,19.7
Bengaluru,M.G. Road Corridor,ZONE_CENTRAL,10,4,108,18.6,7.1
Bengaluru,M.G. Road Corridor,ZONE_CENTRAL,19,4,135,46.9,17.0
Mumbai,Bandra-Worli Sea Link Approach,MUMBAI_BANDRA,14,1,334,48.9,23.0
Bengaluru,Hebbal Flyover to Airport,ZONE_NORTH,8,6,157,41.0,14.3
Bengaluru,Central Silk Board Junction,ZONE_SOUTH,6,3,141,36.0,25.9
Bengaluru,Whitefield ITPB Main Road,ZONE_EAST,8,5,267,42.3,11.8
Delhi NCR,Gurgaon Cyber City Expressway,DELHI_GURGAON,1,6,264,21.1,11.8
Delhi NCR,AIIMS Ring Road Junction,DELHI_SOUTH,12,6,180,49.3,33.0
Bengaluru,Hebbal Flyover to Airport,ZONE_NORTH,15,3,211,16.1,10.1
Delhi NCR,Gurgaon Cyber City Expressway,DELHI_GURGAON,3,6,117,25.9,19.4
Delhi NCR,AIIMS Ring Road Junction,DELHI_SOUTH,12,5,156,22.1,15.5
Delhi NCR,AIIMS Ring Road Junction,DELHI_SOUTH,22,6,383,36.8,15.0
Delhi NCR,AIIMS Ring Road Junction,DELHI_SOUTH,12,4,168,33.6,23.0
Mumbai,Bandra-Worli Sea Link Approach,MUMBAI_BANDRA,7,5,288,16.6,8.8
Bengaluru,Hebbal Flyover to Airport,ZONE_NORTH,14,3,252,43.4,25.0
Delhi NCR,AIIMS Ring Road Junction,DELHI_SOUTH,17,4,154,35.4,12.4
Delhi NCR,AIIMS Ring Road Junction,DELHI_SOUTH,4,0,269,37.1,20.6
Bengaluru,Central Silk Board Junction,ZONE_SOUTH,18,2,358,17.5,6.0
Mumbai,Bandra-Worli Sea Link Approach,MUMBAI_BANDRA,8,0,268,18.2,6.0
Bengaluru,Hebbal Flyover to Airport,ZONE_NORTH,13,2,209,42.1,26.6
Delhi NCR,Gurgaon Cyber City Expressway,DELHI_GURGAON,18,2,410,18.0,6.0
Delhi NCR,AIIMS Ring Road Junction,DELHI_SOUTH,7,5,290,46.7,24.6
Mumbai,Western Express Highway (Andheri),MUMBAI_WEH,15,6,343,32.4,14.9
Mumbai,Western Express Highway (Andheri),MUMBAI_WEH,4,6,133,25.0,18.2
Mumbai,Western Express Highway (Andheri),MUMBAI_WEH,16,6,209,27.6,17.4
Bengaluru,M.G. Road Corridor,ZONE_CENTRAL,10,0,237,43.7,13.0
Delhi NCR,Gurgaon Cyber City Expressway,DELHI_GURGAON,12,1,88,33.6,26.4
Delhi NCR,Gurgaon Cyber City Expressway,DELHI_GURGAON,1,4,169,42.3,28.9
Bengaluru,M.G. Road Corridor,ZONE_CENTRAL,17,1,367,35.0,7.5
Bengaluru,Central Silk Board Junction,ZONE_SOUTH,23,3,137,42.5,30.8
Mumbai,Bandra-Worli Sea Link Approach,MUMBAI_BANDRA,7,5,253,18.5,10.6
Mumbai,Western Express Highway (Andheri),MUMBAI_WEH,1,6,125,27.1,20.0
Bengaluru,M.G. Road Corridor,ZONE_CENTRAL,17,6,287,47.5,12.6
Bengaluru,Hebbal Flyover to Airport,ZONE_NORTH,1,5,468,30.5,9.1
Mumbai,Western Express Highway (Andheri),MUMBAI_WEH,16,3,442,39.6,13.1
Bengaluru,Whitefield ITPB Main Road,ZONE_EAST,4,4,394,35.3,13.9
Delhi NCR,Gurgaon Cyber City Expressway,DELHI_GURGAON,0,5,328,43.9,21.0
Bengaluru,Central Silk Board Junction,ZONE_SOUTH,22,0,379,13.8,6.0
Mumbai,Western Express Highway (Andheri),MUMBAI_WEH,23,2,476,25.2,7.3
Bengaluru,Hebbal Flyover to Airport,ZONE_NORTH,2,4,332,15.5,7.3
Delhi NCR,Gurgaon Cyber City Expressway,DELHI_GURGAON,12,3,194,14.3,9.3
Delhi NCR,Gurgaon Cyber City Expressway,DELHI_GURGAON,1,3,92,44.5,34.8
Bengaluru,Whitefield ITPB Main Road,ZONE_EAST,18,3,176,8.4,6.0
Mumbai,Western Express Highway (Andheri),MUMBAI_WEH,1,2,162,13.4,9.3
Bengaluru,Hebbal Flyover to Airport,ZONE_NORTH,8,6,287,22.7,6.0
Mumbai,Western Express Highway (Andheri),MUMBAI_WEH,12,0,392,38.2,15.1
Delhi NCR,AIIMS Ring Road Junction,DELHI_SOUTH,2,0,224,25.2,15.4
Bengaluru,M.G. Road Corridor,ZONE_CENTRAL,17,2,88,21.1,8.3
Mumbai,Western Express Highway (Andheri),MUMBAI_WEH,11,3,294,19.2,6.0
Delhi NCR,AIIMS Ring Road Junction,DELHI_SOUTH,0,4,171,30.8,20.9
Delhi NCR,Gurgaon Cyber City Expressway,DELHI_GURGAON,15,4,303,45.3,23.1
Bengaluru,M.G. Road Corridor,ZONE_CENTRAL,18,0,136,19.0,6.9
Delhi NCR,Gurgaon Cyber City Expressway,DELHI_GURGAON,11,0,462,36.0,6.0
Bengaluru,Central Silk Board Junction,ZONE_SOUTH,18,4,179,10.0,6.0
Delhi NCR,Gurgaon Cyber City Expressway,DELHI_GURGAON,18,0,83,32.3,12.8
Bengaluru,Whitefield ITPB Main Road,ZONE_EAST,22,6,328,41.5,19.8
Bengaluru,Whitefield ITPB Main Road,ZONE_EAST,1,0,233,30.0,18.0
Bengaluru,Whitefield ITPB Main Road,ZONE_EAST,20,4,117,17.8,6.7
Bengaluru,Whitefield ITPB Main Road,ZONE_EAST,15,0,67,32.6,26.5
Bengaluru,Central Silk Board Junction,ZONE_SOUTH,9,1,286,29.0,7.7
Bengaluru,Central Silk Board Junction,ZONE_SOUTH,15,4,138,49.6,35.8
Bengaluru,Hebbal Flyover to Airport,ZONE_NORTH,22,1,167,14.7,10.1
Bengaluru,Central Silk Board Junction,ZONE_SOUTH,11,2,196,24.6,8.0
Delhi NCR,AIIMS Ring Road Junction,DELHI_SOUTH,15,2,66,16.0,13.0
Mumbai,Western Express Highway (Andheri),MUMBAI_WEH,12,6,421,29.1,10.4
Bengaluru,Hebbal Flyover to Airport,ZONE_NORTH,9,4,312,9.3,6.0
Delhi NCR,AIIMS Ring Road Junction,DELHI_SOUTH,5,3,396,24.1,9.4
Bengaluru,Central Silk Board Junction,ZONE_SOUTH,23,1,299,10.6,6.0
Mumbai,Bandra-Worli Sea Link Approach,MUMBAI_BANDRA,8,6,223,15.0,6.0
Mumbai,Bandra-Worli Sea Link Approach,MUMBAI_BANDRA,9,6,477,13.7,6.0
Mumbai,Bandra-Worli Sea Link Approach,MUMBAI_BANDRA,4,0,264,12.4,7.0
Bengaluru,Hebbal Flyover to Airport,ZONE_NORTH,17,1,422,15.1,6.0
Delhi NCR,AIIMS Ring Road Junction,DELHI_SOUTH,10,1,470,34.3,6.0
Bengaluru,Whitefield ITPB Main Road,ZONE_EAST,21,0,176,48.1,16.2
Delhi NCR,Gurgaon Cyber City Expressway,DELHI_GURGAON,20,2,434,27.7,6.0
Bengaluru,M.G. Road Corridor,ZONE_CENTRAL,18,4,295,31.1,8.1
Mumbai,Bandra-Worli Sea Link Approach,MUMBAI_BANDRA,16,3,305,15.4,7.8
Bengaluru,Hebbal Flyover to Airport,ZONE_NORTH,21,6,294,20.1,6.0
Delhi NCR,AIIMS Ring Road Junction,DELHI_SOUTH,17,5,143,28.0,10.0
Mumbai,Western Express Highway (Andheri),MUMBAI_WEH,14,4,241,20.0,11.8
Delhi NCR,AIIMS Ring Road Junction,DELHI_SOUTH,10,3,164,12.3,6.0
Bengaluru,Hebbal Flyover to Airport,ZONE_NORTH,18,3,361,45.9,10.0
Delhi NCR,AIIMS Ring Road Junction,DELHI_SOUTH,1,2,407,10.1,6.0
Bengaluru,Hebbal Flyover to Airport,ZONE_NORTH,10,6,218,44.4,13.8
Bengaluru,M.G. Road Corridor,ZONE_CENTRAL,16,3,277,48.4,26.3
Bengaluru,Whitefield ITPB Main Road,ZONE_EAST,11,6,182,47.1,15.7
Bengaluru,Whitefield ITPB Main Road,ZONE_EAST,6,6,236,37.0,22.1
Bengaluru,M.G. Road Corridor,ZONE_CENTRAL,5,1,304,26.7,13.6
Delhi NCR,Gurgaon Cyber City Expressway,DELHI_GURGAON,10,5,207,22.4,7.1
Bengaluru,M.G. Road Corridor,ZONE_CENTRAL,5,3,186,35.6,23.5
Bengaluru,Whitefield ITPB Main Road,ZONE_EAST,4,6,409,36.9,13.8
Bengaluru,Central Silk Board Junction,ZONE_SOUTH,21,0,402,33.2,6.4
Bengaluru,M.G. Road Corridor,ZONE_CENTRAL,18,3,382,14.1,6.0
Mumbai,Western Express Highway (Andheri),MUMBAI_WEH,4,6,165,24.9,17.1
Bengaluru,Central Silk Board Junction,ZONE_SOUTH,23,5,388,22.6,9.1
Delhi NCR,Gurgaon Cyber City Expressway,DELHI_GURGAON,2,2,288,8.1,6.0
Bengaluru,Hebbal Flyover to Airport,ZONE_NORTH,19,3,280,33.8,9.1
Mumbai,Bandra-Worli Sea Link Approach,MUMBAI_BANDRA,22,2,140,9.7,7.0
Bengaluru,Whitefield ITPB Main Road,ZONE_EAST,14,3,131,10.2,7.5
Bengaluru,Central Silk Board Junction,ZONE_SOUTH,23,6,284,32.6,17.4
Bengaluru,Central Silk Board Junction,ZONE_SOUTH,16,4,432,24.1,8.3
Delhi NCR,Gurgaon Cyber City Expressway,DELHI_GURGAON,20,2,420,21.6,6.0
Delhi NCR,AIIMS Ring Road Junction,DELHI_SOUTH,21,2,187,25.0,8.2
Delhi NCR,Gurgaon Cyber City Expressway,DELHI_GURGAON,7,3,257,15.8,9.0
Mumbai,Western Express Highway (Andheri),MUMBAI_WEH,0,3,448,31.3,10.1
Mumbai,Bandra-Worli Sea Link Approach,MUMBAI_BANDRA,23,6,203,41.4,26.5
Delhi NCR,Gurgaon Cyber City Expressway,DELHI_GURGAON,17,3,166,18.9,6.5
Bengaluru,Central Silk Board Junction,ZONE_SOUTH,15,4,337,39.2,18.3
Bengaluru,Hebbal Flyover to Airport,ZONE_NORTH,5,2,152,38.3,27.0
Bengaluru,M.G. Road Corridor,ZONE_CENTRAL,0,0,63,15.1,12.4
Delhi NCR,AIIMS Ring Road Junction,DELHI_SOUTH,8,5,293,49.9,13.1
Delhi NCR,AIIMS Ring Road Junction,DELHI_SOUTH,10,1,125,48.1,17.8
Delhi NCR,Gurgaon Cyber City Expressway,DELHI_GURGAON,7,5,365,11.9,6.0
Bengaluru,Whitefield ITPB Main Road,ZONE_EAST,13,5,60,18.0,14.8
Mumbai,Bandra-Worli Sea Link Approach,MUMBAI_BANDRA,4,0,384,41.7,16.9
Bengaluru,Central Silk Board Junction,ZONE_SOUTH,3,3,243,49.8,29.3
Bengaluru,Hebbal Flyover to Airport,ZONE_NORTH,12,3,363,18.0,7.8
Mumbai,Bandra-Worli Sea Link Approach,MUMBAI_BANDRA,12,5,114,38.2,28.8
Mumbai,Bandra-Worli Sea Link Approach,MUMBAI_BANDRA,8,0,283,29.4,7.9
Delhi NCR,Gurgaon Cyber City Expressway,DELHI_GURGAON,14,5,432,19.1,6.6
Bengaluru,Hebbal Flyover to Airport,ZONE_NORTH,8,1,335,15.6,6.0
Bengaluru,M.G. Road Corridor,ZONE_CENTRAL,19,3,188,26.7,8.8
Delhi NCR,AIIMS Ring Road Junction,DELHI_SOUTH,3,3,296,45.4,23.6
Delhi NCR,AIIMS Ring Road Junction,DELHI_SOUTH,19,0,319,17.8,6.0
Delhi NCR,Gurgaon Cyber City Expressway,DELHI_GURGAON,17,5,329,39.6,9.4
Mumbai,Western Express Highway (Andheri),MUMBAI_WEH,20,6,428,45.2,7.9
Mumbai,Western Express Highway (Andheri),MUMBAI_WEH,19,6,478,36.1,6.0
Mumbai,Western Express Highway (Andheri),MUMBAI_WEH,5,4,357,8.3,6.0
Bengaluru,Whitefield ITPB Main Road,ZONE_EAST,18,4,256,8.5,6.0
Bengaluru,Central Silk Board Junction,ZONE_SOUTH,10,5,106,24.9,9.5
Bengaluru,M.G. Road Corridor,ZONE_CENTRAL,22,0,382,44.6,18.2
Delhi NCR,AIIMS Ring Road Junction,DELHI_SOUTH,18,2,448,43.7,7.1
Mumbai,Bandra-Worli Sea Link Approach,MUMBAI_BANDRA,2,3,177,49.8,33.5
Mumbai,Western Express Highway (Andheri),MUMBAI_WEH,3,6,262,43.9,24.7
Bengaluru,Central Silk Board Junction,ZONE_SOUTH,20,2,290,47.5,12.5
Mumbai,Bandra-Worli Sea Link Approach,MUMBAI_BANDRA,3,2,456,47.3,14.8
Mumbai,Western Express Highway (Andheri),MUMBAI_WEH,6,5,385,12.8,6.0
Bengaluru,Hebbal Flyover to Airport,ZONE_NORTH,5,5,204,19.6,12.5
Bengaluru,Hebbal Flyover to Airport,ZONE_NORTH,20,4,308,24.4,6.1
Bengaluru,Hebbal Flyover to Airport,ZONE_NORTH,9,2,424,26.6,6.0
Bengaluru,M.G. Road Corridor,ZONE_CENTRAL,14,6,391,20.6,8.2
Bengaluru,Central Silk Board Junction,ZONE_SOUTH,11,4,402,12.7,6.0
Bengaluru,M.G. Road Corridor,ZONE_CENTRAL,10,2,59,24.8,10.2
Bengaluru,Hebbal Flyover to Airport,ZONE_NORTH,18,3,145,23.6,8.4
Mumbai,Western Express Highway (Andheri),MUMBAI_WEH,23,5,258,15.5,8.8
Bengaluru,Whitefield ITPB Main Road,ZONE_EAST,5,1,361,44.3,19.3
Delhi NCR,AIIMS Ring Road Junction,DELHI_SOUTH,22,6,431,35.5,12.3
Mumbai,Western Express Highway (Andheri),MUMBAI_WEH,20,4,120,10.8,6.0
Bengaluru,Whitefield ITPB Main Road,ZONE_EAST,1,3,67,26.4,21.5
Bengaluru,M.G. Road Corridor,ZONE_CENTRAL,0,2,443,31.2,10.3
Delhi NCR,AIIMS Ring Road Junction,DELHI_SOUTH,21,0,156,10.3,6.0
Delhi NCR,AIIMS Ring Road Junction,DELHI_SOUTH,1,6,378,48.6,20.1
Mumbai,Western Express Highway (Andheri),MUMBAI_WEH,7,5,401,27.0,10.4
Bengaluru,Hebbal Flyover to Airport,ZONE_NORTH,16,3,368,20.4,8.7
Bengaluru,Whitefield ITPB Main Road,ZONE_EAST,19,6,199,42.8,13.8
Bengaluru,Hebbal Flyover to Airport,ZONE_NORTH,20,0,287,8.0,6.0
Bengaluru,Hebbal Flyover to Airport,ZONE_NORTH,18,6,478,16.2,6.0
Bengaluru,Central Silk Board Junction,ZONE_SOUTH,15,3,139,30.7,22.1
Delhi NCR,Gurgaon Cyber City Expressway,DELHI_GURGAON,10,5,383,11.0,6.0
Bengaluru,Whitefield ITPB Main Road,ZONE_EAST,13,0,396,28.8,11.3
Bengaluru,M.G. Road Corridor,ZONE_CENTRAL,8,0,295,18.6,6.0
Mumbai,Bandra-Worli Sea Link Approach,MUMBAI_BANDRA,0,5,210,33.9,21.4
Bengaluru,Central Silk Board Junction,ZONE_SOUTH,6,0,146,38.8,27.6
Bengaluru,Whitefield ITPB Main Road,ZONE_EAST,1,3,59,16.0,13.2
Bengaluru,Central Silk Board Junction,ZONE_SOUTH,7,3,263,32.0,18.0
Bengaluru,Hebbal Flyover to Airport,ZONE_NORTH,12,1,334,15.5,7.3
Bengaluru,M.G. Road Corridor,ZONE_CENTRAL,4,6,423,48.7,17.3
Bengaluru,Whitefield ITPB Main Road,ZONE_EAST,18,0,121,10.2,6.0
Delhi NCR,Gurgaon Cyber City Expressway,DELHI_GURGAON,19,4,283,23.2,6.2
Bengaluru,Whitefield ITPB Main Road,ZONE_EAST,10,5,117,13.0,6.0
Mumbai,Bandra-Worli Sea Link Approach,MUMBAI_BANDRA,7,6,263,42.2,23.7
Mumbai,Western Express Highway (Andheri),MUMBAI_WEH,2,2,164,41.9,28.9
Mumbai,Bandra-Worli Sea Link Approach,MUMBAI_BANDRA,17,5,135,39.3,14.3
Mumbai,Bandra-Worli Sea Link Approach,MUMBAI_BANDRA,6,4,92,41.8,32.7
Delhi NCR,AIIMS Ring Road Junction,DELHI_SOUTH,6,6,323,33.0,16.0
Bengaluru,Central Silk Board Junction,ZONE_SOUTH,0,4,164,8.9,6.1
Mumbai,Western Express Highway (Andheri),MUMBAI_WEH,17,1,246,18.6,6.0
Mumbai,Western Express Highway (Andheri),MUMBAI_WEH,0,1,324,14.8,7.2
Mumbai,Bandra-Worli Sea Link Approach,MUMBAI_BANDRA,2,2,130,35.4,25.9
Bengaluru,Hebbal Flyover to Airport,ZONE_NORTH,1,3,310,39.1,19.6
Delhi NCR,Gurgaon Cyber City Expressway,DELHI_GURGAON,7,3,178,10.1,6.8
Bengaluru,Hebbal Flyover to Airport,ZONE_NORTH,13,1,404,23.1,8.8
Delhi NCR,Gurgaon Cyber City Expressway,DELHI_GURGAON,13,1,267,39.9,22.2
Mumbai,Bandra-Worli Sea Link Approach,MUMBAI_BANDRA,17,3,305,33.5,8.5
Bengaluru,Hebbal Flyover to Airport,ZONE_NORTH,22,4,170,36.6,24.9
Bengaluru,Whitefield ITPB Main Road,ZONE_EAST,2,4,373,15.7,6.6
Bengaluru,Central Silk Board Junction,ZONE_SOUTH,13,2,183,45.8,30.4
Delhi NCR,Gurgaon Cyber City Expressway,DELHI_GURGAON,10,0,354,32.7,7.3
Mumbai,Bandra-Worli Sea Link Approach,MUMBAI_BANDRA,4,6,133,47.8,34.8
Delhi NCR,AIIMS Ring Road Junction,DELHI_SOUTH,2,6,149,10.3,7.3
Bengaluru,M.G. Road Corridor,ZONE_CENTRAL,14,4,460,19.3,6.0
Bengaluru,M.G. Road Corridor,ZONE_CENTRAL,5,3,414,14.9,6.0
Bengaluru,Central Silk Board Junction,ZONE_SOUTH,14,6,255,19.5,11.2
Bengaluru,M.G. Road Corridor,ZONE_CENTRAL,0,2,221,41.1,25.3
Mumbai,Western Express Highway (Andheri),MUMBAI_WEH,5,4,275,37.4,20.4
Delhi NCR,AIIMS Ring Road Junction,DELHI_SOUTH,2,0,308,45.9,23.1
Bengaluru,Central Silk Board Junction,ZONE_SOUTH,2,5,111,28.2,21.4
Mumbai,Bandra-Worli Sea Link Approach,MUMBAI_BANDRA,7,2,83,19.0,15.1
Bengaluru,Central Silk Board Junction,ZONE_SOUTH,18,1,245,10.5,6.0
Delhi NCR,AIIMS Ring Road Junction,DELHI_SOUTH,16,4,470,43.3,12.8
Bengaluru,Central Silk Board Junction,ZONE_SOUTH,1,0,381,23.0,9.4
Bengaluru,Central Silk Board Junction,ZONE_SOUTH,5,5,79,39.5,31.5
Bengaluru,Whitefield ITPB Main Road,ZONE_EAST,13,6,135,10.1,7.3
Delhi NCR,AIIMS Ring Road Junction,DELHI_SOUTH,8,6,279,36.2,9.8
Delhi NCR,Gurgaon Cyber City Expressway,DELHI_GURGAON,12,3,216,30.9,19.2
Bengaluru,Central Silk Board Junction,ZONE_SOUTH,18,3,473,16.0,6.0
Mumbai,Western Express Highway (Andheri),MUMBAI_WEH,3,2,254,15.4,8.8
Mumbai,Western Express Highway (Andheri),MUMBAI_WEH,5,0,326,35.8,17.2
Delhi NCR,AIIMS Ring Road Junction,DELHI_SOUTH,20,0,215,39.7,12.4
Bengaluru,Central Silk Board Junction,ZONE_SOUTH,11,2,260,41.4,11.7
Bengaluru,Central Silk Board Junction,ZONE_SOUTH,18,3,387,49.8,10.0
Delhi NCR,Gurgaon Cyber City Expressway,DELHI_GURGAON,1,5,395,32.6,12.8
Bengaluru,Whitefield ITPB Main Road,ZONE_EAST,23,4,105,23.8,18.2
Delhi NCR,Gurgaon Cyber City Expressway,DELHI_GURGAON,4,3,132,33.4,24.4
Delhi NCR,Gurgaon Cyber City Expressway,DELHI_GURGAON,5,5,141,14.4,10.3
Bengaluru,Central Silk Board Junction,ZONE_SOUTH,11,0,88,17.0,6.7
Delhi NCR,AIIMS Ring Road Junction,DELHI_SOUTH,8,3,453,23.1,6.0
Bengaluru,M.G. Road Corridor,ZONE_CENTRAL,6,1,392,35.1,13.9
Bengaluru,M.G. Road Corridor,ZONE_CENTRAL,18,0,424,10.3,6.0
Delhi NCR,AIIMS Ring Road Junction,DELHI_SOUTH,23,0,341,27.9,12.9
Bengaluru,Hebbal Flyover to Airport,ZONE_NORTH,23,0,120,19.1,14.2
Bengaluru,Whitefield ITPB Main Road,ZONE_EAST,0,5,146,16.4,11.7
Delhi NCR,Gurgaon Cyber City Expressway,DELHI_GURGAON,19,4,471,34.3,6.0
Bengaluru,Whitefield ITPB Main Road,ZONE_EAST,23,3,91,21.2,16.6
Mumbai,Bandra-Worli Sea Link Approach,MUMBAI_BANDRA,19,4,176,9.1,6.0
Bengaluru,M.G. Road Corridor,ZONE_CENTRAL,5,3,267,15.7,8.7
Delhi NCR,Gurgaon Cyber City Expressway,DELHI_GURGAON,20,6,352,16.3,6.0
Mumbai,Bandra-Worli Sea Link Approach,MUMBAI_BANDRA,22,2,157,16.2,11.3
Bengaluru,M.G. Road Corridor,ZONE_CENTRAL,20,4,461,46.1,7.1
Bengaluru,M.G. Road Corridor,ZONE_CENTRAL,6,3,194,46.1,30.0
Mumbai,Western Express Highway (Andheri),MUMBAI_WEH,17,1,100,39.0,15.0
Delhi NCR,AIIMS Ring Road Junction,DELHI_SOUTH,13,6,65,27.7,22.6
Delhi NCR,AIIMS Ring Road Junction,DELHI_SOUTH,5,2,409,23.7,8.9
Bengaluru,Central Silk Board Junction,ZONE_SOUTH,21,0,461,16.6,6.0
Delhi NCR,AIIMS Ring Road Junction,DELHI_SOUTH,14,6,100,21.8,16.8
Bengaluru,M.G. Road Corridor,ZONE_CENTRAL,18,0,247,8.3,6.0
Mumbai,Bandra-Worli Sea Link Approach,MUMBAI_BANDRA,4,1,269,39.0,21.6
Bengaluru,Whitefield ITPB Main Road,ZONE_EAST,12,4,462,22.4,6.9
Bengaluru,M.G. Road Corridor,ZONE_CENTRAL,4,5,462,43.0,13.2
Delhi NCR,Gurgaon Cyber City Expressway,DELHI_GURGAON,19,5,245,49.9,14.6
Mumbai,Western Express Highway (Andheri),MUMBAI_WEH,19,3,249,31.2,9.0
Delhi NCR,AIIMS Ring Road Junction,DELHI_SOUTH,9,3,161,9.0,6.0
Bengaluru,M.G. Road Corridor,ZONE_CENTRAL,0,5,456,9.4,6.0
Bengaluru,Central Silk Board Junction,ZONE_SOUTH,16,4,361,31.2,13.6
Delhi NCR,Gurgaon Cyber City Expressway,DELHI_GURGAON,11,6,448,12.4,6.0
Bengaluru,Central Silk Board Junction,ZONE_SOUTH,8,4,209,40.3,12.7
Mumbai,Bandra-Worli Sea Link Approach,MUMBAI_BANDRA,15,6,333,25.2,11.9
Delhi NCR,Gurgaon Cyber City Expressway,DELHI_GURGAON,12,0,413,25.6,9.4
Mumbai,Western Express Highway (Andheri),MUMBAI_WEH,13,1,408,16.3,6.1
Mumbai,Bandra-Worli Sea Link Approach,MUMBAI_BANDRA,13,3,396,12.5,6.0
Delhi NCR,Gurgaon Cyber City Expressway,DELHI_GURGAON,8,0,360,27.2,6.0
Delhi NCR,Gurgaon Cyber City Expressway,DELHI_GURGAON,18,3,376,42.6,8.9
Bengaluru,Central Silk Board Junction,ZONE_SOUTH,13,6,335,35.6,16.7
Bengaluru,M.G. Road Corridor,ZONE_CENTRAL,7,4,410,17.6,6.6
Bengaluru,Central Silk Board Junction,ZONE_SOUTH,4,4,380,17.5,7.2
Mumbai,Bandra-Worli Sea Link Approach,MUMBAI_BANDRA,23,2,173,33.4,22.6
Bengaluru,Central Silk Board Junction,ZONE_SOUTH,2,2,311,24.5,12.3
Mumbai,Western Express Highway (Andheri),MUMBAI_WEH,11,3,169,37.5,12.8
Delhi NCR,Gurgaon Cyber City Expressway,DELHI_GURGAON,18,5,352,8.2,6.0
Delhi NCR,AIIMS Ring Road Junction,DELHI_SOUTH,1,4,384,21.5,8.7
Bengaluru,Hebbal Flyover to Airport,ZONE_NORTH,20,4,423,46.3,8.2
Delhi NCR,Gurgaon Cyber City Expressway,DELHI_GURGAON,10,5,51,47.3,19.7
Bengaluru,Whitefield ITPB Main Road,ZONE_EAST,6,4,220,40.6,25.1
Bengaluru,Central Silk Board Junction,ZONE_SOUTH,0,1,304,13.0,6.6
Delhi NCR,Gurgaon Cyber City Expressway,DELHI_GURGAON,11,6,204,29.9,9.5
Bengaluru,M.G. Road Corridor,ZONE_CENTRAL,22,2,190,18.0,11.8
Delhi NCR,Gurgaon Cyber City Expressway,DELHI_GURGAON,3,6,218,33.5,20.8
Bengaluru,M.G. Road Corridor,ZONE_CENTRAL,8,2,136,19.5,7.1
Delhi NCR,AIIMS Ring Road Junction,DELHI_SOUTH,3,2,412,16.1,6.0
Bengaluru,Whitefield ITPB Main Road,ZONE_EAST,23,4,381,35.0,14.4
Mumbai,Western Express Highway (Andheri),MUMBAI_WEH,1,6,471,41.4,12.2
Bengaluru,Whitefield ITPB Main Road,ZONE_EAST,4,6,459,10.4,6.0
Mumbai,Bandra-Worli Sea Link Approach,MUMBAI_BANDRA,1,1,56,45.9,38.0
Bengaluru,Hebbal Flyover to Airport,ZONE_NORTH,13,5,450,9.5,6.0
Mumbai,Western Express Highway (Andheri),MUMBAI_WEH,18,0,108,36.7,14.0
Delhi NCR,Gurgaon Cyber City Expressway,DELHI_GURGAON,19,0,358,41.6,9.1
Bengaluru,Hebbal Flyover to Airport,ZONE_NORTH,4,0,461,29.5,9.1
Bengaluru,Hebbal Flyover to Airport,ZONE_NORTH,3,2,163,28.6,19.7
Delhi NCR,AIIMS Ring Road Junction,DELHI_SOUTH,21,1,111,31.5,11.9
Mumbai,Bandra-Worli Sea Link Approach,MUMBAI_BANDRA,11,5,398,11.6,6.0
Bengaluru,Whitefield ITPB Main Road,ZONE_EAST,17,1,420,32.9,6.0
Mumbai,Bandra-Worli Sea Link Approach,MUMBAI_BANDRA,18,0,187,48.3,15.9
Delhi NCR,AIIMS Ring Road Junction,DELHI_SOUTH,17,6,122,24.8,9.2
Delhi NCR,Gurgaon Cyber City Expressway,DELHI_GURGAON,21,4,354,42.9,9.5
Bengaluru,Central Silk Board Junction,ZONE_SOUTH,20,2,460,31.9,6.0
Bengaluru,M.G. Road Corridor,ZONE_CENTRAL,2,1,100,49.7,38.3
Mumbai,Bandra-Worli Sea Link Approach,MUMBAI_BANDRA,17,2,280,28.5,7.7
Delhi NCR,AIIMS Ring Road Junction,DELHI_SOUTH,8,5,355,36.0,8.0
Bengaluru,Hebbal Flyover to Airport,ZONE_NORTH,17,1,439,44.8,7.5
Bengaluru,Hebbal Flyover to Airport,ZONE_NORTH,1,0,191,32.2,21.1
Delhi NCR,AIIMS Ring Road Junction,DELHI_SOUTH,11,5,441,10.7,6.0
Delhi NCR,Gurgaon Cyber City Expressway,DELHI_GURGAON,21,5,180,23.8,8.0
Bengaluru,Central Silk Board Junction,ZONE_SOUTH,9,3,230,44.9,13.6
Bengaluru,M.G. Road Corridor,ZONE_CENTRAL,16,2,113,10.9,8.2
Bengaluru,Central Silk Board Junction,ZONE_SOUTH,15,3,133,30.2,22.0
Mumbai,Bandra-Worli Sea Link Approach,MUMBAI_BANDRA,13,6,227,43.7,26.6
Bengaluru,M.G. Road Corridor,ZONE_CENTRAL,15,3,152,44.4,31.3
Bengaluru,Hebbal Flyover to Airport,ZONE_NORTH,20,0,241,35.8,10.6
Bengaluru,Whitefield ITPB Main Road,ZONE_EAST,4,2,134,11.3,8.2
Bengaluru,Whitefield ITPB Main Road,ZONE_EAST,18,1,176,10.4,6.0
Bengaluru,Hebbal Flyover to Airport,ZONE_NORTH,15,6,77,22.9,18.3
Mumbai,Bandra-Worli Sea Link Approach,MUMBAI_BANDRA,2,0,357,24.1,10.6
Bengaluru,M.G. Road Corridor,ZONE_CENTRAL,13,5,149,19.8,14.0
Delhi NCR,Gurgaon Cyber City Expressway,DELHI_GURGAON,19,1,161,24.6,8.5
Delhi NCR,AIIMS Ring Road Junction,DELHI_SOUTH,14,0,286,12.4,6.6
Bengaluru,Whitefield ITPB Main Road,ZONE_EAST,19,2,142,39.0,14.0
Mumbai,Western Express Highway (Andheri),MUMBAI_WEH,13,5,118,39.9,29.9
Delhi NCR,AIIMS Ring Road Junction,DELHI_SOUTH,19,3,286,44.4,11.8
Bengaluru,Central Silk Board Junction,ZONE_SOUTH,2,5,470,46.9,13.9
Mumbai,Bandra-Worli Sea Link Approach,MUMBAI_BANDRA,0,4,449,24.2,7.8
Bengaluru,Whitefield ITPB Main Road,ZONE_EAST,21,5,471,10.0,6.0
Bengaluru,Hebbal Flyover to Airport,ZONE_NORTH,12,3,69,13.0,10.5
Bengaluru,Hebbal Flyover to Airport,ZONE_NORTH,1,2,138,12.8,9.2
Bengaluru,M.G. Road Corridor,ZONE_CENTRAL,22,2,183,47.4,31.5
Bengaluru,Whitefield ITPB Main Road,ZONE_EAST,22,0,450,47.4,15.2
Mumbai,Western Express Highway (Andheri),MUMBAI_WEH,16,0,247,23.2,13.5
Bengaluru,M.G. Road Corridor,ZONE_CENTRAL,4,4,200,41.4,26.6
Bengaluru,M.G. Road Corridor,ZONE_CENTRAL,10,5,124,21.2,7.9
Delhi NCR,AIIMS Ring Road Junction,DELHI_SOUTH,12,1,168,27.3,18.7
Delhi NCR,Gurgaon Cyber City Expressway,DELHI_GURGAON,10,1,445,43.6,7.1
Delhi NCR,Gurgaon Cyber City Expressway,DELHI_GURGAON,15,3,104,16.3,12.5
Mumbai,Western Express Highway (Andheri),MUMBAI_WEH,3,5,125,17.5,12.9
Delhi NCR,AIIMS Ring Road Junction,DELHI_SOUTH,6,0,465,20.4,6.2
Delhi NCR,AIIMS Ring Road Junction,DELHI_SOUTH,19,4,400,24.6,6.0
Bengaluru,Whitefield ITPB Main Road,ZONE_EAST,21,6,473,42.7,6.2
Bengaluru,M.G. Road Corridor,ZONE_CENTRAL,4,3,177,33.1,22.3
Delhi NCR,Gurgaon Cyber City Expressway,DELHI_GURGAON,17,5,367,11.4,6.0
Bengaluru,Whitefield ITPB Main Road,ZONE_EAST,19,6,142,32.2,11.6
Bengaluru,M.G. Road Corridor,ZONE_CENTRAL,2,6,272,17.5,9.6
Mumbai,Bandra-Worli Sea Link Approach,MUMBAI_BANDRA,0,2,445,25.1,8.2
Bengaluru,Hebbal Flyover to Airport,ZONE_NORTH,17,1,371,14.3,6.0
Delhi NCR,Gurgaon Cyber City Expressway,DELHI_GURGAON,14,0,58,37.0,30.5
Bengaluru,M.G. Road Corridor,ZONE_CENTRAL,8,6,127,25.3,9.3
Bengaluru,M.G. Road Corridor,ZONE_CENTRAL,3,4,456,22.7,7.1
Bengaluru,Hebbal Flyover to Airport,ZONE_NORTH,7,4,139,17.4,12.6
Bengaluru,Whitefield ITPB Main Road,ZONE_EAST,19,5,71,12.3,6.0
Delhi NCR,Gurgaon Cyber City Expressway,DELHI_GURGAON,16,2,257,32.3,18.4
Bengaluru,Hebbal Flyover to Airport,ZONE_NORTH,22,6,408,31.6,11.9
Delhi NCR,Gurgaon Cyber City Expressway,DELHI_GURGAON,22,4,408,9.6,6.0
Delhi NCR,Gurgaon Cyber City Expressway,DELHI_GURGAON,10,0,442,42.7,7.1
Mumbai,Western Express Highway (Andheri),MUMBAI_WEH,17,6,182,44.6,14.9
Mumbai,Western Express Highway (Andheri),MUMBAI_WEH,11,2,79,36.4,14.5
Mumbai,Bandra-Worli Sea Link Approach,MUMBAI_BANDRA,12,1,340,35.2,16.3
Bengaluru,M.G. Road Corridor,ZONE_CENTRAL,15,6,366,34.5,14.8
Mumbai,Bandra-Worli Sea Link Approach,MUMBAI_BANDRA,0,0,223,39.7,24.3
Bengaluru,Hebbal Flyover to Airport,ZONE_NORTH,7,6,304,35.1,17.9
Bengaluru,Central Silk Board Junction,ZONE_SOUTH,7,5,417,30.0,10.9
Mumbai,Bandra-Worli Sea Link Approach,MUMBAI_BANDRA,22,4,302,49.2,25.2
Mumbai,Bandra-Worli Sea Link Approach,MUMBAI_BANDRA,10,4,259,45.3,12.8
Bengaluru,M.G. Road Corridor,ZONE_CENTRAL,23,2,296,43.9,22.8
Delhi NCR,AIIMS Ring Road Junction,DELHI_SOUTH,19,5,296,13.1,6.0
Mumbai,Western Express Highway (Andheri),MUMBAI_WEH,15,0,372,35.7,15.1
Mumbai,Western Express Highway (Andheri),MUMBAI_WEH,2,4,244,40.3,23.6
Delhi NCR,AIIMS Ring Road Junction,DELHI_SOUTH,14,4,122,8.6,6.4
Bengaluru,Whitefield ITPB Main Road,ZONE_EAST,17,4,316,28.4,7.0
Delhi NCR,Gurgaon Cyber City Expressway,DELHI_GURGAON,0,3,74,37.7,30.3
Bengaluru,M.G. Road Corridor,ZONE_CENTRAL,23,2,343,16.1,7.4
Mumbai,Western Express Highway (Andheri),MUMBAI_WEH,21,2,325,10.5,6.0
Bengaluru,Central Silk Board Junction,ZONE_SOUTH,2,4,258,48.8,27.7
Mumbai,Western Express Highway (Andheri),MUMBAI_WEH,16,2,323,13.7,6.6
Bengaluru,Whitefield ITPB Main Road,ZONE_EAST,20,0,210,10.7,6.0
Bengaluru,Hebbal Flyover to Airport,ZONE_NORTH,7,4,351,12.4,6.0
Bengaluru,Hebbal Flyover to Airport,ZONE_NORTH,7,0,279,39.3,21.3
Bengaluru,Central Silk Board Junction,ZONE_SOUTH,11,5,394,28.5,6.0
Bengaluru,Whitefield ITPB Main Road,ZONE_EAST,16,1,249,37.5,21.7
Bengaluru,Central Silk Board Junction,ZONE_SOUTH,6,6,380,8.8,6.0
Delhi NCR,AIIMS Ring Road Junction,DELHI_SOUTH,18,5,248,8.6,6.0
Bengaluru,Hebbal Flyover to Airport,ZONE_NORTH,21,6,292,40.2,10.5
Delhi NCR,Gurgaon Cyber City Expressway,DELHI_GURGAON,6,0,479,35.5,10.1
Bengaluru,Hebbal Flyover to Airport,ZONE_NORTH,15,4,456,50.0,15.7
Mumbai,Bandra-Worli Sea Link Approach,MUMBAI_BANDRA,16,5,131,32.2,23.6
Bengaluru,Whitefield ITPB Main Road,ZONE_EAST,7,0,322,37.2,18.1
Delhi NCR,AIIMS Ring Road Junction,DELHI_SOUTH,5,3,129,28.7,21.1
Delhi NCR,Gurgaon Cyber City Expressway,DELHI_GURGAON,10,5,233,22.3,6.7
Bengaluru,M.G. Road Corridor,ZONE_CENTRAL,3,4,438,21.9,7.4
Delhi NCR,AIIMS Ring Road Junction,DELHI_SOUTH,3,2,254,44.6,25.6
Delhi NCR,Gurgaon Cyber City Expressway,DELHI_GURGAON,18,6,106,8.2,6.0
Mumbai,Western Express Highway (Andheri),MUMBAI_WEH,21,3,181,18.7,6.2
Delhi NCR,Gurgaon Cyber City Expressway,DELHI_GURGAON,2,3,325,20.3,9.8
Mumbai,Bandra-Worli Sea Link Approach,MUMBAI_BANDRA,16,6,62,25.7,21.1
Mumbai,Bandra-Worli Sea Link Approach,MUMBAI_BANDRA,14,1,424,14.4,6.0
Bengaluru,M.G. Road Corridor,ZONE_CENTRAL,15,2,61,34.3,28.2
Bengaluru,M.G. Road Corridor,ZONE_CENTRAL,17,3,167,24.7,8.5
Bengaluru,Central Silk Board Junction,ZONE_SOUTH,15,1,159,14.5,10.1
Mumbai,Western Express Highway (Andheri),MUMBAI_WEH,0,2,314,20.6,10.2
Bengaluru,Central Silk Board Junction,ZONE_SOUTH,1,0,259,20.9,11.9
Bengaluru,Central Silk Board Junction,ZONE_SOUTH,17,3,272,37.6,10.3
Bengaluru,Whitefield ITPB Main Road,ZONE_EAST,11,4,221,43.1,13.3
Delhi NCR,AIIMS Ring Road Junction,DELHI_SOUTH,8,0,181,23.8,7.9
Bengaluru,M.G. Road Corridor,ZONE_CENTRAL,13,3,232,9.9,6.0
Bengaluru,M.G. Road Corridor,ZONE_CENTRAL,19,1,428,48.0,8.4
Bengaluru,Central Silk Board Junction,ZONE_SOUTH,23,5,323,33.5,16.2
Bengaluru,Central Silk Board Junction,ZONE_SOUTH,4,0,131,38.8,28.4
Delhi NCR,Gurgaon Cyber City Expressway,DELHI_GURGAON,22,1,142,38.0,27.3
Mumbai,Western Express Highway (Andheri),MUMBAI_WEH,22,3,168,48.9,33.4
Bengaluru,Whitefield ITPB Main Road,ZONE_EAST,21,4,92,23.0,9.0
Mumbai,Bandra-Worli Sea Link Approach,MUMBAI_BANDRA,12,2,329,28.4,13.5
Bengaluru,Central Silk Board Junction,ZONE_SOUTH,10,4,433,9.8,6.0
Bengaluru,Central Silk Board Junction,ZONE_SOUTH,2,2,467,20.1,6.0
Bengaluru,Hebbal Flyover to Airport,ZONE_NORTH,2,4,138,45.2,32.7
Mumbai,Bandra-Worli Sea Link Approach,MUMBAI_BANDRA,2,4,390,44.4,17.7
Delhi NCR,Gurgaon Cyber City Expressway,DELHI_GURGAON,18,0,133,20.0,7.3
Delhi NCR,Gurgaon Cyber City Expressway,DELHI_GURGAON,4,3,312,35.1,17.5
Bengaluru,Whitefield ITPB Main Road,ZONE_EAST,18,5,257,37.2,10.6
Delhi NCR,Gurgaon Cyber City Expressway,DELHI_GURGAON,16,1,167,34.3,23.5
Bengaluru,Whitefield ITPB Main Road,ZONE_EAST,9,0,404,25.5,6.0
Mumbai,Bandra-Worli Sea Link Approach,MUMBAI_BANDRA,14,0,72,45.7,36.9
Delhi NCR,AIIMS Ring Road Junction,DELHI_SOUTH,1,6,414,26.5,9.7
Bengaluru,Hebbal Flyover to Airport,ZONE_NORTH,4,0,97,33.6,26.0
Mumbai,Bandra-Worli Sea Link Approach,MUMBAI_BANDRA,20,1,302,32.3,8.3
Delhi NCR,Gurgaon Cyber City Expressway,DELHI_GURGAON,14,6,318,47.6,23.4
Bengaluru,Central Silk Board Junction,ZONE_SOUTH,7,4,355,22.4,9.9
Delhi NCR,Gurgaon Cyber City Expressway,DELHI_GURGAON,17,6,137,40.9,14.8
Bengaluru,Whitefield ITPB Main Road,ZONE_EAST,19,2,370,42.4,9.0
Bengaluru,Whitefield ITPB Main Road,ZONE_EAST,21,3,270,44.1,12.2
Bengaluru,M.G. Road Corridor,ZONE_CENTRAL,7,0,101,48.6,37.4
Delhi NCR,Gurgaon Cyber City Expressway,DELHI_GURGAON,11,0,384,41.3,8.4
Bengaluru,Central Silk Board Junction,ZONE_SOUTH,5,0,91,29.7,23.3
Delhi NCR,Gurgaon Cyber City Expressway,DELHI_GURGAON,1,1,417,25.9,9.4
Delhi NCR,Gurgaon Cyber City Expressway,DELHI_GURGAON,13,1,425,42.2,14.9
Bengaluru,M.G. Road Corridor,ZONE_CENTRAL,9,5,255,41.5,11.9
Delhi NCR,Gurgaon Cyber City Expressway,DELHI_GURGAON,3,5,291,22.8,12.0
Bengaluru,M.G. Road Corridor,ZONE_CENTRAL,13,1,275,12.8,7.0
Bengaluru,M.G. Road Corridor,ZONE_CENTRAL,18,2,84,31.1,12.3
Bengaluru,Whitefield ITPB Main Road,ZONE_EAST,23,2,478,21.4,6.1
Bengaluru,Hebbal Flyover to Airport,ZONE_NORTH,6,0,218,27.3,16.9
Delhi NCR,AIIMS Ring Road Junction,DELHI_SOUTH,14,1,240,47.2,27.9
Bengaluru,Central Silk Board Junction,ZONE_SOUTH,18,1,134,29.5,10.7
Bengaluru,Central Silk Board Junction,ZONE_SOUTH,7,4,145,18.6,13.3
Delhi NCR,Gurgaon Cyber City Expressway,DELHI_GURGAON,1,5,479,46.5,13.2
Bengaluru,Central Silk Board Junction,ZONE_SOUTH,13,0,307,32.2,16.3
Delhi NCR,Gurgaon Cyber City Expressway,DELHI_GURGAON,5,5,228,44.2,26.8
Mumbai,Bandra-Worli Sea Link Approach,MUMBAI_BANDRA,20,5,377,19.7,6.0
Bengaluru,Hebbal Flyover to Airport,ZONE_NORTH,13,4,343,29.7,13.6
Bengaluru,Central Silk Board Junction,ZONE_SOUTH,4,5,299,44.8,23.1
Bengaluru,Whitefield ITPB Main Road,ZONE_EAST,17,1,379,18.2,6.0
Delhi NCR,AIIMS Ring Road Junction,DELHI_SOUTH,15,5,219,25.1,15.5
Mumbai,Bandra-Worli Sea Link Approach,MUMBAI_BANDRA,5,0,435,42.9,14.6
Delhi NCR,AIIMS Ring Road Junction,DELHI_SOUTH,5,6,106,33.3,25.4
Delhi NCR,Gurgaon Cyber City Expressway,DELHI_GURGAON,18,5,209,19.2,6.1
Bengaluru,Hebbal Flyover to Airport,ZONE_NORTH,23,2,174,43.4,29.4
Bengaluru,Hebbal Flyover to Airport,ZONE_NORTH,21,3,260,11.6,6.0
Delhi NCR,AIIMS Ring Road Junction,DELHI_SOUTH,18,4,218,15.9,6.0
Mumbai,Western Express Highway (Andheri),MUMBAI_WEH,16,4,83,27.0,21.4
Mumbai,Western Express Highway (Andheri),MUMBAI_WEH,19,3,430,28.7,6.0
Mumbai,Western Express Highway (Andheri),MUMBAI_WEH,9,5,410,18.5,6.0
Bengaluru,M.G. Road Corridor,ZONE_CENTRAL,5,0,108,14.7,11.2
Bengaluru,Central Silk Board Junction,ZONE_SOUTH,22,2,412,46.8,17.3
Bengaluru,Central Silk Board Junction,ZONE_SOUTH,0,6,85,45.2,35.7
Bengaluru,M.G. Road Corridor,ZONE_CENTRAL,17,2,273,9.8,6.0
Bengaluru,Central Silk Board Junction,ZONE_SOUTH,7,2,158,42.4,29.5
Delhi NCR,AIIMS Ring Road Junction,DELHI_SOUTH,3,4,387,38.5,15.5
Bengaluru,Hebbal Flyover to Airport,ZONE_NORTH,20,3,204,11.3,6.0
Mumbai,Western Express Highway (Andheri),MUMBAI_WEH,17,4,355,14.5,6.0
Bengaluru,Central Silk Board Junction,ZONE_SOUTH,17,4,439,42.7,7.2
Delhi NCR,AIIMS Ring Road Junction,DELHI_SOUTH,7,3,270,20.9,11.6
Bengaluru,Hebbal Flyover to Airport,ZONE_NORTH,21,2,186,9.6,6.0
Bengaluru,Central Silk Board Junction,ZONE_SOUTH,1,4,445,8.7,6.0
Mumbai,Bandra-Worli Sea Link Approach,MUMBAI_BANDRA,9,4,290,14.4,6.0
Bengaluru,Hebbal Flyover to Airport,ZONE_NORTH,13,1,90,8.2,6.4
Mumbai,Western Express Highway (Andheri),MUMBAI_WEH,18,4,143,49.6,17.8
Delhi NCR,AIIMS Ring Road Junction,DELHI_SOUTH,4,5,436,49.9,16.9
Bengaluru,M.G. Road Corridor,ZONE_CENTRAL,9,2,369,10.5,6.0
Bengaluru,Whitefield ITPB Main Road,ZONE_EAST,3,4,245,25.9,15.2
Mumbai,Western Express Highway (Andheri),MUMBAI_WEH,6,0,175,17.7,11.9
Bengaluru,Whitefield ITPB Main Road,ZONE_EAST,23,1,356,46.0,20.3
Delhi NCR,Gurgaon Cyber City Expressway,DELHI_GURGAON,15,1,89,10.6,8.3
Bengaluru,Hebbal Flyover to Airport,ZONE_NORTH,19,0,231,24.1,7.3
Delhi NCR,AIIMS Ring Road Junction,DELHI_SOUTH,2,5,382,9.8,6.0
Delhi NCR,AIIMS Ring Road Junction,DELHI_SOUTH,21,1,455,43.7,6.9
Delhi NCR,Gurgaon Cyber City Expressway,DELHI_GURGAON,0,1,142,24.9,17.9
Delhi NCR,AIIMS Ring Road Junction,DELHI_SOUTH,5,2,191,10.9,7.1
Bengaluru,Central Silk Board Junction,ZONE_SOUTH,19,2,213,14.9,6.0
Bengaluru,M.G. Road Corridor,ZONE_CENTRAL,16,5,174,14.7,9.9
Delhi NCR,AIIMS Ring Road Junction,DELHI_SOUTH,21,2,384,22.1,6.0
Bengaluru,Central Silk Board Junction,ZONE_SOUTH,7,5,268,29.6,16.4
Bengaluru,Whitefield ITPB Main Road,ZONE_EAST,20,6,445,17.3,6.0
Mumbai,Bandra-Worli Sea Link Approach,MUMBAI_BANDRA,14,5,98,35.8,27.7
Delhi NCR,AIIMS Ring Road Junction,DELHI_SOUTH,15,5,289,42.8,22.6
Bengaluru,Whitefield ITPB Main Road,ZONE_EAST,3,1,75,41.2,33.1
Mumbai,Western Express Highway (Andheri),MUMBAI_WEH,11,1,406,35.9,6.8
Bengaluru,Central Silk Board Junction,ZONE_SOUTH,23,6,215,14.4,9.0
Mumbai,Bandra-Worli Sea Link Approach,MUMBAI_BANDRA,1,2,480,22.9,6.5
Mumbai,Western Express Highway (Andheri),MUMBAI_WEH,12,5,374,25.3,10.6
Bengaluru,Hebbal Flyover to Airport,ZONE_NORTH,3,4,209,22.3,14.1
Bengaluru,Whitefield ITPB Main Road,ZONE_EAST,17,3,209,12.7,6.0
Bengaluru,Hebbal Flyover to Airport,ZONE_NORTH,13,2,362,49.1,21.3
Delhi NCR,Gurgaon Cyber City Expressway,DELHI_GURGAON,20,0,123,46.9,17.4
Bengaluru,M.G. Road Corridor,ZONE_CENTRAL,7,3,126,50.0,36.9
Delhi NCR,AIIMS Ring Road Junction,DELHI_SOUTH,4,3,422,46.2,16.5
Bengaluru,Central Silk Board Junction,ZONE_SOUTH,21,5,385,49.0,9.9
Bengaluru,Whitefield ITPB Main Road,ZONE_EAST,18,6,335,24.8,6.0
Delhi NCR,Gurgaon Cyber City Expressway,DELHI_GURGAON,0,6,222,34.5,21.2
Bengaluru,Hebbal Flyover to Airport,ZONE_NORTH,23,4,212,25.2,15.8
Bengaluru,Central Silk Board Junction,ZONE_SOUTH,15,4,183,38.0,25.3
Mumbai,Western Express Highway (Andheri),MUMBAI_WEH,23,5,301,8.0,6.0
Bengaluru,M.G. Road Corridor,ZONE_CENTRAL,15,2,258,46.3,26.3
Mumbai,Bandra-Worli Sea Link Approach,MUMBAI_BANDRA,9,5,406,47.9,9.1
Bengaluru,M.G. Road Corridor,ZONE_CENTRAL,19,2,256,34.4,9.8
Mumbai,Western Express Highway (Andheri),MUMBAI_WEH,10,6,474,40.8,6.0
Bengaluru,Central Silk Board Junction,ZONE_SOUTH,15,4,191,24.3,15.9
Bengaluru,Central Silk Board Junction,ZONE_SOUTH,18,3,375,22.1,6.0
Bengaluru,M.G. Road Corridor,ZONE_CENTRAL,21,0,444,12.6,6.0
Bengaluru,Hebbal Flyover to Airport,ZONE_NORTH,19,2,470,36.7,6.0
Delhi NCR,AIIMS Ring Road Junction,DELHI_SOUTH,1,0,67,13.9,11.3
Bengaluru,Central Silk Board Junction,ZONE_SOUTH,17,3,109,23.0,8.7
Delhi NCR,AIIMS Ring Road Junction,DELHI_SOUTH,14,0,435,34.9,11.9
Bengaluru,Hebbal Flyover to Airport,ZONE_NORTH,6,6,50,13.0,10.9
Bengaluru,Hebbal Flyover to Airport,ZONE_NORTH,6,3,351,36.7,16.5
Delhi NCR,AIIMS Ring Road Junction,DELHI_SOUTH,18,5,316,25.4,6.3
Mumbai,Western Express Highway (Andheri),MUMBAI_WEH,11,4,280,17.1,6.0
Delhi NCR,AIIMS Ring Road Junction,DELHI_SOUTH,12,5,149,39.2,27.8
Mumbai,Western Express Highway (Andheri),MUMBAI_WEH,5,4,346,22.2,10.1
Bengaluru,Hebbal Flyover to Airport,ZONE_NORTH,12,0,80,46.2,36.8
Bengaluru,Whitefield ITPB Main Road,ZONE_EAST,15,2,321,16.8,8.2
Mumbai,Bandra-Worli Sea Link Approach,MUMBAI_BANDRA,22,2,85,26.2,20.7
Delhi NCR,Gurgaon Cyber City Expressway,DELHI_GURGAON,16,6,413,24.1,8.9
Bengaluru,Hebbal Flyover to Airport,ZONE_NORTH,6,3,203,47.3,30.2
Bengaluru,Central Silk Board Junction,ZONE_SOUTH,3,3,148,48.0,34.1
Bengaluru,Hebbal Flyover to Airport,ZONE_NORTH,19,3,398,48.8,9.5
Bengaluru,M.G. Road Corridor,ZONE_CENTRAL,1,3,184,14.9,9.9
Bengaluru,Hebbal Flyover to Airport,ZONE_NORTH,20,6,80,29.6,11.8
Bengaluru,Hebbal Flyover to Airport,ZONE_NORTH,10,5,404,23.0,6.0
Bengaluru,M.G. Road Corridor,ZONE_CENTRAL,18,4,378,23.0,6.0
Delhi NCR,Gurgaon Cyber City Expressway,DELHI_GURGAON,9,4,358,26.0,6.0
Mumbai,Western Express Highway (Andheri),MUMBAI_WEH,1,0,299,36.1,18.6
Bengaluru,M.G. Road Corridor,ZONE_CENTRAL,10,1,275,19.3,6.0
Mumbai,Western Express Highway (Andheri),MUMBAI_WEH,19,6,52,45.4,18.9
Bengaluru,M.G. Road Corridor,ZONE_CENTRAL,2,2,422,36.3,13.0
Mumbai,Western Express Highway (Andheri),MUMBAI_WEH,18,3,59,14.7,6.1
Mumbai,Bandra-Worli Sea Link Approach,MUMBAI_BANDRA,9,6,257,47.4,13.5
Bengaluru,Whitefield ITPB Main Road,ZONE_EAST,3,4,87,32.6,25.7
Bengaluru,M.G. Road Corridor,ZONE_CENTRAL,20,5,382,42.0,8.6
Mumbai,Bandra-Worli Sea Link Approach,MUMBAI_BANDRA,13,6,143,11.3,8.1
Bengaluru,Hebbal Flyover to Airport,ZONE_NORTH,12,2,349,39.9,18.0
Bengaluru,Whitefield ITPB Main Road,ZONE_EAST,0,5,325,30.9,14.9
Bengaluru,M.G. Road Corridor,ZONE_CENTRAL,6,1,133,29.4,21.4
Bengaluru,Hebbal Flyover to Airport,ZONE_NORTH,9,6,418,26.4,6.0
Mumbai,Bandra-Worli Sea Link Approach,MUMBAI_BANDRA,8,5,117,37.6,14.1
Mumbai,Western Express Highway (Andheri),MUMBAI_WEH,23,4,261,45.9,25.9
Bengaluru,Central Silk Board Junction,ZONE_SOUTH,2,5,231,14.1,8.5
Mumbai,Western Express Highway (Andheri),MUMBAI_WEH,14,3,84,25.2,20.0
Mumbai,Bandra-Worli Sea Link Approach,MUMBAI_BANDRA,13,6,124,47.3,35.0
Delhi NCR,AIIMS Ring Road Junction,DELHI_SOUTH,11,2,457,29.0,6.0
Bengaluru,Whitefield ITPB Main Road,ZONE_EAST,15,4,104,33.0,25.3
Mumbai,Bandra-Worli Sea Link Approach,MUMBAI_BANDRA,9,3,300,41.9,10.8
Bengaluru,Hebbal Flyover to Airport,ZONE_NORTH,7,6,132,14.2,10.4
Delhi NCR,AIIMS Ring Road Junction,DELHI_SOUTH,20,1,165,48.1,16.5
Mumbai,Bandra-Worli Sea Link Approach,MUMBAI_BANDRA,16,0,181,24.2,16.1
Bengaluru,M.G. Road Corridor,ZONE_CENTRAL,11,2,307,17.1,6.0
Delhi NCR,AIIMS Ring Road Junction,DELHI_SOUTH,13,5,57,24.9,20.6
Delhi NCR,Gurgaon Cyber City Expressway,DELHI_GURGAON,9,6,110,46.1,17.5
Mumbai,Western Express Highway (Andheri),MUMBAI_WEH,21,1,432,33.9,6.0
Bengaluru,Whitefield ITPB Main Road,ZONE_EAST,22,1,166,45.1,31.0
Bengaluru,Hebbal Flyover to Airport,ZONE_NORTH,19,3,392,44.8,8.9
Delhi NCR,Gurgaon Cyber City Expressway,DELHI_GURGAON,23,5,386,37.5,15.1
Bengaluru,Whitefield ITPB Main Road,ZONE_EAST,7,4,255,9.9,6.0
Bengaluru,M.G. Road Corridor,ZONE_CENTRAL,13,6,457,47.2,14.7
Mumbai,Western Express Highway (Andheri),MUMBAI_WEH,4,1,83,39.8,31.6
Delhi NCR,Gurgaon Cyber City Expressway,DELHI_GURGAON,11,3,233,43.6,13.1
Mumbai,Bandra-Worli Sea Link Approach,MUMBAI_BANDRA,13,6,147,13.5,9.6
Mumbai,Bandra-Worli Sea Link Approach,MUMBAI_BANDRA,15,5,470,47.1,13.9
Mumbai,Western Express Highway (Andheri),MUMBAI_WEH,17,6,373,43.7,9.2
Mumbai,Bandra-Worli Sea Link Approach,MUMBAI_BANDRA,16,6,127,16.9,12.5
Mumbai,Western Express Highway (Andheri),MUMBAI_WEH,12,2,237,13.5,8.0
Bengaluru,M.G. Road Corridor,ZONE_CENTRAL,21,5,302,29.8,7.6
Bengaluru,Central Silk Board Junction,ZONE_SOUTH,21,2,317,14.9,6.0
Bengaluru,Central Silk Board Junction,ZONE_SOUTH,3,0,416,26.9,9.8
Bengaluru,Hebbal Flyover to Airport,ZONE_NORTH,3,6,380,34.4,14.2
Bengaluru,Central Silk Board Junction,ZONE_SOUTH,11,2,345,29.1,6.6
Bengaluru,Central Silk Board Junction,ZONE_SOUTH,7,2,438,30.2,10.2
Bengaluru,M.G. Road Corridor,ZONE_CENTRAL,18,6,82,24.9,9.9
Bengaluru,Hebbal Flyover to Airport,ZONE_NORTH,22,6,148,8.3,6.0
Delhi NCR,AIIMS Ring Road Junction,DELHI_SOUTH,10,4,260,48.1,13.6
Bengaluru,Hebbal Flyover to Airport,ZONE_NORTH,13,1,164,16.6,11.4
Mumbai,Bandra-Worli Sea Link Approach,MUMBAI_BANDRA,18,5,378,23.6,6.0
Mumbai,Bandra-Worli Sea Link Approach,MUMBAI_BANDRA,20,5,227,31.5,9.6
Mumbai,Western Express Highway (Andheri),MUMBAI_WEH,15,0,433,14.1,6.0
Mumbai,Western Express Highway (Andheri),MUMBAI_WEH,12,5,331,45.1,21.4
Bengaluru,Central Silk Board Junction,ZONE_SOUTH,18,5,441,33.5,6.0
Bengaluru,M.G. Road Corridor,ZONE_CENTRAL,11,1,266,47.4,13.2
Delhi NCR,Gurgaon Cyber City Expressway,DELHI_GURGAON,8,4,273,47.0,12.9
Bengaluru,Whitefield ITPB Main Road,ZONE_EAST,23,6,309,47.2,23.7
Mumbai,Bandra-Worli Sea Link Approach,MUMBAI_BANDRA,3,2,417,29.3,10.7
Mumbai,Western Express Highway (Andheri),MUMBAI_WEH,2,1,337,16.9,7.9
Mumbai,Bandra-Worli Sea Link Approach,MUMBAI_BANDRA,14,3,466,15.4,6.0
Mumbai,Bandra-Worli Sea Link Approach,MUMBAI_BANDRA,6,4,189,13.4,8.8
Bengaluru,Whitefield ITPB Main Road,ZONE_EAST,2,3,289,21.4,11.3
Mumbai,Western Express Highway (Andheri),MUMBAI_WEH,8,1,457,34.6,6.0
Bengaluru,Hebbal Flyover to Airport,ZONE_NORTH,20,0,236,39.6,11.8
Bengaluru,M.G. Road Corridor,ZONE_CENTRAL,21,2,107,38.9,14.8
Bengaluru,Hebbal Flyover to Airport,ZONE_NORTH,19,3,374,25.0,6.0
Delhi NCR,Gurgaon Cyber City Expressway,DELHI_GURGAON,3,0,228,48.1,29.2
Bengaluru,Hebbal Flyover to Airport,ZONE_NORTH,4,3,379,23.7,9.8
Mumbai,Western Express Highway (Andheri),MUMBAI_WEH,9,2,50,32.7,13.7
Mumbai,Bandra-Worli Sea Link Approach,MUMBAI_BANDRA,9,0,314,37.9,9.4
Mumbai,Western Express Highway (Andheri),MUMBAI_WEH,3,2,218,28.5,17.7
Bengaluru,Central Silk Board Junction,ZONE_SOUTH,7,6,90,39.5,31.0
Bengaluru,M.G. Road Corridor,ZONE_CENTRAL,8,6,444,40.7,6.7
Bengaluru,Whitefield ITPB Main Road,ZONE_EAST,19,3,456,14.6,6.0
Bengaluru,Whitefield ITPB Main Road,ZONE_EAST,12,0,389,30.2,12.1
Mumbai,Western Express Highway (Andheri),MUMBAI_WEH,4,0,347,23.1,10.5
Bengaluru,M.G. Road Corridor,ZONE_CENTRAL,2,0,381,15.8,6.5
Bengaluru,Hebbal Flyover to Airport,ZONE_NORTH,22,1,357,42.8,18.9
Mumbai,Western Express Highway (Andheri),MUMBAI_WEH,21,2,388,31.3,6.3
Bengaluru,M.G. Road Corridor,ZONE_CENTRAL,14,0,316,44.7,22.1
Mumbai,Bandra-Worli Sea Link Approach,MUMBAI_BANDRA,8,4,305,15.6,6.0
Bengaluru,M.G. Road Corridor,ZONE_CENTRAL,20,5,262,47.0,13.2
Mumbai,Western Express Highway (Andheri),MUMBAI_WEH,14,0,272,43.9,24.2
Mumbai,Western Express Highway (Andheri),MUMBAI_WEH,23,4,185,36.9,24.4
Delhi NCR,AIIMS Ring Road Junction,DELHI_SOUTH,10,3,390,8.3,6.0
Bengaluru,M.G. Road Corridor,ZONE_CENTRAL,17,1,106,48.9,18.7
Mumbai,Western Express Highway (Andheri),MUMBAI_WEH,18,5,413,43.5,8.0
Mumbai,Western Express Highway (Andheri),MUMBAI_WEH,10,6,393,29.7,6.0
Bengaluru,M.G. Road Corridor,ZONE_CENTRAL,17,5,372,13.5,6.0
Bengaluru,Central Silk Board Junction,ZONE_SOUTH,8,4,436,35.5,6.0
Delhi NCR,Gurgaon Cyber City Expressway,DELHI_GURGAON,13,6,440,15.3,6.0
Bengaluru,Central Silk Board Junction,ZONE_SOUTH,16,5,192,13.7,8.9
Bengaluru,Whitefield ITPB Main Road,ZONE_EAST,20,5,286,32.5,8.6
Bengaluru,Hebbal Flyover to Airport,ZONE_NORTH,20,6,98,47.5,18.4
Bengaluru,M.G. Road Corridor,ZONE_CENTRAL,18,1,402,28.6,6.0
Bengaluru,M.G. Road Corridor,ZONE_CENTRAL,16,1,353,35.2,15.7
Bengaluru,Hebbal Flyover to Airport,ZONE_NORTH,4,3,239,18.7,11.1
Bengaluru,M.G. Road Corridor,ZONE_CENTRAL,13,5,380,49.4,20.3
Bengaluru,M.G. Road Corridor,ZONE_CENTRAL,8,3,132,8.9,6.0
Delhi NCR,Gurgaon Cyber City Expressway,DELHI_GURGAON,22,0,419,35.6,12.9
Delhi NCR,Gurgaon Cyber City Expressway,DELHI_GURGAON,16,2,205,33.2,21.1
Bengaluru,Hebbal Flyover to Airport,ZONE_NORTH,14,0,84,8.1,6.4
Delhi NCR,AIIMS Ring Road Junction,DELHI_SOUTH,12,3,459,25.9,8.0
Bengaluru,M.G. Road Corridor,ZONE_CENTRAL,5,0,399,27.8,10.8
Delhi NCR,Gurgaon Cyber City Expressway,DELHI_GURGAON,12,4,180,34.7,23.2
Delhi NCR,Gurgaon Cyber City Expressway,DELHI_GURGAON,15,5,318,14.4,7.1
Bengaluru,M.G. Road Corridor,ZONE_CENTRAL,10,3,424,32.8,6.0
Bengaluru,Whitefield ITPB Main Road,ZONE_EAST,5,3,50,21.6,18.1
Mumbai,Western Express Highway (Andheri),MUMBAI_WEH,12,2,215,33.8,21.1
Bengaluru,Hebbal Flyover to Airport,ZONE_NORTH,5,1,217,32.1,19.9
Bengaluru,Hebbal Flyover to Airport,ZONE_NORTH,11,1,97,33.6,13.0
Delhi NCR,Gurgaon Cyber City Expressway,DELHI_GURGAON,21,5,353,36.7,8.2
Delhi NCR,Gurgaon Cyber City Expressway,DELHI_GURGAON,2,1,354,9.1,6.0
Bengaluru,Whitefield ITPB Main Road,ZONE_EAST,9,0,223,48.9,15.0
Bengaluru,Whitefield ITPB Main Road,ZONE_EAST,3,3,461,18.6,6.0
Bengaluru,M.G. Road Corridor,ZONE_CENTRAL,9,1,263,32.2,9.0
Delhi NCR,Gurgaon Cyber City Expressway,DELHI_GURGAON,7,6,329,8.5,6.0
Delhi NCR,Gurgaon Cyber City Expressway,DELHI_GURGAON,8,3,230,22.1,6.7
Mumbai,Western Express Highway (Andheri),MUMBAI_WEH,23,4,192,9.0,6.0
Bengaluru,Central Silk Board Junction,ZONE_SOUTH,17,0,174,26.6,9.0
Mumbai,Bandra-Worli Sea Link Approach,MUMBAI_BANDRA,13,6,137,26.1,18.9
Delhi NCR,AIIMS Ring Road Junction,DELHI_SOUTH,11,1,285,30.0,8.0
Mumbai,Bandra-Worli Sea Link Approach,MUMBAI_BANDRA,22,0,218,25.3,15.7
Bengaluru,M.G. Road Corridor,ZONE_CENTRAL,11,4,345,27.7,6.3
Mumbai,Western Express Highway (Andheri),MUMBAI_WEH,21,2,327,17.6,6.0
Bengaluru,M.G. Road Corridor,ZONE_CENTRAL,2,4,129,19.4,14.2
Mumbai,Western Express Highway (Andheri),MUMBAI_WEH,9,5,385,16.1,6.0
Bengaluru,Whitefield ITPB Main Road,ZONE_EAST,7,5,259,46.5,26.4
Bengaluru,Hebbal Flyover to Airport,ZONE_NORTH,18,3,90,21.2,8.3
Mumbai,Bandra-Worli Sea Link Approach,MUMBAI_BANDRA,23,3,229,48.1,29.1
Mumbai,Bandra-Worli Sea Link Approach,MUMBAI_BANDRA,11,5,188,9.5,6.0
Bengaluru,Hebbal Flyover to Airport,ZONE_NORTH,17,5,479,47.4,6.7
Delhi NCR,AIIMS Ring Road Junction,DELHI_SOUTH,9,3,147,40.9,14.5
Mumbai,Western Express Highway (Andheri),MUMBAI_WEH,11,2,133,40.9,14.9
Bengaluru,Whitefield ITPB Main Road,ZONE_EAST,6,2,138,24.7,17.8
Mumbai,Western Express Highway (Andheri),MUMBAI_WEH,10,3,216,29.1,9.1
Mumbai,Bandra-Worli Sea Link Approach,MUMBAI_BANDRA,11,6,439,48.0,8.1
Delhi NCR,AIIMS Ring Road Junction,DELHI_SOUTH,9,6,390,8.8,6.0
Bengaluru,Central Silk Board Junction,ZONE_SOUTH,9,5,124,21.7,8.0
Bengaluru,M.G. Road Corridor,ZONE_CENTRAL,21,3,115,41.8,15.7
Bengaluru,Central Silk Board Junction,ZONE_SOUTH,17,2,248,26.8,7.8
Delhi NCR,Gurgaon Cyber City Expressway,DELHI_GURGAON,18,2,334,27.7,6.5
Mumbai,Western Express Highway (Andheri),MUMBAI_WEH,22,3,69,32.9,26.7
Bengaluru,Hebbal Flyover to Airport,ZONE_NORTH,10,2,74,27.5,11.1
Mumbai,Bandra-Worli Sea Link Approach,MUMBAI_BANDRA,23,3,55,8.1,6.7
Mumbai,Western Express Highway (Andheri),MUMBAI_WEH,17,0,293,22.1,6.0
Bengaluru,Whitefield ITPB Main Road,ZONE_EAST,13,6,137,13.1,9.5
Mumbai,Western Express Highway (Andheri),MUMBAI_WEH,20,0,370,15.5,6.0
Bengaluru,M.G. Road Corridor,ZONE_CENTRAL,8,3,314,36.7,9.1
Delhi NCR,Gurgaon Cyber City Expressway,DELHI_GURGAON,18,5,455,33.8,6.0
Mumbai,Bandra-Worli Sea Link Approach,MUMBAI_BANDRA,10,2,273,27.3,7.5
Bengaluru,Hebbal Flyover to Airport,ZONE_NORTH,7,0,299,19.9,10.3
Mumbai,Bandra-Worli Sea Link Approach,MUMBAI_BANDRA,20,4,185,21.7,7.2
Bengaluru,Whitefield ITPB Main Road,ZONE_EAST,7,6,207,23.9,15.1
Bengaluru,Central Silk Board Junction,ZONE_SOUTH,12,1,223,41.9,25.7
Mumbai,Bandra-Worli Sea Link Approach,MUMBAI_BANDRA,12,2,356,34.5,15.3
Mumbai,Bandra-Worli Sea Link Approach,MUMBAI_BANDRA,21,0,344,22.9,6.0
Bengaluru,Whitefield ITPB Main Road,ZONE_EAST,19,3,284,31.7,8.5
Bengaluru,Whitefield ITPB Main Road,ZONE_EAST,6,3,153,24.9,17.5
Mumbai,Bandra-Worli Sea Link Approach,MUMBAI_BANDRA,2,5,324,31.7,15.3
Delhi NCR,Gurgaon Cyber City Expressway,DELHI_GURGAON,16,4,346,14.3,6.5
Mumbai,Western Express Highway (Andheri),MUMBAI_WEH,17,3,151,34.2,12.1
Delhi NCR,AIIMS Ring Road Junction,DELHI_SOUTH,15,5,382,9.4,6.0
Delhi NCR,AIIMS Ring Road Junction,DELHI_SOUTH,22,0,356,49.3,21.8
Bengaluru,M.G. Road Corridor,ZONE_CENTRAL,21,2,234,30.4,9.1
Bengaluru,Central Silk Board Junction,ZONE_SOUTH,17,1,454,26.4,6.0
Bengaluru,Whitefield ITPB Main Road,ZONE_EAST,17,1,414,42.4,7.8
Bengaluru,M.G. Road Corridor,ZONE_CENTRAL,2,0,337,9.3,6.0
Bengaluru,Hebbal Flyover to Airport,ZONE_NORTH,7,4,263,8.1,6.0
Mumbai,Bandra-Worli Sea Link Approach,MUMBAI_BANDRA,6,4,215,20.3,12.7
Bengaluru,Central Silk Board Junction,ZONE_SOUTH,1,5,100,28.6,22.1
Bengaluru,Central Silk Board Junction,ZONE_SOUTH,10,5,234,22.3,6.7
Delhi NCR,AIIMS Ring Road Junction,DELHI_SOUTH,15,4,145,48.3,34.5
Bengaluru,M.G. Road Corridor,ZONE_CENTRAL,11,6,465,8.9,6.0
Delhi NCR,AIIMS Ring Road Junction,DELHI_SOUTH,0,5,343,48.7,22.4
Bengaluru,Hebbal Flyover to Airport,ZONE_NORTH,19,4,304,26.6,6.8
Mumbai,Western Express Highway (Andheri),MUMBAI_WEH,18,2,168,8.8,6.0
Bengaluru,Whitefield ITPB Main Road,ZONE_EAST,3,2,155,24.3,17.0
Mumbai,Bandra-Worli Sea Link Approach,MUMBAI_BANDRA,18,5,248,27.5,8.0
Mumbai,Western Express Highway (Andheri),MUMBAI_WEH,2,5,330,37.9,18.0
Bengaluru,M.G. Road Corridor,ZONE_CENTRAL,5,0,471,49.1,14.5
Delhi NCR,AIIMS Ring Road Junction,DELHI_SOUTH,0,1,328,13.0,6.2
Mumbai,Western Express Highway (Andheri),MUMBAI_WEH,13,6,361,45.3,19.7
Bengaluru,Central Silk Board Junction,ZONE_SOUTH,12,0,67,34.0,27.7
Bengaluru,Whitefield ITPB Main Road,ZONE_EAST,15,2,356,37.9,16.8
Bengaluru,M.G. Road Corridor,ZONE_CENTRAL,0,3,390,18.5,7.4
Bengaluru,Central Silk Board Junction,ZONE_SOUTH,20,6,172,23.4,7.9
Mumbai,Western Express Highway (Andheri),MUMBAI_WEH,18,2,404,44.1,8.4
Mumbai,Western Express Highway (Andheri),MUMBAI_WEH,2,3,115,39.1,29.4
Bengaluru,M.G. Road Corridor,ZONE_CENTRAL,8,0,195,25.8,8.4
Bengaluru,Hebbal Flyover to Airport,ZONE_NORTH,11,1,161,29.7,10.3
Bengaluru,Hebbal Flyover to Airport,ZONE_NORTH,16,6,97,49.2,38.1
Bengaluru,Hebbal Flyover to Airport,ZONE_NORTH,8,6,428,17.9,6.0
Delhi NCR,Gurgaon Cyber City Expressway,DELHI_GURGAON,20,3,176,25.5,8.6
Delhi NCR,AIIMS Ring Road Junction,DELHI_SOUTH,1,5,103,49.0,37.6
Bengaluru,Whitefield ITPB Main Road,ZONE_EAST,8,6,393,39.2,7.7
Bengaluru,Whitefield ITPB Main Road,ZONE_EAST,19,1,65,48.7,19.9
Bengaluru,M.G. Road Corridor,ZONE_CENTRAL,16,6,250,13.5,7.8
Delhi NCR,Gurgaon Cyber City Expressway,DELHI_GURGAON,6,4,98,45.1,34.9
Bengaluru,M.G. Road Corridor,ZONE_CENTRAL,0,3,141,16.0,11.5
Bengaluru,M.G. Road Corridor,ZONE_CENTRAL,3,4,259,30.3,17.2
Bengaluru,Central Silk Board Junction,ZONE_SOUTH,23,6,71,17.3,14.0
Delhi NCR,Gurgaon Cyber City Expressway,DELHI_GURGAON,20,0,443,42.9,7.1
Bengaluru,M.G. Road Corridor,ZONE_CENTRAL,4,4,68,47.6,38.7
Mumbai,Bandra-Worli Sea Link Approach,MUMBAI_BANDRA,19,2,341,9.0,6.0
Bengaluru,Central Silk Board Junction,ZONE_SOUTH,23,6,277,35.1,19.1
Bengaluru,Hebbal Flyover to Airport,ZONE_NORTH,23,4,64,47.2,38.6
Delhi NCR,AIIMS Ring Road Junction,DELHI_SOUTH,7,6,288,11.0,6.0
Delhi NCR,AIIMS Ring Road Junction,DELHI_SOUTH,17,4,77,48.2,19.3
Bengaluru,Whitefield ITPB Main Road,ZONE_EAST,20,6,145,45.7,16.3
Bengaluru,Hebbal Flyover to Airport,ZONE_NORTH,20,0,263,29.7,8.3
Mumbai,Bandra-Worli Sea Link Approach,MUMBAI_BANDRA,3,5,191,29.7,19.4
Mumbai,Western Express Highway (Andheri),MUMBAI_WEH,20,2,240,27.8,8.2
Bengaluru,Hebbal Flyover to Airport,ZONE_NORTH,17,0,273,47.1,12.9
Bengaluru,M.G. Road Corridor,ZONE_CENTRAL,22,1,249,38.4,22.3
Mumbai,Western Express Highway (Andheri),MUMBAI_WEH,14,4,242,23.3,13.7
Mumbai,Bandra-Worli Sea Link Approach,MUMBAI_BANDRA,1,6,271,34.2,18.9
Bengaluru,Central Silk Board Junction,ZONE_SOUTH,10,6,241,26.4,7.8
Delhi NCR,Gurgaon Cyber City Expressway,DELHI_GURGAON,16,6,64,36.7,30.0
Mumbai,Bandra-Worli Sea Link Approach,MUMBAI_BANDRA,20,2,259,13.6,6.0
Mumbai,Bandra-Worli Sea Link Approach,MUMBAI_BANDRA,9,5,339,36.4,8.4
Delhi NCR,Gurgaon Cyber City Expressway,DELHI_GURGAON,23,3,251,17.0,9.8
Mumbai,Western Express Highway (Andheri),MUMBAI_WEH,0,0,143,46.9,33.6
Bengaluru,M.G. Road Corridor,ZONE_CENTRAL,16,3,216,32.5,20.2
Bengaluru,M.G. Road Corridor,ZONE_CENTRAL,2,1,243,38.3,22.5
Delhi NCR,AIIMS Ring Road Junction,DELHI_SOUTH,18,6,296,37.7,9.8
Bengaluru,M.G. Road Corridor,ZONE_CENTRAL,0,1,363,20.8,9.0
Bengaluru,Whitefield ITPB Main Road,ZONE_EAST,23,4,324,33.9,16.4
Bengaluru,M.G. Road Corridor,ZONE_CENTRAL,20,6,454,47.2,7.5
Bengaluru,Hebbal Flyover to Airport,ZONE_NORTH,16,3,367,13.4,6.0
Bengaluru,Central Silk Board Junction,ZONE_SOUTH,22,4,175,41.6,28.1
Delhi NCR,Gurgaon Cyber City Expressway,DELHI_GURGAON,15,1,94,10.8,8.4
Bengaluru,M.G. Road Corridor,ZONE_CENTRAL,6,2,116,8.4,6.3
Mumbai,Western Express Highway (Andheri),MUMBAI_WEH,16,5,210,20.7,13.0
Bengaluru,Whitefield ITPB Main Road,ZONE_EAST,22,5,54,42.3,35.1
Mumbai,Western Express Highway (Andheri),MUMBAI_WEH,16,5,96,24.0,18.6
Bengaluru,Hebbal Flyover to Airport,ZONE_NORTH,16,6,173,30.2,20.5
Bengaluru,Central Silk Board Junction,ZONE_SOUTH,9,1,196,47.8,15.5
Bengaluru,M.G. Road Corridor,ZONE_CENTRAL,15,1,153,24.6,17.3
Bengaluru,M.G. Road Corridor,ZONE_CENTRAL,14,0,181,37.7,25.2
Bengaluru,M.G. Road Corridor,ZONE_CENTRAL,9,5,224,21.1,6.5
Bengaluru,Whitefield ITPB Main Road,ZONE_EAST,2,0,61,8.9,7.3
Bengaluru,Central Silk Board Junction,ZONE_SOUTH,16,2,249,42.2,24.5
Bengaluru,M.G. Road Corridor,ZONE_CENTRAL,18,0,263,20.7,6.0
Bengaluru,M.G. Road Corridor,ZONE_CENTRAL,3,3,157,18.4,12.8
Mumbai,Bandra-Worli Sea Link Approach,MUMBAI_BANDRA,16,2,280,30.2,16.3
Bengaluru,Whitefield ITPB Main Road,ZONE_EAST,4,6,300,8.4,6.0
Delhi NCR,Gurgaon Cyber City Expressway,DELHI_GURGAON,0,1,291,11.1,6.0
Bengaluru,Whitefield ITPB Main Road,ZONE_EAST,23,1,93,12.9,10.1
Delhi NCR,Gurgaon Cyber City Expressway,DELHI_GURGAON,10,0,332,40.9,9.7
Bengaluru,M.G. Road Corridor,ZONE_CENTRAL,8,0,423,48.4,8.6
Bengaluru,M.G. Road Corridor,ZONE_CENTRAL,23,6,252,33.5,19.3
Mumbai,Bandra-Worli Sea Link Approach,MUMBAI_BANDRA,11,3,71,36.2,14.6
Delhi NCR,Gurgaon Cyber City Expressway,DELHI_GURGAON,22,4,295,8.2,6.0
Delhi NCR,AIIMS Ring Road Junction,DELHI_SOUTH,16,2,236,33.7,20.1
Bengaluru,Whitefield ITPB Main Road,ZONE_EAST,22,4,148,14.7,10.4
Delhi NCR,AIIMS Ring Road Junction,DELHI_SOUTH,11,0,415,28.2,6.0
Mumbai,Bandra-Worli Sea Link Approach,MUMBAI_BANDRA,21,6,104,30.6,11.7
Mumbai,Western Express Highway (Andheri),MUMBAI_WEH,12,5,269,42.7,23.7
Bengaluru,Whitefield ITPB Main Road,ZONE_EAST,21,6,330,34.9,8.3
Bengaluru,Central Silk Board Junction,ZONE_SOUTH,10,4,155,8.8,6.0
Bengaluru,M.G. Road Corridor,ZONE_CENTRAL,1,3,139,16.1,11.6
Bengaluru,M.G. Road Corridor,ZONE_CENTRAL,1,1,239,20.9,12.4
Bengaluru,Central Silk Board Junction,ZONE_SOUTH,0,0,58,39.4,32.5
Bengaluru,Hebbal Flyover to Airport,ZONE_NORTH,3,4,77,15.4,12.3
Mumbai,Western Express Highway (Andheri),MUMBAI_WEH,1,4,59,17.0,14.0
Delhi NCR,Gurgaon Cyber City Expressway,DELHI_GURGAON,4,2,445,18.5,6.1
Bengaluru,Central Silk Board Junction,ZONE_SOUTH,19,1,368,41.6,8.9
Bengaluru,Hebbal Flyover to Airport,ZONE_NORTH,10,1,133,28.7,10.5
Bengaluru,M.G. Road Corridor,ZONE_CENTRAL,10,5,102,45.0,17.3
Bengaluru,Hebbal Flyover to Airport,ZONE_NORTH,23,6,472,49.1,14.4
Delhi NCR,AIIMS Ring Road Junction,DELHI_SOUTH,19,1,144,14.5,6.0
Mumbai,Western Express Highway (Andheri),MUMBAI_WEH,7,1,374,32.0,13.4
Mumbai,Bandra-Worli Sea Link Approach,MUMBAI_BANDRA,11,4,362,10.3,6.0
Bengaluru,M.G. Road Corridor,ZONE_CENTRAL,3,1,446,29.9,9.8
Bengaluru,Whitefield ITPB Main Road,ZONE_EAST,0,1,317,10.2,6.0
Delhi NCR,AIIMS Ring Road Junction,DELHI_SOUTH,14,6,187,26.6,17.5
Delhi NCR,Gurgaon Cyber City Expressway,DELHI_GURGAON,19,5,269,32.6,9.0
Mumbai,Western Express Highway (Andheri),MUMBAI_WEH,15,5,379,17.8,7.3
Bengaluru,Whitefield ITPB Main Road,ZONE_EAST,21,1,432,22.2,6.0
Bengaluru,Whitefield ITPB Main Road,ZONE_EAST,6,1,443,33.8,11.2
Mumbai,Western Express Highway (Andheri),MUMBAI_WEH,14,1,133,25.3,18.4
Bengaluru,Whitefield ITPB Main Road,ZONE_EAST,2,1,373,47.8,20.1
Bengaluru,Hebbal Flyover to Airport,ZONE_NORTH,5,2,109,44.0,33.4
Delhi NCR,AIIMS Ring Road Junction,DELHI_SOUTH,0,3,93,30.7,24.0
Bengaluru,M.G. Road Corridor,ZONE_CENTRAL,19,4,310,23.6,6.0
Bengaluru,Whitefield ITPB Main Road,ZONE_EAST,6,3,159,20.4,14.2
Delhi NCR,AIIMS Ring Road Junction,DELHI_SOUTH,12,4,394,35.9,14.1
Bengaluru,Central Silk Board Junction,ZONE_SOUTH,9,1,348,20.8,6.0
Delhi NCR,AIIMS Ring Road Junction,DELHI_SOUTH,16,6,223,23.5,14.4
Delhi NCR,AIIMS Ring Road Junction,DELHI_SOUTH,5,0,287,16.0,8.5
Delhi NCR,AIIMS Ring Road Junction,DELHI_SOUTH,20,4,231,26.5,8.0
Delhi NCR,AIIMS Ring Road Junction,DELHI_SOUTH,6,5,158,27.8,19.4
Mumbai,Western Express Highway (Andheri),MUMBAI_WEH,7,2,410,28.0,10.4
Delhi NCR,AIIMS Ring Road Junction,DELHI_SOUTH,10,1,145,28.8,10.3
Bengaluru,Central Silk Board Junction,ZONE_SOUTH,15,0,217,14.4,8.9
Bengaluru,Central Silk Board Junction,ZONE_SOUTH,6,1,444,48.7,16.0
Mumbai,Bandra-Worli Sea Link Approach,MUMBAI_BANDRA,4,4,313,12.8,6.4
Delhi NCR,AIIMS Ring Road Junction,DELHI_SOUTH,16,5,464,20.0,6.1
Bengaluru,Whitefield ITPB Main Road,ZONE_EAST,17,6,470,17.6,6.0
Bengaluru,M.G. Road Corridor,ZONE_CENTRAL,15,6,344,10.1,6.0
Delhi NCR,AIIMS Ring Road Junction,DELHI_SOUTH,19,0,118,29.3,11.0
Delhi NCR,Gurgaon Cyber City Expressway,DELHI_GURGAON,22,0,379,31.8,13.1
Delhi NCR,AIIMS Ring Road Junction,DELHI_SOUTH,5,5,360,15.8,6.9
Mumbai,Bandra-Worli Sea Link Approach,MUMBAI_BANDRA,23,4,414,48.0,17.7
Mumbai,Western Express Highway (Andheri),MUMBAI_WEH,21,6,207,46.1,14.6
Bengaluru,Whitefield ITPB Main Road,ZONE_EAST,5,2,148,14.9,10.6
Bengaluru,Whitefield ITPB Main Road,ZONE_EAST,7,1,232,8.9,6.0
Bengaluru,Whitefield ITPB Main Road,ZONE_EAST,17,4,386,14.9,6.0
Delhi NCR,Gurgaon Cyber City Expressway,DELHI_GURGAON,19,3,157,43.1,15.0
Mumbai,Western Express Highway (Andheri),MUMBAI_WEH,5,6,254,30.6,17.5
Delhi NCR,Gurgaon Cyber City Expressway,DELHI_GURGAON,20,5,378,36.5,7.6
Bengaluru,Whitefield ITPB Main Road,ZONE_EAST,6,3,85,42.4,33.5
Bengaluru,M.G. Road Corridor,ZONE_CENTRAL,22,0,406,23.3,8.8
Mumbai,Western Express Highway (Andheri),MUMBAI_WEH,18,5,203,30.2,9.6
Mumbai,Western Express Highway (Andheri),MUMBAI_WEH,2,4,110,23.1,17.5
Bengaluru,Whitefield ITPB Main Road,ZONE_EAST,4,0,358,29.2,12.8
Bengaluru,Whitefield ITPB Main Road,ZONE_EAST,21,2,448,21.5,6.0
Mumbai,Western Express Highway (Andheri),MUMBAI_WEH,3,5,430,23.5,8.2
Bengaluru,Central Silk Board Junction,ZONE_SOUTH,9,5,172,24.4,8.3
Bengaluru,Whitefield ITPB Main Road,ZONE_EAST,0,5,269,34.2,19.0
Bengaluru,Hebbal Flyover to Airport,ZONE_NORTH,9,0,386,46.3,9.3
Bengaluru,Hebbal Flyover to Airport,ZONE_NORTH,15,6,163,31.8,22.0
Bengaluru,Hebbal Flyover to Airport,ZONE_NORTH,15,4,156,41.6,29.1
Mumbai,Western Express Highway (Andheri),MUMBAI_WEH,15,5,211,31.8,20.0
Delhi NCR,AIIMS Ring Road Junction,DELHI_SOUTH,14,2,464,8.7,6.0
Bengaluru,M.G. Road Corridor,ZONE_CENTRAL,19,2,155,24.6,8.6
Mumbai,Western Express Highway (Andheri),MUMBAI_WEH,0,2,420,27.1,9.8
Mumbai,Western Express Highway (Andheri),MUMBAI_WEH,15,6,326,37.5,18.0
Bengaluru,Whitefield ITPB Main Road,ZONE_EAST,22,0,252,18.1,10.4
Delhi NCR,Gurgaon Cyber City Expressway,DELHI_GURGAON,5,4,465,15.0,6.0
Mumbai,Western Express Highway (Andheri),MUMBAI_WEH,8,4,222,12.3,6.0
Bengaluru,Whitefield ITPB Main Road,ZONE_EAST,12,4,214,24.8,15.5
Bengaluru,Hebbal Flyover to Airport,ZONE_NORTH,13,6,433,29.4,10.1
Bengaluru,Whitefield ITPB Main Road,ZONE_EAST,14,6,455,35.8,11.3
Delhi NCR,AIIMS Ring Road Junction,DELHI_SOUTH,17,1,159,31.0,10.8
Mumbai,Bandra-Worli Sea Link Approach,MUMBAI_BANDRA,22,4,250,31.0,17.9
Mumbai,Western Express Highway (Andheri),MUMBAI_WEH,4,5,437,21.0,7.1
Bengaluru,M.G. Road Corridor,ZONE_CENTRAL,9,2,426,16.0,6.0
Delhi NCR,Gurgaon Cyber City Expressway,DELHI_GURGAON,22,1,418,19.1,6.9
Bengaluru,Whitefield ITPB Main Road,ZONE_EAST,6,5,150,21.3,15.1
Bengaluru,M.G. Road Corridor,ZONE_CENTRAL,23,5,478,37.7,10.8
Bengaluru,M.G. Road Corridor,ZONE_CENTRAL,4,5,109,17.4,13.2
Bengaluru,M.G. Road Corridor,ZONE_CENTRAL,11,4,460,32.1,6.0
Bengaluru,M.G. Road Corridor,ZONE_CENTRAL,20,6,410,28.6,6.0
Mumbai,Western Express Highway (Andheri),MUMBAI_WEH,6,2,253,20.2,11.6
Mumbai,Western Express Highway (Andheri),MUMBAI_WEH,2,4,226,31.6,19.3
Mumbai,Western Express Highway (Andheri),MUMBAI_WEH,21,0,203,25.7,8.2
Bengaluru,Central Silk Board Junction,ZONE_SOUTH,19,2,272,13.5,6.0
Delhi NCR,AIIMS Ring Road Junction,DELHI_SOUTH,19,1,120,33.1,12.3
Delhi NCR,Gurgaon Cyber City Expressway,DELHI_GURGAON,22,5,71,22.9,18.5
Bengaluru,Hebbal Flyover to Airport,ZONE_NORTH,1,6,54,41.1,34.1
Delhi NCR,Gurgaon Cyber City Expressway,DELHI_GURGAON,9,6,295,11.3,6.0
Delhi NCR,Gurgaon Cyber City Expressway,DELHI_GURGAON,4,6,96,10.2,7.9
Mumbai,Western Express Highway (Andheri),MUMBAI_WEH,19,3,300,48.9,12.6
Mumbai,Western Express Highway (Andheri),MUMBAI_WEH,15,3,144,38.7,27.7
Delhi NCR,AIIMS Ring Road Junction,DELHI_SOUTH,19,5,474,46.8,6.8
Delhi NCR,AIIMS Ring Road Junction,DELHI_SOUTH,21,0,320,40.5,9.9
Bengaluru,Whitefield ITPB Main Road,ZONE_EAST,5,6,221,11.0,6.8
Delhi NCR,AIIMS Ring Road Junction,DELHI_SOUTH,17,0,344,41.0,9.4
Delhi NCR,Gurgaon Cyber City Expressway,DELHI_GURGAON,8,0,394,21.6,6.0
Delhi NCR,Gurgaon Cyber City Expressway,DELHI_GURGAON,13,4,374,38.9,16.3
Bengaluru,Central Silk Board Junction,ZONE_SOUTH,13,4,70,48.7,39.4
Bengaluru,Central Silk Board Junction,ZONE_SOUTH,4,1,233,25.4,15.3
Delhi NCR,AIIMS Ring Road Junction,DELHI_SOUTH,19,2,433,47.6,8.2
Bengaluru,Hebbal Flyover to Airport,ZONE_NORTH,15,1,285,25.4,13.6
Delhi NCR,Gurgaon Cyber City Expressway,DELHI_GURGAON,21,3,230,10.5,6.0
Bengaluru,Whitefield ITPB Main Road,ZONE_EAST,0,3,183,36.5,24.3
Delhi NCR,AIIMS Ring Road Junction,DELHI_SOUTH,3,1,378,38.1,15.8
Bengaluru,Central Silk Board Junction,ZONE_SOUTH,22,4,478,45.0,12.8
Mumbai,Western Express Highway (Andheri),MUMBAI_WEH,15,3,130,31.0,22.7
Delhi NCR,AIIMS Ring Road Junction,DELHI_SOUTH,1,4,421,27.0,9.7
Bengaluru,M.G. Road Corridor,ZONE_CENTRAL,19,0,134,33.2,12.1
Mumbai,Bandra-Worli Sea Link Approach,MUMBAI_BANDRA,4,1,389,49.7,19.9
Mumbai,Western Express Highway (Andheri),MUMBAI_WEH,15,1,112,45.3,34.2
Bengaluru,M.G. Road Corridor,ZONE_CENTRAL,9,3,360,38.8,8.5
Delhi NCR,AIIMS Ring Road Junction,DELHI_SOUTH,13,4,69,20.5,16.6
Delhi NCR,Gurgaon Cyber City Expressway,DELHI_GURGAON,20,2,434,46.2,7.9
Bengaluru,M.G. Road Corridor,ZONE_CENTRAL,1,4,165,23.7,16.3
Delhi NCR,Gurgaon Cyber City Expressway,DELHI_GURGAON,16,4,229,31.6,19.1
Bengaluru,Central Silk Board Junction,ZONE_SOUTH,16,0,119,15.0,11.2
Bengaluru,Central Silk Board Junction,ZONE_SOUTH,19,2,180,16.5,6.0
Bengaluru,Central Silk Board Junction,ZONE_SOUTH,9,1,175,48.9,16.5
Mumbai,Western Express Highway (Andheri),MUMBAI_WEH,20,3,247,34.3,10.0
Mumbai,Bandra-Worli Sea Link Approach,MUMBAI_BANDRA,14,3,112,18.1,13.7
Bengaluru,Hebbal Flyover to Airport,ZONE_NORTH,3,1,54,12.7,10.5
Delhi NCR,Gurgaon Cyber City Expressway,DELHI_GURGAON,8,1,153,46.2,16.2
Delhi NCR,Gurgaon Cyber City Expressway,DELHI_GURGAON,0,2,236,23.4,14.0
Bengaluru,M.G. Road Corridor,ZONE_CENTRAL,9,1,444,9.3,6.0
Delhi NCR,Gurgaon Cyber City Expressway,DELHI_GURGAON,19,4,342,16.9,6.0
Bengaluru,Whitefield ITPB Main Road,ZONE_EAST,5,5,161,44.4,30.8
Mumbai,Bandra-Worli Sea Link Approach,MUMBAI_BANDRA,22,5,329,21.8,10.4
Mumbai,Western Express Highway (Andheri),MUMBAI_WEH,12,0,125,48.1,35.6
Bengaluru,Central Silk Board Junction,ZONE_SOUTH,13,0,63,41.4,33.9
Delhi NCR,Gurgaon Cyber City Expressway,DELHI_GURGAON,19,6,263,34.1,9.6
Delhi NCR,Gurgaon Cyber City Expressway,DELHI_GURGAON,1,0,189,45.5,29.9
Bengaluru,Hebbal Flyover to Airport,ZONE_NORTH,22,6,332,38.0,18.0
Bengaluru,Central Silk Board Junction,ZONE_SOUTH,6,1,430,27.8,9.7
Bengaluru,Hebbal Flyover to Airport,ZONE_NORTH,21,0,139,42.6,15.4
Bengaluru,Whitefield ITPB Main Road,ZONE_EAST,0,5,97,42.8,33.2
Bengaluru,M.G. Road Corridor,ZONE_CENTRAL,0,4,328,43.9,21.0
Bengaluru,Central Silk Board Junction,ZONE_SOUTH,16,5,456,11.6,6.0
Mumbai,Western Express Highway (Andheri),MUMBAI_WEH,16,6,327,46.7,22.4
Bengaluru,Hebbal Flyover to Airport,ZONE_NORTH,3,6,143,40.0,28.6
Mumbai,Bandra-Worli Sea Link Approach,MUMBAI_BANDRA,11,4,472,21.1,6.0
Delhi NCR,Gurgaon Cyber City Expressway,DELHI_GURGAON,17,1,458,23.3,6.0
Delhi NCR,AIIMS Ring Road Junction,DELHI_SOUTH,21,2,369,30.3,6.4
Bengaluru,Central Silk Board Junction,ZONE_SOUTH,18,5,103,17.6,6.8
Bengaluru,Hebbal Flyover to Airport,ZONE_NORTH,9,5,89,19.4,7.6
Bengaluru,Whitefield ITPB Main Road,ZONE_EAST,5,6,70,18.1,14.7
Mumbai,Western Express Highway (Andheri),MUMBAI_WEH,12,0,108,42.9,32.7
Delhi NCR,Gurgaon Cyber City Expressway,DELHI_GURGAON,8,6,126,46.4,17.1
Bengaluru,M.G. Road Corridor,ZONE_CENTRAL,19,3,218,35.9,11.1
Mumbai,Western Express Highway (Andheri),MUMBAI_WEH,11,3,78,40.6,16.2
Bengaluru,Central Silk Board Junction,ZONE_SOUTH,12,1,457,31.6,9.9
Bengaluru,Whitefield ITPB Main Road,ZONE_EAST,10,2,163,41.3,14.3
Bengaluru,Central Silk Board Junction,ZONE_SOUTH,19,1,138,45.7,16.5
Bengaluru,Central Silk Board Junction,ZONE_SOUTH,19,1,382,40.7,8.3
Bengaluru,Hebbal Flyover to Airport,ZONE_NORTH,9,0,148,23.9,8.5
Mumbai,Western Express Highway (Andheri),MUMBAI_WEH,21,2,299,49.1,12.7
Bengaluru,Central Silk Board Junction,ZONE_SOUTH,11,4,178,13.1,6.0
Delhi NCR,Gurgaon Cyber City Expressway,DELHI_GURGAON,15,6,51,40.1,33.5
Bengaluru,Whitefield ITPB Main Road,ZONE_EAST,7,4,326,37.8,18.2
Bengaluru,Whitefield ITPB Main Road,ZONE_EAST,15,1,376,12.3,6.0
Bengaluru,M.G. Road Corridor,ZONE_CENTRAL,16,6,478,46.8,13.4
Bengaluru,Hebbal Flyover to Airport,ZONE_NORTH,10,4,74,32.1,12.9
Mumbai,Western Express Highway (Andheri),MUMBAI_WEH,0,5,298,14.6,7.5
Bengaluru,M.G. Road Corridor,ZONE_CENTRAL,5,6,127,43.1,31.8
Bengaluru,Whitefield ITPB Main Road,ZONE_EAST,9,3,434,46.3,7.9
Bengaluru,Whitefield ITPB Main Road,ZONE_EAST,7,3,153,27.8,19.6
Delhi NCR,Gurgaon Cyber City Expressway,DELHI_GURGAON,6,2,421,29.0,10.4
Bengaluru,Whitefield ITPB Main Road,ZONE_EAST,2,1,231,44.8,27.0
Bengaluru,M.G. Road Corridor,ZONE_CENTRAL,9,4,232,32.0,9.6
Bengaluru,Whitefield ITPB Main Road,ZONE_EAST,16,1,348,18.7,8.5
Bengaluru,Hebbal Flyover to Airport,ZONE_NORTH,21,4,472,13.9,6.0
Bengaluru,Hebbal Flyover to Airport,ZONE_NORTH,16,2,396,25.0,9.8
Mumbai,Western Express Highway (Andheri),MUMBAI_WEH,16,0,387,17.3,7.0
Mumbai,Western Express Highway (Andheri),MUMBAI_WEH,15,6,193,20.4,13.3
Bengaluru,Hebbal Flyover to Airport,ZONE_NORTH,11,0,466,46.9,7.1
Delhi NCR,Gurgaon Cyber City Expressway,DELHI_GURGAON,11,0,261,37.1,10.5
Delhi NCR,AIIMS Ring Road Junction,DELHI_SOUTH,15,1,127,40.1,29.5
Delhi NCR,AIIMS Ring Road Junction,DELHI_SOUTH,7,6,452,28.9,9.2
Bengaluru,Hebbal Flyover to Airport,ZONE_NORTH,18,4,261,48.9,13.8
Delhi NCR,AIIMS Ring Road Junction,DELHI_SOUTH,16,6,288,47.5,25.2
Mumbai,Western Express Highway (Andheri),MUMBAI_WEH,11,5,75,29.0,11.7
Bengaluru,M.G. Road Corridor,ZONE_CENTRAL,8,2,170,27.5,9.4
Bengaluru,M.G. Road Corridor,ZONE_CENTRAL,6,3,83,34.3,27.2
Mumbai,Bandra-Worli Sea Link Approach,MUMBAI_BANDRA,0,5,369,45.0,19.2
Bengaluru,Central Silk Board Junction,ZONE_SOUTH,21,4,95,8.9,6.0
Delhi NCR,AIIMS Ring Road Junction,DELHI_SOUTH,1,6,465,45.1,13.6
Mumbai,Bandra-Worli Sea Link Approach,MUMBAI_BANDRA,8,4,216,31.5,9.8
Bengaluru,Hebbal Flyover to Airport,ZONE_NORTH,17,5,95,41.1,16.0
Delhi NCR,Gurgaon Cyber City Expressway,DELHI_GURGAON,16,2,475,42.7,12.4
Mumbai,Bandra-Worli Sea Link Approach,MUMBAI_BANDRA,8,6,192,36.7,12.0
Mumbai,Western Express Highway (Andheri),MUMBAI_WEH,19,5,307,19.4,6.0
Bengaluru,Central Silk Board Junction,ZONE_SOUTH,10,0,85,48.8,19.3
Bengaluru,Hebbal Flyover to Airport,ZONE_NORTH,17,0,420,17.1,6.0
Bengaluru,Hebbal Flyover to Airport,ZONE_NORTH,20,6,365,47.8,10.3
Delhi NCR,AIIMS Ring Road Junction,DELHI_SOUTH,13,4,417,34.2,12.4
Mumbai,Western Express Highway (Andheri),MUMBAI_WEH,10,5,473,8.7,6.0
Mumbai,Bandra-Worli Sea Link Approach,MUMBAI_BANDRA,4,3,327,37.6,18.0
Delhi NCR,Gurgaon Cyber City Expressway,DELHI_GURGAON,2,5,111,28.3,21.4
Bengaluru,M.G. Road Corridor,ZONE_CENTRAL,3,2,163,45.7,31.6
Delhi NCR,Gurgaon Cyber City Expressway,DELHI_GURGAON,23,1,406,16.7,6.3
Delhi NCR,Gurgaon Cyber City Expressway,DELHI_GURGAON,17,1,379,47.3,9.8
Bengaluru,Hebbal Flyover to Airport,ZONE_NORTH,9,2,461,46.1,7.1
Bengaluru,Whitefield ITPB Main Road,ZONE_EAST,17,2,276,41.2,11.2
Bengaluru,Hebbal Flyover to Airport,ZONE_NORTH,3,5,220,14.4,8.9
Mumbai,Bandra-Worli Sea Link Approach,MUMBAI_BANDRA,13,0,189,43.5,28.6
Mumbai,Western Express Highway (Andheri),MUMBAI_WEH,9,3,341,21.8,6.0
Bengaluru,Central Silk Board Junction,ZONE_SOUTH,22,2,209,39.7,25.1
Bengaluru,Hebbal Flyover to Airport,ZONE_NORTH,18,4,102,45.4,17.5
Delhi NCR,AIIMS Ring Road Junction,DELHI_SOUTH,4,4,82,28.6,22.7
Bengaluru,M.G. Road Corridor,ZONE_CENTRAL,15,4,479,21.3,6.1
Bengaluru,Whitefield ITPB Main Road,ZONE_EAST,19,3,467,18.9,6.0
Delhi NCR,Gurgaon Cyber City Expressway,DELHI_GURGAON,18,6,73,12.8,6.0
Mumbai,Western Express Highway (Andheri),MUMBAI_WEH,11,4,388,40.6,8.1
Delhi NCR,AIIMS Ring Road Junction,DELHI_SOUTH,20,6,430,26.3,6.0
Mumbai,Bandra-Worli Sea Link Approach,MUMBAI_BANDRA,6,1,155,13.6,9.5
Delhi NCR,Gurgaon Cyber City Expressway,DELHI_GURGAON,22,5,75,17.5,14.1
Bengaluru,M.G. Road Corridor,ZONE_CENTRAL,2,0,291,34.7,18.2
Delhi NCR,AIIMS Ring Road Junction,DELHI_SOUTH,10,0,88,23.7,9.3
Bengaluru,Hebbal Flyover to Airport,ZONE_NORTH,1,5,91,28.5,22.3
Bengaluru,M.G. Road Corridor,ZONE_CENTRAL,7,1,460,41.0,12.7
Bengaluru,Whitefield ITPB Main Road,ZONE_EAST,19,0,114,9.2,6.0
Delhi NCR,Gurgaon Cyber City Expressway,DELHI_GURGAON,6,2,469,17.5,6.0
Mumbai,Bandra-Worli Sea Link Approach,MUMBAI_BANDRA,13,0,153,40.5,28.5
Mumbai,Western Express Highway (Andheri),MUMBAI_WEH,2,5,106,39.0,29.8
Bengaluru,Hebbal Flyover to Airport,ZONE_NORTH,17,6,286,13.6,6.0
Bengaluru,Whitefield ITPB Main Road,ZONE_EAST,3,5,320,41.9,20.5
Mumbai,Bandra-Worli Sea Link Approach,MUMBAI_BANDRA,8,0,425,22.5,6.0
Bengaluru,Hebbal Flyover to Airport,ZONE_NORTH,9,1,409,19.6,6.0
Bengaluru,Central Silk Board Junction,ZONE_SOUTH,9,0,398,17.7,6.0
Delhi NCR,AIIMS Ring Road Junction,DELHI_SOUTH,17,4,61,47.8,19.6
Bengaluru,Whitefield ITPB Main Road,ZONE_EAST,2,1,160,15.6,10.8
Delhi NCR,Gurgaon Cyber City Expressway,DELHI_GURGAON,16,6,443,8.7,6.0
Mumbai,Bandra-Worli Sea Link Approach,MUMBAI_BANDRA,16,5,172,20.5,13.9
Mumbai,Western Express Highway (Andheri),MUMBAI_WEH,15,5,463,18.8,6.0
Bengaluru,Hebbal Flyover to Airport,ZONE_NORTH,9,3,98,45.7,17.7
Bengaluru,Hebbal Flyover to Airport,ZONE_NORTH,15,4,214,49.6,31.0
Bengaluru,Whitefield ITPB Main Road,ZONE_EAST,13,2,284,31.7,17.0
Bengaluru,Hebbal Flyover to Airport,ZONE_NORTH,17,4,421,25.1,6.0
Bengaluru,M.G. Road Corridor,ZONE_CENTRAL,17,3,423,15.7,6.0
Delhi NCR,Gurgaon Cyber City Expressway,DELHI_GURGAON,23,3,257,38.7,22.0
Mumbai,Western Express Highway (Andheri),MUMBAI_WEH,7,6,330,12.3,6.0
Mumbai,Western Express Highway (Andheri),MUMBAI_WEH,1,4,163,10.4,7.2
Bengaluru,M.G. Road Corridor,ZONE_CENTRAL,0,2,334,24.0,11.3
Mumbai,Western Express Highway (Andheri),MUMBAI_WEH,22,4,278,32.7,17.7
Bengaluru,Central Silk Board Junction,ZONE_SOUTH,7,0,400,46.2,17.8
Mumbai,Western Express Highway (Andheri),MUMBAI_WEH,10,1,202,27.7,8.9
Delhi NCR,Gurgaon Cyber City Expressway,DELHI_GURGAON,23,2,169,20.1,13.7
Delhi NCR,AIIMS Ring Road Junction,DELHI_SOUTH,14,0,335,44.4,20.8
Delhi NCR,AIIMS Ring Road Junction,DELHI_SOUTH,8,1,383,44.7,9.1
Delhi NCR,AIIMS Ring Road Junction,DELHI_SOUTH,14,4,142,37.7,27.0
Delhi NCR,Gurgaon Cyber City Expressway,DELHI_GURGAON,7,6,147,46.4,33.0
Bengaluru,M.G. Road Corridor,ZONE_CENTRAL,16,6,120,29.3,21.8
Delhi NCR,AIIMS Ring Road Junction,DELHI_SOUTH,10,5,344,13.7,6.0
Mumbai,Western Express Highway (Andheri),MUMBAI_WEH,6,0,190,20.0,13.1
Bengaluru,Whitefield ITPB Main Road,ZONE_EAST,22,5,227,28.0,17.0
Delhi NCR,AIIMS Ring Road Junction,DELHI_SOUTH,17,3,250,35.7,10.3
Bengaluru,Central Silk Board Junction,ZONE_SOUTH,11,0,408,29.5,6.0
Mumbai,Western Express Highway (Andheri),MUMBAI_WEH,21,4,57,30.9,12.8
Delhi NCR,Gurgaon Cyber City Expressway,DELHI_GURGAON,12,0,369,20.4,8.7
Delhi NCR,AIIMS Ring Road Junction,DELHI_SOUTH,22,1,198,37.1,23.9
Delhi NCR,AIIMS Ring Road Junction,DELHI_SOUTH,7,5,78,33.6,26.9
Mumbai,Bandra-Worli Sea Link Approach,MUMBAI_BANDRA,20,0,65,19.3,7.9
Mumbai,Bandra-Worli Sea Link Approach,MUMBAI_BANDRA,21,6,65,15.3,6.2
Mumbai,Western Express Highway (Andheri),MUMBAI_WEH,0,1,231,22.0,13.3
Delhi NCR,AIIMS Ring Road Junction,DELHI_SOUTH,10,5,143,13.1,6.0
Bengaluru,M.G. Road Corridor,ZONE_CENTRAL,20,6,470,9.6,6.0
Mumbai,Western Express Highway (Andheri),MUMBAI_WEH,16,6,125,32.5,24.0
Mumbai,Bandra-Worli Sea Link Approach,MUMBAI_BANDRA,0,2,240,36.8,21.8
Bengaluru,M.G. Road Corridor,ZONE_CENTRAL,2,0,176,14.8,10.0
Bengaluru,Whitefield ITPB Main Road,ZONE_EAST,21,5,230,15.4,6.0
Bengaluru,M.G. Road Corridor,ZONE_CENTRAL,18,3,120,37.4,13.9
Bengaluru,M.G. Road Corridor,ZONE_CENTRAL,2,6,255,28.0,16.0
Bengaluru,Whitefield ITPB Main Road,ZONE_EAST,17,2,119,35.4,13.2
Bengaluru,M.G. Road Corridor,ZONE_CENTRAL,3,3,174,14.8,10.0
Mumbai,Bandra-Worli Sea Link Approach,MUMBAI_BANDRA,7,3,335,11.7,6.0
Bengaluru,M.G. Road Corridor,ZONE_CENTRAL,7,0,67,44.8,36.5
Bengaluru,M.G. Road Corridor,ZONE_CENTRAL,16,1,164,46.3,31.9
Bengaluru,Hebbal Flyover to Airport,ZONE_NORTH,6,0,172,15.1,10.3
Delhi NCR,AIIMS Ring Road Junction,DELHI_SOUTH,17,0,271,29.9,8.2
Delhi NCR,AIIMS Ring Road Junction,DELHI_SOUTH,7,5,437,17.3,6.0
Mumbai,Bandra-Worli Sea Link Approach,MUMBAI_BANDRA,2,1,270,35.3,19.5
Bengaluru,Hebbal Flyover to Airport,ZONE_NORTH,14,5,320,36.0,17.6
Mumbai,Bandra-Worli Sea Link Approach,MUMBAI_BANDRA,11,3,316,47.5,11.7
Mumbai,Western Express Highway (Andheri),MUMBAI_WEH,6,4,444,18.4,6.1
Mumbai,Western Express Highway (Andheri),MUMBAI_WEH,4,6,414,38.5,14.2
Bengaluru,Hebbal Flyover to Airport,ZONE_NORTH,0,6,480,25.9,7.3
Delhi NCR,Gurgaon Cyber City Expressway,DELHI_GURGAON,12,3,261,48.8,27.5
Bengaluru,Hebbal Flyover to Airport,ZONE_NORTH,6,3,287,49.9,26.5
Mumbai,Bandra-Worli Sea Link Approach,MUMBAI_BANDRA,23,1,412,41.8,15.5
Bengaluru,Whitefield ITPB Main Road,ZONE_EAST,7,2,283,33.4,17.9
Delhi NCR,AIIMS Ring Road Junction,DELHI_SOUTH,17,4,335,13.4,6.0
Mumbai,Bandra-Worli Sea Link Approach,MUMBAI_BANDRA,15,4,181,27.1,18.1
Mumbai,Bandra-Worli Sea Link Approach,MUMBAI_BANDRA,12,6,365,28.4,12.2
Bengaluru,Central Silk Board Junction,ZONE_SOUTH,4,6,333,36.6,17.3
Bengaluru,Whitefield ITPB Main Road,ZONE_EAST,3,6,463,9.6,6.0
Mumbai,Bandra-Worli Sea Link Approach,MUMBAI_BANDRA,6,0,236,10.3,6.1
Delhi NCR,AIIMS Ring Road Junction,DELHI_SOUTH,2,4,446,43.0,14.0
Mumbai,Western Express Highway (Andheri),MUMBAI_WEH,19,3,108,21.1,8.0
Mumbai,Bandra-Worli Sea Link Approach,MUMBAI_BANDRA,11,1,450,41.4,6.7
Mumbai,Western Express Highway (Andheri),MUMBAI_WEH,14,2,386,47.3,19.1
Bengaluru,Hebbal Flyover to Airport,ZONE_NORTH,16,1,102,24.4,18.8
Delhi NCR,AIIMS Ring Road Junction,DELHI_SOUTH,16,1,478,45.7,13.0
Delhi NCR,AIIMS Ring Road Junction,DELHI_SOUTH,19,2,283,19.0,6.0
Delhi NCR,Gurgaon Cyber City Expressway,DELHI_GURGAON,0,0,155,22.4,15.7
Bengaluru,M.G. Road Corridor,ZONE_CENTRAL,5,1,55,29.3,24.3
Bengaluru,M.G. Road Corridor,ZONE_CENTRAL,10,4,170,25.4,8.7
Bengaluru,M.G. Road Corridor,ZONE_CENTRAL,20,5,101,12.1,6.0
Delhi NCR,Gurgaon Cyber City Expressway,DELHI_GURGAON,15,2,332,29.0,13.7
Delhi NCR,AIIMS Ring Road Junction,DELHI_SOUTH,15,4,366,17.9,7.7
Bengaluru,Central Silk Board Junction,ZONE_SOUTH,10,6,375,28.1,6.0
Bengaluru,Hebbal Flyover to Airport,ZONE_NORTH,15,3,277,47.3,25.7
Delhi NCR,Gurgaon Cyber City Expressway,DELHI_GURGAON,4,1,398,36.6,14.2
Mumbai,Bandra-Worli Sea Link Approach,MUMBAI_BANDRA,7,1,210,46.7,29.4
Delhi NCR,Gurgaon Cyber City Expressway,DELHI_GURGAON,15,2,224,17.8,10.9
Bengaluru,M.G. Road Corridor,ZONE_CENTRAL,4,4,246,34.1,19.9
Bengaluru,Hebbal Flyover to Airport,ZONE_NORTH,8,0,280,39.2,10.6
Mumbai,Bandra-Worli Sea Link Approach,MUMBAI_BANDRA,13,5,261,12.2,6.9
Delhi NCR,Gurgaon Cyber City Expressway,DELHI_GURGAON,0,3,240,26.7,15.8
Mumbai,Western Express Highway (Andheri),MUMBAI_WEH,15,0,66,25.6,20.9
Bengaluru,Central Silk Board Junction,ZONE_SOUTH,20,4,459,19.8,6.0
Mumbai,Western Express Highway (Andheri),MUMBAI_WEH,12,2,461,24.8,7.6
Bengaluru,Hebbal Flyover to Airport,ZONE_NORTH,19,0,410,47.8,8.9
Mumbai,Western Express Highway (Andheri),MUMBAI_WEH,9,4,379,33.2,6.9
Delhi NCR,Gurgaon Cyber City Expressway,DELHI_GURGAON,4,3,55,12.0,10.0
Bengaluru,Hebbal Flyover to Airport,ZONE_NORTH,20,4,233,42.7,12.8
Mumbai,Western Express Highway (Andheri),MUMBAI_WEH,14,3,461,43.6,13.4
Bengaluru,Central Silk Board Junction,ZONE_SOUTH,4,0,96,32.0,24.9
Bengaluru,Whitefield ITPB Main Road,ZONE_EAST,22,6,341,44.0,20.3
Bengaluru,Whitefield ITPB Main Road,ZONE_EAST,8,2,112,22.1,8.4
Bengaluru,Whitefield ITPB Main Road,ZONE_EAST,15,5,253,21.1,12.1
Bengaluru,Central Silk Board Junction,ZONE_SOUTH,16,1,382,37.6,15.4
Bengaluru,Hebbal Flyover to Airport,ZONE_NORTH,17,0,409,16.6,6.0
Bengaluru,M.G. Road Corridor,ZONE_CENTRAL,10,2,423,33.9,6.0
Bengaluru,M.G. Road Corridor,ZONE_CENTRAL,5,6,467,9.9,6.0
Delhi NCR,Gurgaon Cyber City Expressway,DELHI_GURGAON,21,4,349,39.7,9.0
Bengaluru,Hebbal Flyover to Airport,ZONE_NORTH,9,1,137,34.2,12.4
Bengaluru,Whitefield ITPB Main Road,ZONE_EAST,12,2,182,46.1,30.7
Delhi NCR,Gurgaon Cyber City Expressway,DELHI_GURGAON,8,1,420,21.8,6.0
Bengaluru,Hebbal Flyover to Airport,ZONE_NORTH,2,1,392,29.2,11.6
Mumbai,Bandra-Worli Sea Link Approach,MUMBAI_BANDRA,1,6,100,10.4,8.0
Delhi NCR,AIIMS Ring Road Junction,DELHI_SOUTH,22,0,61,10.8,8.9
Bengaluru,Central Silk Board Junction,ZONE_SOUTH,0,0,292,15.5,8.1
Bengaluru,Central Silk Board Junction,ZONE_SOUTH,23,6,410,14.3,6.0
Bengaluru,Central Silk Board Junction,ZONE_SOUTH,22,6,257,40.3,23.0
Delhi NCR,Gurgaon Cyber City Expressway,DELHI_GURGAON,6,2,209,49.2,31.1
Delhi NCR,AIIMS Ring Road Junction,DELHI_SOUTH,20,5,266,35.3,9.8
Delhi NCR,Gurgaon Cyber City Expressway,DELHI_GURGAON,10,0,82,13.2,6.0
Delhi NCR,AIIMS Ring Road Junction,DELHI_SOUTH,14,0,67,14.6,11.9
Bengaluru,Whitefield ITPB Main Road,ZONE_EAST,1,4,136,10.7,7.8
Mumbai,Bandra-Worli Sea Link Approach,MUMBAI_BANDRA,1,5,93,28.9,22.6
Mumbai,Bandra-Worli Sea Link Approach,MUMBAI_BANDRA,7,5,339,14.8,6.9
Mumbai,Bandra-Worli Sea Link Approach,MUMBAI_BANDRA,10,5,428,42.7,7.5
Bengaluru,Hebbal Flyover to Airport,ZONE_NORTH,3,0,342,45.3,20.9
Bengaluru,Whitefield ITPB Main Road,ZONE_EAST,1,5,64,14.1,11.5
Bengaluru,Central Silk Board Junction,ZONE_SOUTH,20,2,292,23.5,6.2
Bengaluru,Hebbal Flyover to Airport,ZONE_NORTH,8,6,426,30.0,6.0
Bengaluru,Hebbal Flyover to Airport,ZONE_NORTH,17,3,209,41.3,13.0
Bengaluru,Whitefield ITPB Main Road,ZONE_EAST,21,0,246,45.5,13.3
Bengaluru,Central Silk Board Junction,ZONE_SOUTH,15,0,404,16.4,6.2
Mumbai,Western Express Highway (Andheri),MUMBAI_WEH,18,0,145,29.4,10.5
Mumbai,Western Express Highway (Andheri),MUMBAI_WEH,6,3,113,23.5,17.7
Bengaluru,Hebbal Flyover to Airport,ZONE_NORTH,8,4,373,44.0,9.2
Delhi NCR,AIIMS Ring Road Junction,DELHI_SOUTH,20,6,337,34.1,8.0
Bengaluru,Hebbal Flyover to Airport,ZONE_NORTH,23,2,150,10.8,7.6
Mumbai,Western Express Highway (Andheri),MUMBAI_WEH,13,0,324,12.2,6.0
Delhi NCR,AIIMS Ring Road Junction,DELHI_SOUTH,15,1,84,27.0,21.4
Bengaluru,Hebbal Flyover to Airport,ZONE_NORTH,22,0,333,45.0,21.2
Delhi NCR,Gurgaon Cyber City Expressway,DELHI_GURGAON,13,2,441,29.2,9.7
Bengaluru,Hebbal Flyover to Airport,ZONE_NORTH,18,2,264,34.9,9.8
Bengaluru,M.G. Road Corridor,ZONE_CENTRAL,18,2,160,14.7,6.0
Mumbai,Bandra-Worli Sea Link Approach,MUMBAI_BANDRA,17,3,149,11.0,6.0
Bengaluru,Central Silk Board Junction,ZONE_SOUTH,10,1,272,33.7,9.3
Mumbai,Bandra-Worli Sea Link Approach,MUMBAI_BANDRA,5,2,78,11.8,9.4
Delhi NCR,Gurgaon Cyber City Expressway,DELHI_GURGAON,5,2,451,30.1,9.6
Delhi NCR,Gurgaon Cyber City Expressway,DELHI_GURGAON,20,2,157,32.7,11.4
Delhi NCR,Gurgaon Cyber City Expressway,DELHI_GURGAON,7,1,292,17.3,9.1
Mumbai,Bandra-Worli Sea Link Approach,MUMBAI_BANDRA,10,1,322,28.6,6.9
Bengaluru,Central Silk Board Junction,ZONE_SOUTH,20,6,124,45.9,17.0
Mumbai,Bandra-Worli Sea Link Approach,MUMBAI_BANDRA,3,0,220,34.2,21.1
Bengaluru,Hebbal Flyover to Airport,ZONE_NORTH,10,0,309,26.3,6.6
Bengaluru,M.G. Road Corridor,ZONE_CENTRAL,8,4,187,33.1,10.9
Delhi NCR,Gurgaon Cyber City Expressway,DELHI_GURGAON,18,3,66,23.2,9.5
Bengaluru,Whitefield ITPB Main Road,ZONE_EAST,14,4,292,22.8,12.0
Bengaluru,M.G. Road Corridor,ZONE_CENTRAL,20,0,182,21.7,7.2
Bengaluru,Hebbal Flyover to Airport,ZONE_NORTH,5,0,241,13.8,8.1
Bengaluru,M.G. Road Corridor,ZONE_CENTRAL,21,6,119,23.7,8.9
Mumbai,Western Express Highway (Andheri),MUMBAI_WEH,13,3,473,29.3,8.6
Mumbai,Western Express Highway (Andheri),MUMBAI_WEH,1,5,174,16.7,11.3
Bengaluru,Hebbal Flyover to Airport,ZONE_NORTH,18,6,59,13.0,6.0
Mumbai,Western Express Highway (Andheri),MUMBAI_WEH,1,0,314,10.8,6.0
Delhi NCR,AIIMS Ring Road Junction,DELHI_SOUTH,0,3,70,8.3,6.7
Delhi NCR,Gurgaon Cyber City Expressway,DELHI_GURGAON,7,2,68,24.7,20.1
Mumbai,Bandra-Worli Sea Link Approach,MUMBAI_BANDRA,5,6,89,45.4,35.7
Bengaluru,Central Silk Board Junction,ZONE_SOUTH,3,0,233,15.9,9.5
Mumbai,Bandra-Worli Sea Link Approach,MUMBAI_BANDRA,21,1,324,15.9,6.0
Bengaluru,Hebbal Flyover to Airport,ZONE_NORTH,19,1,78,19.3,7.7
Delhi NCR,AIIMS Ring Road Junction,DELHI_SOUTH,16,3,186,34.8,23.0
Mumbai,Bandra-Worli Sea Link Approach,MUMBAI_BANDRA,18,6,353,11.5,6.0
Mumbai,Western Express Highway (Andheri),MUMBAI_WEH,17,0,166,41.3,14.2
Bengaluru,M.G. Road Corridor,ZONE_CENTRAL,7,0,152,38.7,27.3
Bengaluru,Hebbal Flyover to Airport,ZONE_NORTH,22,6,338,35.5,16.5
Bengaluru,Whitefield ITPB Main Road,ZONE_EAST,2,5,408,13.2,6.0
Bengaluru,Central Silk Board Junction,ZONE_SOUTH,17,5,395,30.0,6.0
Bengaluru,Whitefield ITPB Main Road,ZONE_EAST,8,4,335,26.5,6.2
Mumbai,Bandra-Worli Sea Link Approach,MUMBAI_BANDRA,8,6,400,15.0,6.0
Delhi NCR,AIIMS Ring Road Junction,DELHI_SOUTH,14,1,362,41.8,18.2
Delhi NCR,AIIMS Ring Road Junction,DELHI_SOUTH,17,3,305,42.9,10.9
Bengaluru,M.G. Road Corridor,ZONE_CENTRAL,1,5,472,8.6,6.0
Delhi NCR,Gurgaon Cyber City Expressway,DELHI_GURGAON,15,5,201,14.7,9.4
Bengaluru,Central Silk Board Junction,ZONE_SOUTH,8,5,337,19.8,6.0
Mumbai,Bandra-Worli Sea Link Approach,MUMBAI_BANDRA,21,2,193,24.2,7.9
Bengaluru,Whitefield ITPB Main Road,ZONE_EAST,21,1,254,18.3,6.0
Delhi NCR,AIIMS Ring Road Junction,DELHI_SOUTH,9,1,184,17.0,6.0
Bengaluru,Whitefield ITPB Main Road,ZONE_EAST,11,4,51,36.1,15.1
Bengaluru,Whitefield ITPB Main Road,ZONE_EAST,21,6,176,47.7,16.1
Bengaluru,Central Silk Board Junction,ZONE_SOUTH,1,0,400,45.0,17.4
Delhi NCR,AIIMS Ring Road Junction,DELHI_SOUTH,15,3,113,18.8,14.2
Delhi NCR,Gurgaon Cyber City Expressway,DELHI_GURGAON,15,1,450,22.8,7.3
Delhi NCR,Gurgaon Cyber City Expressway,DELHI_GURGAON,18,1,148,41.4,14.7
Bengaluru,Central Silk Board Junction,ZONE_SOUTH,17,6,333,11.7,6.0
Bengaluru,Hebbal Flyover to Airport,ZONE_NORTH,21,6,242,18.9,6.0
Bengaluru,Whitefield ITPB Main Road,ZONE_EAST,23,1,130,27.5,20.2
Mumbai,Western Express Highway (Andheri),MUMBAI_WEH,3,2,239,14.8,8.8
Bengaluru,Central Silk Board Junction,ZONE_SOUTH,18,2,399,19.5,6.0
Delhi NCR,AIIMS Ring Road Junction,DELHI_SOUTH,15,5,330,32.9,15.7
Bengaluru,Central Silk Board Junction,ZONE_SOUTH,6,5,243,35.8,21.0
Bengaluru,M.G. Road Corridor,ZONE_CENTRAL,5,2,382,27.4,11.2
Bengaluru,Central Silk Board Junction,ZONE_SOUTH,18,1,180,35.5,11.9
Bengaluru,Hebbal Flyover to Airport,ZONE_NORTH,0,1,449,48.7,15.7
Bengaluru,M.G. Road Corridor,ZONE_CENTRAL,6,2,51,23.2,19.4
Bengaluru,M.G. Road Corridor,ZONE_CENTRAL,9,2,292,39.5,10.4
Bengaluru,Whitefield ITPB Main Road,ZONE_EAST,16,6,289,41.7,22.0
Mumbai,Western Express Highway (Andheri),MUMBAI_WEH,18,1,202,30.3,9.7
Bengaluru,Hebbal Flyover to Airport,ZONE_NORTH,20,5,303,29.1,7.4
Bengaluru,Central Silk Board Junction,ZONE_SOUTH,18,1,477,39.4,6.0
Mumbai,Western Express Highway (Andheri),MUMBAI_WEH,10,3,217,17.3,6.0
Bengaluru,Whitefield ITPB Main Road,ZONE_EAST,19,3,268,44.9,12.5
Bengaluru,Hebbal Flyover to Airport,ZONE_NORTH,16,3,420,45.2,16.3
Mumbai,Bandra-Worli Sea Link Approach,MUMBAI_BANDRA,15,3,337,15.2,7.1
Delhi NCR,AIIMS Ring Road Junction,DELHI_SOUTH,21,1,186,49.9,16.5
Bengaluru,Hebbal Flyover to Airport,ZONE_NORTH,9,1,261,49.6,14.0
Mumbai,Bandra-Worli Sea Link Approach,MUMBAI_BANDRA,20,5,437,32.2,6.0
Delhi NCR,AIIMS Ring Road Junction,DELHI_SOUTH,8,4,72,12.5,6.0
Bengaluru,Whitefield ITPB Main Road,ZONE_EAST,2,0,160,25.3,17.6
Bengaluru,Hebbal Flyover to Airport,ZONE_NORTH,20,2,165,46.8,16.1
Bengaluru,Hebbal Flyover to Airport,ZONE_NORTH,3,0,318,30.5,15.0
Delhi NCR,AIIMS Ring Road Junction,DELHI_SOUTH,5,6,149,32.9,23.3
Delhi NCR,AIIMS Ring Road Junction,DELHI_SOUTH,21,3,140,38.0,13.7
Bengaluru,Hebbal Flyover to Airport,ZONE_NORTH,8,1,174,12.1,6.0
Mumbai,Bandra-Worli Sea Link Approach,MUMBAI_BANDRA,5,4,375,18.5,7.7
Bengaluru,Whitefield ITPB Main Road,ZONE_EAST,5,4,443,31.1,10.3
Bengaluru,Whitefield ITPB Main Road,ZONE_EAST,12,1,310,28.2,14.1
Bengaluru,M.G. Road Corridor,ZONE_CENTRAL,19,0,154,45.4,15.9
Bengaluru,Whitefield ITPB Main Road,ZONE_EAST,14,2,354,43.2,19.2
Bengaluru,Hebbal Flyover to Airport,ZONE_NORTH,17,2,426,17.9,6.0
Bengaluru,Hebbal Flyover to Airport,ZONE_NORTH,11,0,113,40.9,15.4
Bengaluru,Whitefield ITPB Main Road,ZONE_EAST,12,2,378,41.0,17.0
Bengaluru,Central Silk Board Junction,ZONE_SOUTH,1,2,72,30.8,24.9
Bengaluru,Central Silk Board Junction,ZONE_SOUTH,19,4,413,17.6,6.0
Mumbai,Bandra-Worli Sea Link Approach,MUMBAI_BANDRA,23,5,212,31.4,19.7
Bengaluru,M.G. Road Corridor,ZONE_CENTRAL,13,4,81,24.8,19.7
Delhi NCR,AIIMS Ring Road Junction,DELHI_SOUTH,23,3,312,41.1,20.5
Bengaluru,Whitefield ITPB Main Road,ZONE_EAST,21,2,134,36.3,13.2
Bengaluru,Central Silk Board Junction,ZONE_SOUTH,23,6,409,20.4,7.6
Bengaluru,Central Silk Board Junction,ZONE_SOUTH,18,3,465,26.0,6.0
Bengaluru,M.G. Road Corridor,ZONE_CENTRAL,1,2,51,33.0,27.5
Bengaluru,M.G. Road Corridor,ZONE_CENTRAL,17,5,402,35.8,6.9
Bengaluru,M.G. Road Corridor,ZONE_CENTRAL,5,1,51,42.4,35.4
Bengaluru,Hebbal Flyover to Airport,ZONE_NORTH,20,3,140,35.7,12.9
Bengaluru,M.G. Road Corridor,ZONE_CENTRAL,0,5,217,40.5,25.2
Delhi NCR,AIIMS Ring Road Junction,DELHI_SOUTH,9,3,438,9.4,6.0
Delhi NCR,AIIMS Ring Road Junction,DELHI_SOUTH,15,2,249,16.4,9.5
Delhi NCR,AIIMS Ring Road Junction,DELHI_SOUTH,5,2,136,43.7,31.7
Bengaluru,Central Silk Board Junction,ZONE_SOUTH,17,2,463,46.5,7.1
Bengaluru,Hebbal Flyover to Airport,ZONE_NORTH,3,6,78,45.1,36.1
Delhi NCR,Gurgaon Cyber City Expressway,DELHI_GURGAON,10,1,345,20.1,6.0
Bengaluru,Hebbal Flyover to Airport,ZONE_NORTH,9,1,94,42.8,16.7
Bengaluru,Whitefield ITPB Main Road,ZONE_EAST,9,1,68,17.8,7.2
Delhi NCR,Gurgaon Cyber City Expressway,DELHI_GURGAON,16,5,363,29.0,12.6
Bengaluru,Whitefield ITPB Main Road,ZONE_EAST,22,0,117,47.5,35.6
Mumbai,Bandra-Worli Sea Link Approach,MUMBAI_BANDRA,5,5,347,15.6,7.1
Delhi NCR,AIIMS Ring Road Junction,DELHI_SOUTH,16,2,61,34.2,28.1
Bengaluru,M.G. Road Corridor,ZONE_CENTRAL,1,6,160,19.3,13.4
Mumbai,Western Express Highway (Andheri),MUMBAI_WEH,13,4,72,21.0,17.0
Bengaluru,M.G. Road Corridor,ZONE_CENTRAL,0,4,399,13.7,6.0
Delhi NCR,Gurgaon Cyber City Expressway,DELHI_GURGAON,10,6,310,19.6,6.0
Bengaluru,M.G. Road Corridor,ZONE_CENTRAL,7,4,329,28.3,13.5
Bengaluru,Hebbal Flyover to Airport,ZONE_NORTH,4,2,196,42.3,27.4
Mumbai,Western Express Highway (Andheri),MUMBAI_WEH,19,1,446,40.7,6.6
Bengaluru,M.G. Road Corridor,ZONE_CENTRAL,21,2,177,36.4,12.2
Delhi NCR,AIIMS Ring Road Junction,DELHI_SOUTH,18,5,454,9.2,6.0
Bengaluru,Hebbal Flyover to Airport,ZONE_NORTH,12,3,224,10.9,6.7
Mumbai,Western Express Highway (Andheri),MUMBAI_WEH,10,5,303,48.5,12.4
Mumbai,Bandra-Worli Sea Link Approach,MUMBAI_BANDRA,21,6,301,37.6,9.6
Bengaluru,Central Silk Board Junction,ZONE_SOUTH,22,0,427,27.9,9.8
Bengaluru,Whitefield ITPB Main Road,ZONE_EAST,11,4,413,37.9,7.0
Bengaluru,Hebbal Flyover to Airport,ZONE_NORTH,20,5,475,24.7,6.0
Bengaluru,Central Silk Board Junction,ZONE_SOUTH,14,3,444,27.8,9.2
Bengaluru,Whitefield ITPB Main Road,ZONE_EAST,1,3,268,19.8,11.0
Bengaluru,M.G. Road Corridor,ZONE_CENTRAL,4,3,208,43.3,27.4
Mumbai,Western Express Highway (Andheri),MUMBAI_WEH,19,0,86,16.2,6.4
Bengaluru,Hebbal Flyover to Airport,ZONE_NORTH,4,2,66,43.3,35.3
Bengaluru,Whitefield ITPB Main Road,ZONE_EAST,8,6,193,17.6,6.0
Delhi NCR,AIIMS Ring Road Junction,DELHI_SOUTH,11,4,129,37.5,13.8
Bengaluru,Whitefield ITPB Main Road,ZONE_EAST,17,2,436,12.7,6.0
Bengaluru,Central Silk Board Junction,ZONE_SOUTH,15,4,379,22.1,9.1
Bengaluru,Central Silk Board Junction,ZONE_SOUTH,20,6,99,12.0,6.0
Bengaluru,M.G. Road Corridor,ZONE_CENTRAL,16,3,190,33.0,21.6
Mumbai,Western Express Highway (Andheri),MUMBAI_WEH,20,5,319,17.6,6.0
Bengaluru,Hebbal Flyover to Airport,ZONE_NORTH,5,4,127,12.5,9.2
Delhi NCR,Gurgaon Cyber City Expressway,DELHI_GURGAON,17,1,232,16.0,6.0
Delhi NCR,Gurgaon Cyber City Expressway,DELHI_GURGAON,7,6,410,29.7,11.1
Delhi NCR,AIIMS Ring Road Junction,DELHI_SOUTH,2,4,395,16.8,6.6
Bengaluru,Hebbal Flyover to Airport,ZONE_NORTH,21,2,419,9.2,6.0
Bengaluru,M.G. Road Corridor,ZONE_CENTRAL,22,3,343,20.7,9.5
Mumbai,Bandra-Worli Sea Link Approach,MUMBAI_BANDRA,8,1,436,36.9,6.3
Mumbai,Western Express Highway (Andheri),MUMBAI_WEH,18,4,84,8.3,6.0
Mumbai,Bandra-Worli Sea Link Approach,MUMBAI_BANDRA,7,0,282,17.2,9.2
Bengaluru,Central Silk Board Junction,ZONE_SOUTH,18,0,244,41.3,12.1
Bengaluru,Hebbal Flyover to Airport,ZONE_NORTH,8,5,257,45.6,13.0
Bengaluru,M.G. Road Corridor,ZONE_CENTRAL,12,5,83,23.2,18.4
Delhi NCR,AIIMS Ring Road Junction,DELHI_SOUTH,12,6,337,19.8,9.2
Delhi NCR,Gurgaon Cyber City Expressway,DELHI_GURGAON,19,5,325,48.3,11.6
Delhi NCR,Gurgaon Cyber City Expressway,DELHI_GURGAON,0,1,201,9.4,6.0
Bengaluru,Whitefield ITPB Main Road,ZONE_EAST,9,3,431,43.7,7.6
Bengaluru,Central Silk Board Junction,ZONE_SOUTH,16,4,92,18.8,14.7
Delhi NCR,Gurgaon Cyber City Expressway,DELHI_GURGAON,19,4,96,8.5,6.0
Bengaluru,Central Silk Board Junction,ZONE_SOUTH,4,3,250,18.8,10.9
Mumbai,Bandra-Worli Sea Link Approach,MUMBAI_BANDRA,19,5,270,19.6,6.0
Bengaluru,Hebbal Flyover to Airport,ZONE_NORTH,21,5,255,26.4,7.6
Bengaluru,M.G. Road Corridor,ZONE_CENTRAL,17,5,167,37.9,13.0
Bengaluru,M.G. Road Corridor,ZONE_CENTRAL,15,1,164,22.9,15.8
Bengaluru,Whitefield ITPB Main Road,ZONE_EAST,14,2,453,41.9,13.3
Mumbai,Western Express Highway (Andheri),MUMBAI_WEH,18,3,433,21.9,6.0
Delhi NCR,Gurgaon Cyber City Expressway,DELHI_GURGAON,21,0,267,49.6,13.8
Delhi NCR,Gurgaon Cyber City Expressway,DELHI_GURGAON,18,1,339,28.0,6.5
Delhi NCR,Gurgaon Cyber City Expressway,DELHI_GURGAON,10,2,167,47.3,16.2
Delhi NCR,Gurgaon Cyber City Expressway,DELHI_GURGAON,5,4,445,27.2,8.9
Delhi NCR,Gurgaon Cyber City Expressway,DELHI_GURGAON,17,4,385,38.0,7.7
Delhi NCR,AIIMS Ring Road Junction,DELHI_SOUTH,2,6,461,34.6,10.6
Bengaluru,M.G. Road Corridor,ZONE_CENTRAL,7,6,220,9.9,6.1
Bengaluru,Central Silk Board Junction,ZONE_SOUTH,15,5,350,27.8,12.5
Mumbai,Western Express Highway (Andheri),MUMBAI_WEH,7,2,90,14.7,11.5
Bengaluru,Hebbal Flyover to Airport,ZONE_NORTH,17,6,69,12.0,6.0
Delhi NCR,AIIMS Ring Road Junction,DELHI_SOUTH,10,6,198,31.2,10.1
Delhi NCR,Gurgaon Cyber City Expressway,DELHI_GURGAON,15,5,404,34.2,13.0
Bengaluru,Central Silk Board Junction,ZONE_SOUTH,8,1,104,24.2,9.3
Delhi NCR,Gurgaon Cyber City Expressway,DELHI_GURGAON,3,3,265,19.1,10.7
Mumbai,Western Express Highway (Andheri),MUMBAI_WEH,20,2,424,14.1,6.0
Bengaluru,Central Silk Board Junction,ZONE_SOUTH,12,4,276,25.7,14.0
Bengaluru,Hebbal Flyover to Airport,ZONE_NORTH,5,3,156,27.2,19.0
Mumbai,Western Express Highway (Andheri),MUMBAI_WEH,13,4,299,48.9,25.2
Bengaluru,Hebbal Flyover to Airport,ZONE_NORTH,0,1,54,12.5,10.4
Bengaluru,Central Silk Board Junction,ZONE_SOUTH,7,1,368,39.2,16.7
Mumbai,Bandra-Worli Sea Link Approach,MUMBAI_BANDRA,19,4,171,44.8,15.2
Mumbai,Bandra-Worli Sea Link Approach,MUMBAI_BANDRA,2,6,247,40.1,23.4
Bengaluru,Central Silk Board Junction,ZONE_SOUTH,14,0,363,41.6,18.0
Bengaluru,Whitefield ITPB Main Road,ZONE_EAST,15,5,163,35.0,24.2
Mumbai,Western Express Highway (Andheri),MUMBAI_WEH,23,6,227,44.9,27.3
Delhi NCR,AIIMS Ring Road Junction,DELHI_SOUTH,21,4,177,22.4,7.5
Bengaluru,Central Silk Board Junction,ZONE_SOUTH,1,2,212,35.6,22.3
Bengaluru,Whitefield ITPB Main Road,ZONE_EAST,22,1,235,45.2,27.0
Bengaluru,Whitefield ITPB Main Road,ZONE_EAST,8,4,127,10.8,6.0
Mumbai,Western Express Highway (Andheri),MUMBAI_WEH,2,4,303,30.9,15.8
Bengaluru,M.G. Road Corridor,ZONE_CENTRAL,14,4,320,19.5,9.5
Bengaluru,Whitefield ITPB Main Road,ZONE_EAST,1,5,107,46.0,35.1
Mumbai,Bandra-Worli Sea Link Approach,MUMBAI_BANDRA,16,5,401,40.9,15.7
Delhi NCR,AIIMS Ring Road Junction,DELHI_SOUTH,2,4,129,42.9,31.5
Bengaluru,Central Silk Board Junction,ZONE_SOUTH,0,2,445,43.9,14.4
Delhi NCR,Gurgaon Cyber City Expressway,DELHI_GURGAON,8,5,191,27.2,8.9
Bengaluru,Hebbal Flyover to Airport,ZONE_NORTH,7,3,333,8.4,6.0
Delhi NCR,AIIMS Ring Road Junction,DELHI_SOUTH,21,0,434,49.2,8.4
Mumbai,Western Express Highway (Andheri),MUMBAI_WEH,0,4,276,37.7,20.6
Bengaluru,M.G. Road Corridor,ZONE_CENTRAL,14,2,336,17.6,8.2
Bengaluru,Whitefield ITPB Main Road,ZONE_EAST,20,1,411,38.7,7.2
Bengaluru,Hebbal Flyover to Airport,ZONE_NORTH,0,5,78,42.9,34.3
Bengaluru,Whitefield ITPB Main Road,ZONE_EAST,8,0,337,30.1,7.0
Delhi NCR,Gurgaon Cyber City Expressway,DELHI_GURGAON,11,6,442,34.6,6.0
Bengaluru,M.G. Road Corridor,ZONE_CENTRAL,10,5,127,42.0,15.5
Delhi NCR,AIIMS Ring Road Junction,DELHI_SOUTH,21,4,205,19.8,6.3
Bengaluru,Hebbal Flyover to Airport,ZONE_NORTH,9,1,97,22.9,8.9
Delhi NCR,Gurgaon Cyber City Expressway,DELHI_GURGAON,8,2,232,17.0,6.0
Bengaluru,Hebbal Flyover to Airport,ZONE_NORTH,14,5,436,47.4,16.1
Delhi NCR,Gurgaon Cyber City Expressway,DELHI_GURGAON,1,1,214,42.2,26.4
Delhi NCR,Gurgaon Cyber City Expressway,DELHI_GURGAON,1,4,197,19.0,12.3
Delhi NCR,Gurgaon Cyber City Expressway,DELHI_GURGAON,3,6,276,13.6,7.4
Bengaluru,Central Silk Board Junction,ZONE_SOUTH,16,5,292,27.4,14.4
Bengaluru,Whitefield ITPB Main Road,ZONE_EAST,5,6,237,19.8,11.8
Delhi NCR,Gurgaon Cyber City Expressway,DELHI_GURGAON,7,2,80,11.3,9.0
Bengaluru,Central Silk Board Junction,ZONE_SOUTH,16,2,59,35.9,29.6
Bengaluru,Whitefield ITPB Main Road,ZONE_EAST,17,2,74,47.2,19.0
Bengaluru,Hebbal Flyover to Airport,ZONE_NORTH,12,6,127,11.8,8.7
Mumbai,Bandra-Worli Sea Link Approach,MUMBAI_BANDRA,0,5,98,41.5,32.1
Bengaluru,Hebbal Flyover to Airport,ZONE_NORTH,0,5,308,16.0,8.1
Delhi NCR,AIIMS Ring Road Junction,DELHI_SOUTH,13,0,235,12.7,7.6
Delhi NCR,AIIMS Ring Road Junction,DELHI_SOUTH,6,4,206,19.0,12.1
Bengaluru,Central Silk Board Junction,ZONE_SOUTH,23,1,88,16.6,13.1
Bengaluru,Whitefield ITPB Main Road,ZONE_EAST,0,4,247,40.5,23.6
Mumbai,Bandra-Worli Sea Link Approach,MUMBAI_BANDRA,8,2,318,38.7,9.5
Mumbai,Western Express Highway (Andheri),MUMBAI_WEH,23,1,253,43.3,24.9
Bengaluru,Central Silk Board Junction,ZONE_SOUTH,13,3,165,34.4,23.7
Bengaluru,Whitefield ITPB Main Road,ZONE_EAST,22,6,238,29.4,17.5
Mumbai,Western Express Highway (Andheri),MUMBAI_WEH,8,3,439,13.7,6.0
Bengaluru,Hebbal Flyover to Airport,ZONE_NORTH,20,3,261,22.3,6.3
Mumbai,Bandra-Worli Sea Link Approach,MUMBAI_BANDRA,1,4,301,25.3,13.0
Delhi NCR,Gurgaon Cyber City Expressway,DELHI_GURGAON,23,0,116,27.2,20.4
Bengaluru,M.G. Road Corridor,ZONE_CENTRAL,9,5,390,34.1,6.8
Bengaluru,Whitefield ITPB Main Road,ZONE_EAST,8,1,239,23.0,6.8
Delhi NCR,AIIMS Ring Road Junction,DELHI_SOUTH,20,4,245,13.7,6.0
Bengaluru,Central Silk Board Junction,ZONE_SOUTH,9,5,425,32.7,6.0
Bengaluru,Whitefield ITPB Main Road,ZONE_EAST,3,6,156,30.9,21.6
Bengaluru,M.G. Road Corridor,ZONE_CENTRAL,20,1,457,41.2,6.4
Mumbai,Bandra-Worli Sea Link Approach,MUMBAI_BANDRA,21,6,330,11.7,6.0
Bengaluru,Hebbal Flyover to Airport,ZONE_NORTH,21,6,160,38.1,13.2
Delhi NCR,AIIMS Ring Road Junction,DELHI_SOUTH,7,5,103,24.2,18.6
Delhi NCR,Gurgaon Cyber City Expressway,DELHI_GURGAON,17,1,246,41.1,12.0
Mumbai,Western Express Highway (Andheri),MUMBAI_WEH,22,6,400,42.2,16.3
Bengaluru,Whitefield ITPB Main Road,ZONE_EAST,11,5,315,40.7,10.1
Delhi NCR,AIIMS Ring Road Junction,DELHI_SOUTH,20,5,307,11.9,6.0
Delhi NCR,AIIMS Ring Road Junction,DELHI_SOUTH,6,1,105,11.1,8.5
Bengaluru,Hebbal Flyover to Airport,ZONE_NORTH,12,4,297,45.8,23.7
Bengaluru,Hebbal Flyover to Airport,ZONE_NORTH,21,6,326,20.1,6.0
Bengaluru,M.G. Road Corridor,ZONE_CENTRAL,0,3,450,33.4,10.7
Delhi NCR,Gurgaon Cyber City Expressway,DELHI_GURGAON,4,1,332,49.9,23.6
Bengaluru,Whitefield ITPB Main Road,ZONE_EAST,0,5,446,38.1,12.4
Delhi NCR,Gurgaon Cyber City Expressway,DELHI_GURGAON,7,4,399,39.8,15.4
Bengaluru,Hebbal Flyover to Airport,ZONE_NORTH,10,1,370,43.5,9.2
Delhi NCR,Gurgaon Cyber City Expressway,DELHI_GURGAON,12,2,345,42.6,19.4
Bengaluru,Central Silk Board Junction,ZONE_SOUTH,20,0,107,49.0,18.7
Delhi NCR,AIIMS Ring Road Junction,DELHI_SOUTH,23,3,322,23.8,11.6
Bengaluru,M.G. Road Corridor,ZONE_CENTRAL,18,1,432,36.3,6.3
Mumbai,Western Express Highway (Andheri),MUMBAI_WEH,13,5,84,21.0,16.6
Delhi NCR,AIIMS Ring Road Junction,DELHI_SOUTH,0,2,334,37.5,17.6
Bengaluru,Hebbal Flyover to Airport,ZONE_NORTH,5,0,239,19.4,11.5
Mumbai,Bandra-Worli Sea Link Approach,MUMBAI_BANDRA,19,3,194,18.8,6.1
Mumbai,Western Express Highway (Andheri),MUMBAI_WEH,21,5,397,46.5,9.1
Bengaluru,M.G. Road Corridor,ZONE_CENTRAL,4,3,309,31.9,16.0
Mumbai,Western Express Highway (Andheri),MUMBAI_WEH,23,0,217,37.1,23.0
Delhi NCR,Gurgaon Cyber City Expressway,DELHI_GURGAON,5,3,463,32.1,9.8
Bengaluru,M.G. Road Corridor,ZONE_CENTRAL,18,6,160,14.9,6.0
Bengaluru,Hebbal Flyover to Airport,ZONE_NORTH,8,0,402,35.7,6.8
Bengaluru,Hebbal Flyover to Airport,ZONE_NORTH,2,6,134,48.9,35.6
Bengaluru,Hebbal Flyover to Airport,ZONE_NORTH,17,5,284,33.0,8.8
Bengaluru,Central Silk Board Junction,ZONE_SOUTH,10,3,78,26.5,10.6
Delhi NCR,Gurgaon Cyber City Expressway,DELHI_GURGAON,17,6,75,20.5,8.2
Bengaluru,Hebbal Flyover to Airport,ZONE_NORTH,5,6,388,49.0,19.7
Bengaluru,Central Silk Board Junction,ZONE_SOUTH,21,4,144,44.5,15.9
Mumbai,Western Express Highway (Andheri),MUMBAI_WEH,5,5,246,38.1,22.2
Mumbai,Bandra-Worli Sea Link Approach,MUMBAI_BANDRA,2,5,86,42.5,33.6
Delhi NCR,AIIMS Ring Road Junction,DELHI_SOUTH,6,1,456,44.1,13.8
Bengaluru,M.G. Road Corridor,ZONE_CENTRAL,14,6,434,40.5,13.9
Delhi NCR,AIIMS Ring Road Junction,DELHI_SOUTH,16,5,330,45.8,21.8
Delhi NCR,Gurgaon Cyber City Expressway,DELHI_GURGAON,11,0,454,34.8,6.0
Mumbai,Bandra-Worli Sea Link Approach,MUMBAI_BANDRA,5,6,298,21.1,10.9
Bengaluru,M.G. Road Corridor,ZONE_CENTRAL,12,4,246,43.1,25.2
Delhi NCR,Gurgaon Cyber City Expressway,DELHI_GURGAON,11,1,164,40.9,14.1
Bengaluru,M.G. Road Corridor,ZONE_CENTRAL,21,5,91,14.2,6.0
Bengaluru,Central Silk Board Junction,ZONE_SOUTH,19,5,451,40.2,6.4
Bengaluru,Whitefield ITPB Main Road,ZONE_EAST,13,0,156,24.6,17.2
Bengaluru,Central Silk Board Junction,ZONE_SOUTH,18,4,329,14.7,6.0
Delhi NCR,AIIMS Ring Road Junction,DELHI_SOUTH,20,5,80,21.2,8.4
Bengaluru,Whitefield ITPB Main Road,ZONE_EAST,22,3,451,40.3,12.9
Bengaluru,Central Silk Board Junction,ZONE_SOUTH,6,2,406,13.6,6.0
Mumbai,Western Express Highway (Andheri),MUMBAI_WEH,8,0,365,26.6,6.0
Mumbai,Western Express Highway (Andheri),MUMBAI_WEH,21,4,160,23.1,8.0
Bengaluru,Central Silk Board Junction,ZONE_SOUTH,20,5,320,48.2,11.8
Mumbai,Bandra-Worli Sea Link Approach,MUMBAI_BANDRA,12,1,223,49.8,30.5
Mumbai,Western Express Highway (Andheri),MUMBAI_WEH,3,4,467,38.0,11.4
Delhi NCR,Gurgaon Cyber City Expressway,DELHI_GURGAON,11,6,324,30.7,7.4
Bengaluru,M.G. Road Corridor,ZONE_CENTRAL,22,4,463,8.3,6.0
Delhi NCR,AIIMS Ring Road Junction,DELHI_SOUTH,18,5,189,17.7,6.0
Mumbai,Bandra-Worli Sea Link Approach,MUMBAI_BANDRA,21,2,416,40.0,7.3
Bengaluru,Central Silk Board Junction,ZONE_SOUTH,17,2,260,11.2,6.0
Delhi NCR,AIIMS Ring Road Junction,DELHI_SOUTH,5,2,235,15.9,9.5
Bengaluru,Central Silk Board Junction,ZONE_SOUTH,13,2,116,33.1,24.9
Bengaluru,Whitefield ITPB Main Road,ZONE_EAST,16,3,472,43.8,12.8
Delhi NCR,Gurgaon Cyber City Expressway,DELHI_GURGAON,21,6,183,31.3,10.4
Bengaluru,Whitefield ITPB Main Road,ZONE_EAST,14,0,190,45.3,29.7
Delhi NCR,AIIMS Ring Road Junction,DELHI_SOUTH,11,2,222,14.2,6.0
Mumbai,Western Express Highway (Andheri),MUMBAI_WEH,2,5,454,16.8,6.0
Delhi NCR,Gurgaon Cyber City Expressway,DELHI_GURGAON,22,6,367,38.4,16.4
Mumbai,Bandra-Worli Sea Link Approach,MUMBAI_BANDRA,20,5,434,26.7,6.0
Delhi NCR,Gurgaon Cyber City Expressway,DELHI_GURGAON,21,5,410,26.9,6.0
Mumbai,Western Express Highway (Andheri),MUMBAI_WEH,8,6,310,42.9,10.8
Delhi NCR,Gurgaon Cyber City Expressway,DELHI_GURGAON,21,6,347,20.0,6.0
Delhi NCR,Gurgaon Cyber City Expressway,DELHI_GURGAON,15,2,389,43.9,17.6
Mumbai,Western Express Highway (Andheri),MUMBAI_WEH,20,0,271,28.9,8.0
Bengaluru,Hebbal Flyover to Airport,ZONE_NORTH,4,5,411,26.3,9.8
Delhi NCR,Gurgaon Cyber City Expressway,DELHI_GURGAON,16,4,448,10.0,6.0
Delhi NCR,AIIMS Ring Road Junction,DELHI_SOUTH,3,5,417,33.8,12.3
Bengaluru,Whitefield ITPB Main Road,ZONE_EAST,9,1,306,35.3,8.9
Bengaluru,Whitefield ITPB Main Road,ZONE_EAST,11,6,91,41.4,16.2
Bengaluru,Hebbal Flyover to Airport,ZONE_NORTH,21,3,309,48.5,12.2
Bengaluru,M.G. Road Corridor,ZONE_CENTRAL,10,1,126,9.1,6.0
Bengaluru,Central Silk Board Junction,ZONE_SOUTH,23,6,72,43.2,34.9
Delhi NCR,AIIMS Ring Road Junction,DELHI_SOUTH,20,4,216,37.4,11.6
Delhi NCR,Gurgaon Cyber City Expressway,DELHI_GURGAON,6,5,169,47.4,32.4
Delhi NCR,AIIMS Ring Road Junction,DELHI_SOUTH,16,0,202,48.1,30.8
Delhi NCR,AIIMS Ring Road Junction,DELHI_SOUTH,3,1,218,18.3,11.3
Bengaluru,Whitefield ITPB Main Road,ZONE_EAST,6,0,370,27.8,11.8
Bengaluru,Central Silk Board Junction,ZONE_SOUTH,16,2,401,22.2,8.5
Bengaluru,Central Silk Board Junction,ZONE_SOUTH,13,4,52,27.3,22.7
Mumbai,Bandra-Worli Sea Link Approach,MUMBAI_BANDRA,0,6,389,14.7,6.0
Bengaluru,Hebbal Flyover to Airport,ZONE_NORTH,20,3,372,11.6,6.0
Mumbai,Western Express Highway (Andheri),MUMBAI_WEH,1,6,106,11.8,9.0
Mumbai,Western Express Highway (Andheri),MUMBAI_WEH,10,5,177,10.3,6.0
Bengaluru,Whitefield ITPB Main Road,ZONE_EAST,13,6,436,36.8,12.5
Bengaluru,Hebbal Flyover to Airport,ZONE_NORTH,0,2,55,48.0,39.8
Delhi NCR,AIIMS Ring Road Junction,DELHI_SOUTH,4,2,391,23.5,9.3
Mumbai,Western Express Highway (Andheri),MUMBAI_WEH,18,1,317,11.7,6.0
Mumbai,Western Express Highway (Andheri),MUMBAI_WEH,3,6,404,42.2,16.1
Bengaluru,Whitefield ITPB Main Road,ZONE_EAST,1,4,434,45.0,15.4
Bengaluru,Central Silk Board Junction,ZONE_SOUTH,19,3,132,26.0,9.5
Mumbai,Western Express Highway (Andheri),MUMBAI_WEH,14,3,69,26.3,21.3
Delhi NCR,Gurgaon Cyber City Expressway,DELHI_GURGAON,11,5,349,17.5,6.0
Delhi NCR,AIIMS Ring Road Junction,DELHI_SOUTH,11,2,353,32.4,7.2
Bengaluru,Whitefield ITPB Main Road,ZONE_EAST,4,6,124,46.3,34.3
Bengaluru,M.G. Road Corridor,ZONE_CENTRAL,21,0,204,17.7,6.0
Bengaluru,Hebbal Flyover to Airport,ZONE_NORTH,21,2,157,24.3,8.5
Mumbai,Western Express Highway (Andheri),MUMBAI_WEH,22,3,367,15.9,6.8
Bengaluru,Hebbal Flyover to Airport,ZONE_NORTH,0,4,422,27.5,9.8
Bengaluru,Hebbal Flyover to Airport,ZONE_NORTH,19,4,277,24.2,6.6
Delhi NCR,AIIMS Ring Road Junction,DELHI_SOUTH,1,5,339,40.3,18.7
Bengaluru,Central Silk Board Junction,ZONE_SOUTH,17,4,317,29.9,7.4
Mumbai,Western Express Highway (Andheri),MUMBAI_WEH,4,4,250,45.5,26.3
Mumbai,Bandra-Worli Sea Link Approach,MUMBAI_BANDRA,1,0,224,41.5,25.4
Bengaluru,Central Silk Board Junction,ZONE_SOUTH,10,1,455,12.1,6.0
Bengaluru,Whitefield ITPB Main Road,ZONE_EAST,7,4,180,45.6,30.5
Bengaluru,Central Silk Board Junction,ZONE_SOUTH,8,0,281,36.1,9.7
Mumbai,Western Express Highway (Andheri),MUMBAI_WEH,20,2,219,8.7,6.0
Bengaluru,Hebbal Flyover to Airport,ZONE_NORTH,18,1,212,8.6,6.0
Delhi NCR,AIIMS Ring Road Junction,DELHI_SOUTH,1,6,152,45.1,31.8
Delhi NCR,Gurgaon Cyber City Expressway,DELHI_GURGAON,12,5,114,42.4,31.9
Bengaluru,Central Silk Board Junction,ZONE_SOUTH,19,4,423,22.5,6.0
Mumbai,Western Express Highway (Andheri),MUMBAI_WEH,10,6,289,46.8,12.4
Mumbai,Western Express Highway (Andheri),MUMBAI_WEH,1,1,295,30.3,15.8
Mumbai,Western Express Highway (Andheri),MUMBAI_WEH,21,0,326,11.8,6.0
Bengaluru,Central Silk Board Junction,ZONE_SOUTH,5,2,114,34.0,25.6
Bengaluru,Hebbal Flyover to Airport,ZONE_NORTH,2,1,185,28.0,18.5
Delhi NCR,AIIMS Ring Road Junction,DELHI_SOUTH,0,0,480,38.0,10.7
Bengaluru,Central Silk Board Junction,ZONE_SOUTH,11,2,140,13.1,6.0
Mumbai,Western Express Highway (Andheri),MUMBAI_WEH,0,4,357,43.8,19.3
Bengaluru,Hebbal Flyover to Airport,ZONE_NORTH,8,0,391,31.3,6.2
Bengaluru,M.G. Road Corridor,ZONE_CENTRAL,18,2,61,19.5,8.0
Mumbai,Bandra-Worli Sea Link Approach,MUMBAI_BANDRA,5,0,101,14.9,11.5
Bengaluru,Hebbal Flyover to Airport,ZONE_NORTH,8,2,106,14.5,6.0
Mumbai,Bandra-Worli Sea Link Approach,MUMBAI_BANDRA,23,0,190,30.6,20.1
Bengaluru,Hebbal Flyover to Airport,ZONE_NORTH,15,5,447,29.2,9.5
Bengaluru,Whitefield ITPB Main Road,ZONE_EAST,7,4,435,24.4,8.3
Bengaluru,Central Silk Board Junction,ZONE_SOUTH,8,5,439,34.2,6.0
Delhi NCR,AIIMS Ring Road Junction,DELHI_SOUTH,23,0,79,26.2,20.9
Mumbai,Western Express Highway (Andheri),MUMBAI_WEH,14,3,82,28.0,22.2
Delhi NCR,AIIMS Ring Road Junction,DELHI_SOUTH,23,6,295,13.9,7.2
Bengaluru,Whitefield ITPB Main Road,ZONE_EAST,21,1,293,33.0,8.6
Bengaluru,Whitefield ITPB Main Road,ZONE_EAST,14,4,436,45.8,15.5
Bengaluru,Hebbal Flyover to Airport,ZONE_NORTH,4,3,280,44.6,24.1
Bengaluru,Hebbal Flyover to Airport,ZONE_NORTH,4,6,184,49.4,32.8
Delhi NCR,Gurgaon Cyber City Expressway,DELHI_GURGAON,17,5,167,41.3,14.2
Bengaluru,M.G. Road Corridor,ZONE_CENTRAL,19,3,423,49.7,8.9
Bengaluru,Whitefield ITPB Main Road,ZONE_EAST,13,5,285,20.6,11.0
Delhi NCR,AIIMS Ring Road Junction,DELHI_SOUTH,20,2,428,20.8,6.0
Bengaluru,M.G. Road Corridor,ZONE_CENTRAL,23,1,443,25.5,8.4
Delhi NCR,Gurgaon Cyber City Expressway,DELHI_GURGAON,12,1,413,18.9,7.0
Bengaluru,Whitefield ITPB Main Road,ZONE_EAST,11,5,355,12.2,6.0
Bengaluru,Central Silk Board Junction,ZONE_SOUTH,14,5,68,22.1,18.0
Bengaluru,Hebbal Flyover to Airport,ZONE_NORTH,1,1,343,13.1,6.0
Bengaluru,Whitefield ITPB Main Road,ZONE_EAST,5,3,461,19.9,6.1
Bengaluru,M.G. Road Corridor,ZONE_CENTRAL,22,1,191,24.0,15.7
Bengaluru,Hebbal Flyover to Airport,ZONE_NORTH,22,0,105,27.3,20.9
Delhi NCR,AIIMS Ring Road Junction,DELHI_SOUTH,17,1,173,49.5,16.8
Mumbai,Western Express Highway (Andheri),MUMBAI_WEH,0,1,216,18.3,11.4
Bengaluru,Whitefield ITPB Main Road,ZONE_EAST,9,3,185,41.1,13.6
Mumbai,Western Express Highway (Andheri),MUMBAI_WEH,15,5,280,14.0,7.6
Delhi NCR,Gurgaon Cyber City Expressway,DELHI_GURGAON,19,5,144,49.4,17.7
Bengaluru,M.G. Road Corridor,ZONE_CENTRAL,9,1,220,40.0,12.3
Bengaluru,Hebbal Flyover to Airport,ZONE_NORTH,5,0,282,31.0,16.7
Bengaluru,Central Silk Board Junction,ZONE_SOUTH,4,1,413,22.0,8.1
Bengaluru,Central Silk Board Junction,ZONE_SOUTH,7,6,150,43.3,30.6
Delhi NCR,Gurgaon Cyber City Expressway,DELHI_GURGAON,0,0,340,27.8,12.9
Delhi NCR,AIIMS Ring Road Junction,DELHI_SOUTH,19,0,257,10.7,6.0
Delhi NCR,Gurgaon Cyber City Expressway,DELHI_GURGAON,0,2,230,20.1,12.1
Delhi NCR,AIIMS Ring Road Junction,DELHI_SOUTH,7,2,202,21.9,14.0
Delhi NCR,Gurgaon Cyber City Expressway,DELHI_GURGAON,15,2,352,39.7,17.8
Bengaluru,Hebbal Flyover to Airport,ZONE_NORTH,5,5,51,24.0,20.0
Bengaluru,Central Silk Board Junction,ZONE_SOUTH,12,6,372,20.0,8.4
Mumbai,Western Express Highway (Andheri),MUMBAI_WEH,10,0,159,29.9,10.4
Mumbai,Western Express Highway (Andheri),MUMBAI_WEH,0,1,456,17.4,6.0
Mumbai,Bandra-Worli Sea Link Approach,MUMBAI_BANDRA,6,1,457,13.2,6.0
Mumbai,Bandra-Worli Sea Link Approach,MUMBAI_BANDRA,16,2,83,15.0,11.9
Delhi NCR,Gurgaon Cyber City Expressway,DELHI_GURGAON,8,4,437,24.3,6.0
Delhi NCR,AIIMS Ring Road Junction,DELHI_SOUTH,3,1,405,20.4,7.7
Delhi NCR,AIIMS Ring Road Junction,DELHI_SOUTH,1,3,322,35.5,17.3
Delhi NCR,AIIMS Ring Road Junction,DELHI_SOUTH,8,5,57,15.9,6.6
Mumbai,Western Express Highway (Andheri),MUMBAI_WEH,22,6,50,35.1,29.3
Bengaluru,Central Silk Board Junction,ZONE_SOUTH,13,0,56,8.6,7.1
Delhi NCR,AIIMS Ring Road Junction,DELHI_SOUTH,19,6,273,48.9,13.4
Bengaluru,Whitefield ITPB Main Road,ZONE_EAST,10,6,390,21.9,6.0
Delhi NCR,AIIMS Ring Road Junction,DELHI_SOUTH,0,0,56,19.1,15.8
Bengaluru,Whitefield ITPB Main Road,ZONE_EAST,7,3,170,29.6,20.2
Bengaluru,Whitefield ITPB Main Road,ZONE_EAST,8,5,354,37.3,8.3
Mumbai,Bandra-Worli Sea Link Approach,MUMBAI_BANDRA,8,5,138,45.2,16.3
Mumbai,Bandra-Worli Sea Link Approach,MUMBAI_BANDRA,17,0,426,35.8,6.3
Bengaluru,M.G. Road Corridor,ZONE_CENTRAL,16,5,289,46.2,24.4
Bengaluru,Whitefield ITPB Main Road,ZONE_EAST,20,2,162,45.6,15.8
Mumbai,Western Express Highway (Andheri),MUMBAI_WEH,9,1,190,47.9,15.7
Bengaluru,M.G. Road Corridor,ZONE_CENTRAL,15,0,76,44.9,36.0
Bengaluru,Hebbal Flyover to Airport,ZONE_NORTH,15,6,54,36.3,30.1
Delhi NCR,AIIMS Ring Road Junction,DELHI_SOUTH,14,1,143,16.2,11.6
Bengaluru,Hebbal Flyover to Airport,ZONE_NORTH,6,0,269,49.9,27.7
Bengaluru,Hebbal Flyover to Airport,ZONE_NORTH,0,4,335,21.5,10.1
Delhi NCR,Gurgaon Cyber City Expressway,DELHI_GURGAON,4,4,361,20.6,9.0
Bengaluru,Central Silk Board Junction,ZONE_SOUTH,22,5,337,20.8,9.7
Mumbai,Western Express Highway (Andheri),MUMBAI_WEH,18,4,171,19.2,6.5
Delhi NCR,AIIMS Ring Road Junction,DELHI_SOUTH,8,1,403,29.8,6.0
Delhi NCR,Gurgaon Cyber City Expressway,DELHI_GURGAON,9,1,78,23.7,9.5
Delhi NCR,Gurgaon Cyber City Expressway,DELHI_GURGAON,7,5,176,47.9,32.3
Mumbai,Bandra-Worli Sea Link Approach,MUMBAI_BANDRA,6,6,131,42.1,30.8
Delhi NCR,Gurgaon Cyber City Expressway,DELHI_GURGAON,3,6,95,24.5,19.1
Bengaluru,Central Silk Board Junction,ZONE_SOUTH,6,1,214,49.9,31.2
Mumbai,Western Express Highway (Andheri),MUMBAI_WEH,3,4,291,43.4,22.8
Mumbai,Bandra-Worli Sea Link Approach,MUMBAI_BANDRA,12,4,247,25.6,14.9
Mumbai,Bandra-Worli Sea Link Approach,MUMBAI_BANDRA,23,3,276,9.9,6.0
Mumbai,Bandra-Worli Sea Link Approach,MUMBAI_BANDRA,23,4,347,45.0,20.4
Bengaluru,M.G. Road Corridor,ZONE_CENTRAL,22,3,66,43.0,35.1
Mumbai,Western Express Highway (Andheri),MUMBAI_WEH,14,3,395,33.0,12.9
Delhi NCR,Gurgaon Cyber City Expressway,DELHI_GURGAON,12,3,305,34.5,17.5
Mumbai,Western Express Highway (Andheri),MUMBAI_WEH,11,2,233,47.1,14.1
Delhi NCR,Gurgaon Cyber City Expressway,DELHI_GURGAON,23,1,379,45.8,18.9
Bengaluru,M.G. Road Corridor,ZONE_CENTRAL,5,1,341,29.3,13.5
Mumbai,Bandra-Worli Sea Link Approach,MUMBAI_BANDRA,0,1,172,14.7,10.0
Bengaluru,Central Silk Board Junction,ZONE_SOUTH,21,6,391,15.0,6.0
Bengaluru,Hebbal Flyover to Airport,ZONE_NORTH,21,3,343,10.3,6.0
Mumbai,Bandra-Worli Sea Link Approach,MUMBAI_BANDRA,11,0,206,15.0,6.0
Bengaluru,M.G. Road Corridor,ZONE_CENTRAL,0,6,165,41.6,28.6
Bengaluru,M.G. Road Corridor,ZONE_CENTRAL,10,1,215,29.2,9.1
Bengaluru,Central Silk Board Junction,ZONE_SOUTH,17,0,89,11.2,6.0
Bengaluru,M.G. Road Corridor,ZONE_CENTRAL,10,0,428,41.6,7.3
Mumbai,Bandra-Worli Sea Link Approach,MUMBAI_BANDRA,14,2,259,38.8,22.0
Delhi NCR,AIIMS Ring Road Junction,DELHI_SOUTH,9,3,123,39.9,14.8
Delhi NCR,AIIMS Ring Road Junction,DELHI_SOUTH,3,6,462,36.2,11.1
Bengaluru,M.G. Road Corridor,ZONE_CENTRAL,7,6,350,48.2,21.7
Mumbai,Bandra-Worli Sea Link Approach,MUMBAI_BANDRA,15,1,353,48.8,21.8
Mumbai,Western Express Highway (Andheri),MUMBAI_WEH,3,2,274,29.1,15.9
Mumbai,Western Express Highway (Andheri),MUMBAI_WEH,22,1,190,22.6,14.8
Bengaluru,Hebbal Flyover to Airport,ZONE_NORTH,18,2,283,37.0,9.9
Mumbai,Bandra-Worli Sea Link Approach,MUMBAI_BANDRA,8,4,155,43.0,15.1
Bengaluru,Hebbal Flyover to Airport,ZONE_NORTH,9,3,176,23.2,7.8
Mumbai,Bandra-Worli Sea Link Approach,MUMBAI_BANDRA,18,2,390,20.7,6.0
Mumbai,Western Express Highway (Andheri),MUMBAI_WEH,1,6,344,40.4,18.5
Delhi NCR,AIIMS Ring Road Junction,DELHI_SOUTH,16,0,275,9.1,6.0
Bengaluru,Whitefield ITPB Main Road,ZONE_EAST,23,3,74,37.4,30.1
Bengaluru,M.G. Road Corridor,ZONE_CENTRAL,21,5,218,14.8,6.0
Bengaluru,Whitefield ITPB Main Road,ZONE_EAST,23,0,272,49.9,27.5
Bengaluru,M.G. Road Corridor,ZONE_CENTRAL,22,3,275,24.3,13.3
Delhi NCR,AIIMS Ring Road Junction,DELHI_SOUTH,8,4,234,15.0,6.0
Bengaluru,Hebbal Flyover to Airport,ZONE_NORTH,20,0,220,32.7,10.1
Bengaluru,Hebbal Flyover to Airport,ZONE_NORTH,15,4,101,35.9,27.6
Bengaluru,M.G. Road Corridor,ZONE_CENTRAL,20,1,75,46.4,18.6
Bengaluru,M.G. Road Corridor,ZONE_CENTRAL,1,5,177,43.3,29.1
Delhi NCR,AIIMS Ring Road Junction,DELHI_SOUTH,19,4,122,10.6,6.0
Mumbai,Bandra-Worli Sea Link Approach,MUMBAI_BANDRA,21,4,325,36.0,8.7
Delhi NCR,Gurgaon Cyber City Expressway,DELHI_GURGAON,12,4,91,45.9,35.9
Delhi NCR,AIIMS Ring Road Junction,DELHI_SOUTH,8,4,234,13.6,6.0
Bengaluru,M.G. Road Corridor,ZONE_CENTRAL,3,2,431,22.4,7.7
Bengaluru,M.G. Road Corridor,ZONE_CENTRAL,3,6,131,20.4,14.9
Bengaluru,Hebbal Flyover to Airport,ZONE_NORTH,8,3,130,45.7,16.7
Bengaluru,Hebbal Flyover to Airport,ZONE_NORTH,8,2,366,19.0,6.0
Mumbai,Western Express Highway (Andheri),MUMBAI_WEH,20,5,343,14.5,6.0
Bengaluru,M.G. Road Corridor,ZONE_CENTRAL,18,3,322,13.4,6.0
Mumbai,Western Express Highway (Andheri),MUMBAI_WEH,16,1,264,40.0,22.4
Mumbai,Bandra-Worli Sea Link Approach,MUMBAI_BANDRA,9,5,451,31.6,6.0
Bengaluru,Hebbal Flyover to Airport,ZONE_NORTH,11,1,147,45.3,16.1
Bengaluru,Hebbal Flyover to Airport,ZONE_NORTH,23,1,394,48.4,19.0
Bengaluru,Whitefield ITPB Main Road,ZONE_EAST,23,3,419,20.3,7.3
Mumbai,Bandra-Worli Sea Link Approach,MUMBAI_BANDRA,5,6,441,20.2,6.7
Bengaluru,Central Silk Board Junction,ZONE_SOUTH,11,1,163,11.0,6.0
Bengaluru,Central Silk Board Junction,ZONE_SOUTH,15,6,150,10.9,7.7
Bengaluru,Central Silk Board Junction,ZONE_SOUTH,22,5,249,30.4,17.6
Delhi NCR,AIIMS Ring Road Junction,DELHI_SOUTH,15,2,479,27.2,7.7
Delhi NCR,AIIMS Ring Road Junction,DELHI_SOUTH,5,6,278,14.2,7.7
Mumbai,Western Express Highway (Andheri),MUMBAI_WEH,11,3,248,39.6,11.5
Mumbai,Western Express Highway (Andheri),MUMBAI_WEH,7,0,270,13.9,7.7
Bengaluru,M.G. Road Corridor,ZONE_CENTRAL,15,0,349,23.6,10.7
Delhi NCR,AIIMS Ring Road Junction,DELHI_SOUTH,19,6,283,35.8,9.6
Delhi NCR,AIIMS Ring Road Junction,DELHI_SOUTH,19,6,268,18.8,6.0
Mumbai,Bandra-Worli Sea Link Approach,MUMBAI_BANDRA,10,2,247,48.2,14.0
Bengaluru,Hebbal Flyover to Airport,ZONE_NORTH,22,0,158,29.2,20.3
Delhi NCR,Gurgaon Cyber City Expressway,DELHI_GURGAON,22,0,348,49.3,22.3
Mumbai,Bandra-Worli Sea Link Approach,MUMBAI_BANDRA,11,1,380,12.2,6.0
Mumbai,Bandra-Worli Sea Link Approach,MUMBAI_BANDRA,16,5,401,26.2,10.1
Mumbai,Bandra-Worli Sea Link Approach,MUMBAI_BANDRA,20,3,125,21.6,8.0
Delhi NCR,AIIMS Ring Road Junction,DELHI_SOUTH,22,5,75,46.7,37.5
Bengaluru,Hebbal Flyover to Airport,ZONE_NORTH,21,3,246,42.2,12.3
Delhi NCR,AIIMS Ring Road Junction,DELHI_SOUTH,8,5,466,37.4,6.0
Bengaluru,Whitefield ITPB Main Road,ZONE_EAST,3,0,388,36.6,14.7
Bengaluru,Whitefield ITPB Main Road,ZONE_EAST,22,3,168,9.8,6.7
Bengaluru,Central Silk Board Junction,ZONE_SOUTH,0,1,75,8.6,6.9
Bengaluru,Whitefield ITPB Main Road,ZONE_EAST,13,3,277,38.7,21.0
Delhi NCR,AIIMS Ring Road Junction,DELHI_SOUTH,6,2,165,14.5,10.0
Delhi NCR,Gurgaon Cyber City Expressway,DELHI_GURGAON,4,3,356,14.8,6.5
Mumbai,Western Express Highway (Andheri),MUMBAI_WEH,1,3,150,48.7,34.4
Bengaluru,Central Silk Board Junction,ZONE_SOUTH,12,0,467,21.2,6.4
Bengaluru,Central Silk Board Junction,ZONE_SOUTH,23,5,189,30.1,19.8
Mumbai,Bandra-Worli Sea Link Approach,MUMBAI_BANDRA,23,4,168,19.2,13.1
Delhi NCR,Gurgaon Cyber City Expressway,DELHI_GURGAON,0,5,361,19.7,8.6
Bengaluru,Hebbal Flyover to Airport,ZONE_NORTH,15,1,66,8.1,6.6
Mumbai,Bandra-Worli Sea Link Approach,MUMBAI_BANDRA,16,2,52,27.1,22.6
Bengaluru,Whitefield ITPB Main Road,ZONE_EAST,7,2,290,16.9,8.9
Bengaluru,Central Silk Board Junction,ZONE_SOUTH,17,5,250,18.8,6.0
Mumbai,Western Express Highway (Andheri),MUMBAI_WEH,3,3,399,30.3,11.7
Mumbai,Bandra-Worli Sea Link Approach,MUMBAI_BANDRA,2,3,170,19.9,13.6
Delhi NCR,Gurgaon Cyber City Expressway,DELHI_GURGAON,6,2,293,48.5,25.4
Bengaluru,M.G. Road Corridor,ZONE_CENTRAL,22,5,306,32.7,16.6
Delhi NCR,AIIMS Ring Road Junction,DELHI_SOUTH,1,5,362,43.6,18.9
Bengaluru,M.G. Road Corridor,ZONE_CENTRAL,23,1,421,17.6,6.3
Mumbai,Bandra-Worli Sea Link Approach,MUMBAI_BANDRA,3,3,51,31.8,26.5
Mumbai,Bandra-Worli Sea Link Approach,MUMBAI_BANDRA,9,5,209,27.6,8.7
Bengaluru,Central Silk Board Junction,ZONE_SOUTH,15,5,95,38.6,30.0
Bengaluru,Whitefield ITPB Main Road,ZONE_EAST,0,5,239,28.1,16.7
Mumbai,Bandra-Worli Sea Link Approach,MUMBAI_BANDRA,5,3,366,30.0,12.9
Mumbai,Western Express Highway (Andheri),MUMBAI_WEH,15,0,237,48.2,28.7
Bengaluru,Central Silk Board Junction,ZONE_SOUTH,7,2,223,27.7,17.0
Bengaluru,Central Silk Board Junction,ZONE_SOUTH,18,5,232,16.2,6.0
Mumbai,Bandra-Worli Sea Link Approach,MUMBAI_BANDRA,0,1,144,28.9,20.7
Mumbai,Bandra-Worli Sea Link Approach,MUMBAI_BANDRA,1,1,455,22.2,7.0
Delhi NCR,AIIMS Ring Road Junction,DELHI_SOUTH,11,6,325,12.3,6.0
Bengaluru,Hebbal Flyover to Airport,ZONE_NORTH,0,2,206,27.5,17.5
Bengaluru,Whitefield ITPB Main Road,ZONE_EAST,23,4,473,22.8,6.7
Bengaluru,Hebbal Flyover to Airport,ZONE_NORTH,0,3,453,45.5,14.4
Delhi NCR,AIIMS Ring Road Junction,DELHI_SOUTH,12,3,464,49.5,15.0
Bengaluru,Whitefield ITPB Main Road,ZONE_EAST,15,4,341,44.8,20.7
Bengaluru,Hebbal Flyover to Airport,ZONE_NORTH,9,4,283,28.8,7.7
Mumbai,Bandra-Worli Sea Link Approach,MUMBAI_BANDRA,8,1,62,42.9,17.6
Mumbai,Western Express Highway (Andheri),MUMBAI_WEH,5,5,74,22.1,17.8
Mumbai,Bandra-Worli Sea Link Approach,MUMBAI_BANDRA,17,2,285,13.3,6.0
Bengaluru,Whitefield ITPB Main Road,ZONE_EAST,22,6,65,18.5,15.1
Delhi NCR,AIIMS Ring Road Junction,DELHI_SOUTH,21,6,99,37.3,14.4
Bengaluru,Whitefield ITPB Main Road,ZONE_EAST,21,1,458,26.4,6.0
Delhi NCR,AIIMS Ring Road Junction,DELHI_SOUTH,17,2,284,25.1,6.7
Mumbai,Western Express Highway (Andheri),MUMBAI_WEH,15,0,367,20.7,8.9
Bengaluru,M.G. Road Corridor,ZONE_CENTRAL,8,5,437,46.9,7.9
Bengaluru,M.G. Road Corridor,ZONE_CENTRAL,12,4,250,37.7,21.8
Bengaluru,Central Silk Board Junction,ZONE_SOUTH,21,4,134,49.9,18.2
Bengaluru,M.G. Road Corridor,ZONE_CENTRAL,5,3,367,23.2,9.9
Bengaluru,M.G. Road Corridor,ZONE_CENTRAL,4,3,206,23.7,15.1
Bengaluru,Whitefield ITPB Main Road,ZONE_EAST,17,1,281,44.0,11.9
Bengaluru,Hebbal Flyover to Airport,ZONE_NORTH,0,3,137,27.5,19.9
Mumbai,Bandra-Worli Sea Link Approach,MUMBAI_BANDRA,15,2,192,23.7,15.5
Mumbai,Western Express Highway (Andheri),MUMBAI_WEH,0,0,248,38.4,22.3
Delhi NCR,AIIMS Ring Road Junction,DELHI_SOUTH,18,2,400,47.6,9.2
Mumbai,Bandra-Worli Sea Link Approach,MUMBAI_BANDRA,1,1,212,31.1,19.5
Bengaluru,Hebbal Flyover to Airport,ZONE_NORTH,14,4,415,46.3,17.0
Bengaluru,Central Silk Board Junction,ZONE_SOUTH,22,3,390,17.2,6.9
Delhi NCR,Gurgaon Cyber City Expressway,DELHI_GURGAON,12,5,59,15.8,13.0
Bengaluru,Central Silk Board Junction,ZONE_SOUTH,3,3,138,37.7,27.2
Mumbai,Bandra-Worli Sea Link Approach,MUMBAI_BANDRA,4,3,191,19.3,12.6
Delhi NCR,Gurgaon Cyber City Expressway,DELHI_GURGAON,10,6,327,36.8,8.8
Bengaluru,Whitefield ITPB Main Road,ZONE_EAST,5,5,201,25.4,16.3
Delhi NCR,AIIMS Ring Road Junction,DELHI_SOUTH,12,4,228,19.4,11.8
Delhi NCR,AIIMS Ring Road Junction,DELHI_SOUTH,8,4,84,20.9,8.3
Delhi NCR,Gurgaon Cyber City Expressway,DELHI_GURGAON,20,1,327,46.1,11.1
Mumbai,Western Express Highway (Andheri),MUMBAI_WEH,13,1,248,17.6,10.2
Bengaluru,Hebbal Flyover to Airport,ZONE_NORTH,13,5,99,46.5,35.9
Bengaluru,Whitefield ITPB Main Road,ZONE_EAST,15,6,451,24.9,8.0
Bengaluru,Whitefield ITPB Main Road,ZONE_EAST,11,5,386,21.3,6.0
Bengaluru,Hebbal Flyover to Airport,ZONE_NORTH,22,5,63,32.4,26.5
Bengaluru,Hebbal Flyover to Airport,ZONE_NORTH,16,3,252,22.8,13.1
Bengaluru,Hebbal Flyover to Airport,ZONE_NORTH,14,6,335,20.1,9.4
Bengaluru,Hebbal Flyover to Airport,ZONE_NORTH,5,2,319,49.4,24.2
Mumbai,Bandra-Worli Sea Link Approach,MUMBAI_BANDRA,16,1,72,15.7,12.7
Mumbai,Bandra-Worli Sea Link Approach,MUMBAI_BANDRA,17,0,286,20.7,6.0
Delhi NCR,AIIMS Ring Road Junction,DELHI_SOUTH,2,2,448,25.7,8.3
Delhi NCR,Gurgaon Cyber City Expressway,DELHI_GURGAON,20,3,359,22.6,6.0
Delhi NCR,AIIMS Ring Road Junction,DELHI_SOUTH,18,4,376,19.6,6.0
Mumbai,Bandra-Worli Sea Link Approach,MUMBAI_BANDRA,18,3,82,8.7,6.0
Bengaluru,Whitefield ITPB Main Road,ZONE_EAST,6,4,178,16.6,11.1
Bengaluru,M.G. Road Corridor,ZONE_CENTRAL,8,3,456,21.6,6.0
Delhi NCR,Gurgaon Cyber City Expressway,DELHI_GURGAON,2,3,61,16.0,13.1
Bengaluru,Hebbal Flyover to Airport,ZONE_NORTH,9,4,454,47.6,7.5
Delhi NCR,Gurgaon Cyber City Expressway,DELHI_GURGAON,0,4,354,42.2,18.8
Delhi NCR,AIIMS Ring Road Junction,DELHI_SOUTH,22,4,288,32.7,17.3
Delhi NCR,Gurgaon Cyber City Expressway,DELHI_GURGAON,9,3,450,19.9,6.0
Bengaluru,M.G. Road Corridor,ZONE_CENTRAL,4,1,209,11.8,7.4
Bengaluru,M.G. Road Corridor,ZONE_CENTRAL,11,4,75,9.1,6.0
Delhi NCR,AIIMS Ring Road Junction,DELHI_SOUTH,13,3,238,24.8,14.7
Bengaluru,Central Silk Board Junction,ZONE_SOUTH,7,4,442,28.5,9.5
Bengaluru,M.G. Road Corridor,ZONE_CENTRAL,22,5,430,33.4,11.6
Mumbai,Western Express Highway (Andheri),MUMBAI_WEH,20,4,221,13.4,6.0
Delhi NCR,Gurgaon Cyber City Expressway,DELHI_GURGAON,8,0,206,30.7,9.7
Mumbai,Western Express Highway (Andheri),MUMBAI_WEH,21,2,100,18.9,7.3
Bengaluru,Whitefield ITPB Main Road,ZONE_EAST,18,4,309,46.2,11.6
Bengaluru,Whitefield ITPB Main Road,ZONE_EAST,0,6,233,18.5,11.1
Delhi NCR,AIIMS Ring Road Junction,DELHI_SOUTH,1,4,57,19.5,16.1
Bengaluru,Hebbal Flyover to Airport,ZONE_NORTH,20,6,388,42.2,8.5
Mumbai,Western Express Highway (Andheri),MUMBAI_WEH,6,0,74,16.8,13.5
Bengaluru,Central Silk Board Junction,ZONE_SOUTH,14,3,219,25.4,15.7
Delhi NCR,AIIMS Ring Road Junction,DELHI_SOUTH,13,3,375,42.5,17.8
Bengaluru,Central Silk Board Junction,ZONE_SOUTH,22,6,257,45.6,26.0
Bengaluru,Central Silk Board Junction,ZONE_SOUTH,1,5,318,28.8,14.1
Bengaluru,Central Silk Board Junction,ZONE_SOUTH,17,3,417,27.7,6.0
Delhi NCR,AIIMS Ring Road Junction,DELHI_SOUTH,21,1,89,48.7,19.1
Delhi NCR,Gurgaon Cyber City Expressway,DELHI_GURGAON,4,1,111,47.1,35.7
Bengaluru,Hebbal Flyover to Airport,ZONE_NORTH,9,2,436,11.3,6.0
Mumbai,Western Express Highway (Andheri),MUMBAI_WEH,13,4,98,15.2,11.8
Bengaluru,Hebbal Flyover to Airport,ZONE_NORTH,10,2,329,40.9,9.8
Bengaluru,Hebbal Flyover to Airport,ZONE_NORTH,10,0,131,9.8,6.0
Delhi NCR,Gurgaon Cyber City Expressway,DELHI_GURGAON,22,5,389,28.4,11.4
Bengaluru,M.G. Road Corridor,ZONE_CENTRAL,9,2,318,8.6,6.0
Mumbai,Bandra-Worli Sea Link Approach,MUMBAI_BANDRA,20,4,344,42.7,9.8
Mumbai,Western Express Highway (Andheri),MUMBAI_WEH,19,3,182,25.2,8.4
Mumbai,Western Express Highway (Andheri),MUMBAI_WEH,2,5,211,27.3,17.2
Mumbai,Western Express Highway (Andheri),MUMBAI_WEH,10,3,80,43.2,17.2
Delhi NCR,Gurgaon Cyber City Expressway,DELHI_GURGAON,15,3,454,43.3,13.7
Bengaluru,Whitefield ITPB Main Road,ZONE_EAST,7,2,371,30.6,12.9
Bengaluru,Central Silk Board Junction,ZONE_SOUTH,21,1,328,20.6,6.0
Delhi NCR,Gurgaon Cyber City Expressway,DELHI_GURGAON,9,1,132,11.9,6.0
Bengaluru,M.G. Road Corridor,ZONE_CENTRAL,9,5,127,8.4,6.0
Mumbai,Western Express Highway (Andheri),MUMBAI_WEH,13,4,329,27.9,13.3
Bengaluru,Whitefield ITPB Main Road,ZONE_EAST,18,4,240,28.0,8.3
Delhi NCR,AIIMS Ring Road Junction,DELHI_SOUTH,4,5,441,49.6,16.5
Delhi NCR,Gurgaon Cyber City Expressway,DELHI_GURGAON,0,0,392,21.5,8.5
Bengaluru,Central Silk Board Junction,ZONE_SOUTH,12,0,218,40.0,24.8
Bengaluru,Central Silk Board Junction,ZONE_SOUTH,22,6,270,17.6,9.7
Delhi NCR,AIIMS Ring Road Junction,DELHI_SOUTH,22,6,98,25.0,19.4
Mumbai,Bandra-Worli Sea Link Approach,MUMBAI_BANDRA,5,2,149,36.2,25.6
Bengaluru,Whitefield ITPB Main Road,ZONE_EAST,17,1,279,48.7,13.2
Delhi NCR,AIIMS Ring Road Junction,DELHI_SOUTH,20,1,162,44.0,15.2
Bengaluru,Whitefield ITPB Main Road,ZONE_EAST,3,0,123,34.9,25.9
Delhi NCR,AIIMS Ring Road Junction,DELHI_SOUTH,14,3,133,46.6,34.0
Mumbai,Bandra-Worli Sea Link Approach,MUMBAI_BANDRA,0,1,244,10.3,6.0
Delhi NCR,AIIMS Ring Road Junction,DELHI_SOUTH,6,5,370,49.4,21.0
Mumbai,Western Express Highway (Andheri),MUMBAI_WEH,10,0,295,32.3,8.4
Bengaluru,Hebbal Flyover to Airport,ZONE_NORTH,18,1,66,13.7,6.0
Mumbai,Bandra-Worli Sea Link Approach,MUMBAI_BANDRA,15,0,121,27.5,20.5
Delhi NCR,Gurgaon Cyber City Expressway,DELHI_GURGAON,19,0,331,15.4,6.0
Delhi NCR,Gurgaon Cyber City Expressway,DELHI_GURGAON,10,5,142,25.0,9.0
Mumbai,Western Express Highway (Andheri),MUMBAI_WEH,14,5,93,17.9,14.0
Delhi NCR,Gurgaon Cyber City Expressway,DELHI_GURGAON,13,4,411,12.3,6.0
Bengaluru,Whitefield ITPB Main Road,ZONE_EAST,20,2,362,8.5,6.0
Bengaluru,Central Silk Board Junction,ZONE_SOUTH,18,2,74,16.8,6.8
Mumbai,Western Express Highway (Andheri),MUMBAI_WEH,21,0,307,20.7,6.0
Bengaluru,Central Silk Board Junction,ZONE_SOUTH,17,2,101,18.6,7.2
Mumbai,Western Express Highway (Andheri),MUMBAI_WEH,4,6,280,35.4,19.1
Delhi NCR,Gurgaon Cyber City Expressway,DELHI_GURGAON,1,2,160,36.7,25.5
Delhi NCR,Gurgaon Cyber City Expressway,DELHI_GURGAON,23,4,449,11.1,6.0
Bengaluru,Hebbal Flyover to Airport,ZONE_NORTH,6,4,398,47.3,18.4
Bengaluru,Whitefield ITPB Main Road,ZONE_EAST,0,4,59,44.6,36.8
Bengaluru,Whitefield ITPB Main Road,ZONE_EAST,6,3,402,48.4,18.5
Bengaluru,Central Silk Board Junction,ZONE_SOUTH,2,2,197,32.3,20.9
Bengaluru,Hebbal Flyover to Airport,ZONE_NORTH,16,2,188,27.9,18.4
Bengaluru,Hebbal Flyover to Airport,ZONE_NORTH,18,3,134,31.6,11.5
Bengaluru,M.G. Road Corridor,ZONE_CENTRAL,8,1,171,46.2,15.7
Mumbai,Western Express Highway (Andheri),MUMBAI_WEH,17,1,176,32.7,11.0
Mumbai,Bandra-Worli Sea Link Approach,MUMBAI_BANDRA,19,4,409,22.1,6.0
Mumbai,Bandra-Worli Sea Link Approach,MUMBAI_BANDRA,17,0,273,39.8,10.9
Bengaluru,Whitefield ITPB Main Road,ZONE_EAST,5,1,176,40.9,27.6
Mumbai,Western Express Highway (Andheri),MUMBAI_WEH,20,2,138,18.1,6.5
Delhi NCR,AIIMS Ring Road Junction,DELHI_SOUTH,4,0,188,16.8,11.1
Delhi NCR,Gurgaon Cyber City Expressway,DELHI_GURGAON,12,2,352,27.1,12.1
Bengaluru,Hebbal Flyover to Airport,ZONE_NORTH,19,6,232,16.7,6.0
Mumbai,Bandra-Worli Sea Link Approach,MUMBAI_BANDRA,6,4,273,36.9,20.3
Mumbai,Western Express Highway (Andheri),MUMBAI_WEH,5,2,77,9.9,7.9
Mumbai,Western Express Highway (Andheri),MUMBAI_WEH,0,2,201,31.8,20.4
Bengaluru,Central Silk Board Junction,ZONE_SOUTH,9,4,445,38.0,6.2
Delhi NCR,AIIMS Ring Road Junction,DELHI_SOUTH,23,1,305,45.3,23.0
Mumbai,Bandra-Worli Sea Link Approach,MUMBAI_BANDRA,23,4,461,48.9,15.0
Bengaluru,Whitefield ITPB Main Road,ZONE_EAST,1,6,117,12.1,9.1
Mumbai,Western Express Highway (Andheri),MUMBAI_WEH,9,4,395,16.4,6.0
Mumbai,Bandra-Worli Sea Link Approach,MUMBAI_BANDRA,12,4,268,42.3,23.5
Bengaluru,M.G. Road Corridor,ZONE_CENTRAL,11,6,459,35.2,6.0
Bengaluru,Central Silk Board Junction,ZONE_SOUTH,18,1,315,28.3,7.0
Delhi NCR,Gurgaon Cyber City Expressway,DELHI_GURGAON,6,6,216,36.6,22.8
Bengaluru,Whitefield ITPB Main Road,ZONE_EAST,18,4,218,49.9,15.5
Bengaluru,Hebbal Flyover to Airport,ZONE_NORTH,3,4,405,39.3,14.9
Delhi NCR,Gurgaon Cyber City Expressway,DELHI_GURGAON,23,2,330,42.2,20.1
Bengaluru,Hebbal Flyover to Airport,ZONE_NORTH,7,1,453,36.3,11.5
Delhi NCR,Gurgaon Cyber City Expressway,DELHI_GURGAON,7,4,274,28.9,15.8
Bengaluru,Central Silk Board Junction,ZONE_SOUTH,16,5,145,24.0,17.1
Bengaluru,Hebbal Flyover to Airport,ZONE_NORTH,15,3,110,20.1,15.2
Mumbai,Bandra-Worli Sea Link Approach,MUMBAI_BANDRA,21,2,77,13.7,6.0
Bengaluru,M.G. Road Corridor,ZONE_CENTRAL,13,3,248,9.6,6.0
Bengaluru,Whitefield ITPB Main Road,ZONE_EAST,14,5,418,35.8,13.0
Delhi NCR,Gurgaon Cyber City Expressway,DELHI_GURGAON,23,0,195,21.7,14.1
Bengaluru,Hebbal Flyover to Airport,ZONE_NORTH,20,6,198,42.7,13.8
Bengaluru,Whitefield ITPB Main Road,ZONE_EAST,22,2,59,10.2,8.4
Mumbai,Western Express Highway (Andheri),MUMBAI_WEH,12,3,322,28.5,13.9
Mumbai,Western Express Highway (Andheri),MUMBAI_WEH,15,4,285,45.8,24.4
Delhi NCR,AIIMS Ring Road Junction,DELHI_SOUTH,12,1,314,17.3,8.6
Mumbai,Bandra-Worli Sea Link Approach,MUMBAI_BANDRA,23,5,62,34.6,28.4
Delhi NCR,AIIMS Ring Road Junction,DELHI_SOUTH,8,3,392,21.5,6.0
Delhi NCR,AIIMS Ring Road Junction,DELHI_SOUTH,10,1,210,13.3,6.0
Mumbai,Bandra-Worli Sea Link Approach,MUMBAI_BANDRA,9,4,385,37.6,7.6
Delhi NCR,AIIMS Ring Road Junction,DELHI_SOUTH,18,4,155,14.3,6.0
Delhi NCR,AIIMS Ring Road Junction,DELHI_SOUTH,7,0,212,20.9,13.1
Mumbai,Western Express Highway (Andheri),MUMBAI_WEH,21,3,356,39.8,8.8
Delhi NCR,AIIMS Ring Road Junction,DELHI_SOUTH,22,2,361,29.8,13.0
Delhi NCR,Gurgaon Cyber City Expressway,DELHI_GURGAON,15,4,242,8.1,6.0
Delhi NCR,AIIMS Ring Road Junction,DELHI_SOUTH,19,1,365,31.0,6.7
Bengaluru,Hebbal Flyover to Airport,ZONE_NORTH,3,4,145,49.1,35.0
Mumbai,Western Express Highway (Andheri),MUMBAI_WEH,4,2,64,45.7,37.4
Bengaluru,Central Silk Board Junction,ZONE_SOUTH,7,4,192,49.8,32.5
Bengaluru,Hebbal Flyover to Airport,ZONE_NORTH,9,0,174,13.7,6.0
Mumbai,Bandra-Worli Sea Link Approach,MUMBAI_BANDRA,2,4,213,42.7,26.7
Delhi NCR,Gurgaon Cyber City Expressway,DELHI_GURGAON,15,1,459,28.2,8.7
Delhi NCR,AIIMS Ring Road Junction,DELHI_SOUTH,22,6,223,45.2,27.7
Bengaluru,Whitefield ITPB Main Road,ZONE_EAST,5,4,217,45.4,28.2
Bengaluru,Central Silk Board Junction,ZONE_SOUTH,0,3,409,34.4,12.9
Mumbai,Western Express Highway (Andheri),MUMBAI_WEH,12,2,90,46.7,36.6
Mumbai,Western Express Highway (Andheri),MUMBAI_WEH,21,4,387,43.0,8.7
Bengaluru,Whitefield ITPB Main Road,ZONE_EAST,23,6,275,16.4,9.0
Mumbai,Western Express Highway (Andheri),MUMBAI_WEH,4,1,197,47.0,30.4
Delhi NCR,Gurgaon Cyber City Expressway,DELHI_GURGAON,22,3,181,10.1,6.7
Bengaluru,M.G. Road Corridor,ZONE_CENTRAL,13,2,412,11.8,6.0
Bengaluru,Central Silk Board Junction,ZONE_SOUTH,10,0,213,47.1,14.7
Delhi NCR,Gurgaon Cyber City Expressway,DELHI_GURGAON,12,1,153,37.8,26.6
Delhi NCR,Gurgaon Cyber City Expressway,DELHI_GURGAON,12,0,251,25.4,14.7
Mumbai,Western Express Highway (Andheri),MUMBAI_WEH,19,3,355,47.0,10.4
Delhi NCR,Gurgaon Cyber City Expressway,DELHI_GURGAON,12,6,161,43.8,30.4
Delhi NCR,AIIMS Ring Road Junction,DELHI_SOUTH,14,3,319,25.3,12.4
Bengaluru,Central Silk Board Junction,ZONE_SOUTH,22,4,200,39.1,25.1
Mumbai,Western Express Highway (Andheri),MUMBAI_WEH,2,1,425,15.4,6.0
Mumbai,Western Express Highway (Andheri),MUMBAI_WEH,18,2,354,44.1,9.8
Delhi NCR,AIIMS Ring Road Junction,DELHI_SOUTH,16,6,244,10.6,6.2
Bengaluru,Whitefield ITPB Main Road,ZONE_EAST,13,6,90,31.6,24.8
Bengaluru,Central Silk Board Junction,ZONE_SOUTH,9,1,238,8.9,6.0
Bengaluru,Whitefield ITPB Main Road,ZONE_EAST,7,6,130,47.3,34.7
Bengaluru,Whitefield ITPB Main Road,ZONE_EAST,16,0,389,32.9,13.2
Delhi NCR,Gurgaon Cyber City Expressway,DELHI_GURGAON,21,2,380,13.2,6.0
Bengaluru,M.G. Road Corridor,ZONE_CENTRAL,22,5,435,25.1,8.6
Mumbai,Bandra-Worli Sea Link Approach,MUMBAI_BANDRA,0,2,398,47.2,18.3
Bengaluru,Whitefield ITPB Main Road,ZONE_EAST,9,4,404,18.8,6.0
Bengaluru,Whitefield ITPB Main Road,ZONE_EAST,19,5,224,24.7,7.6
Bengaluru,Whitefield ITPB Main Road,ZONE_EAST,9,5,415,11.7,6.0
Mumbai,Western Express Highway (Andheri),MUMBAI_WEH,23,0,240,26.7,15.8
Mumbai,Bandra-Worli Sea Link Approach,MUMBAI_BANDRA,19,3,73,21.8,8.8
Mumbai,Bandra-Worli Sea Link Approach,MUMBAI_BANDRA,0,3,336,42.4,19.8
Mumbai,Bandra-Worli Sea Link Approach,MUMBAI_BANDRA,3,1,142,48.8,35.0
Delhi NCR,AIIMS Ring Road Junction,DELHI_SOUTH,17,4,463,24.8,6.0
Bengaluru,Whitefield ITPB Main Road,ZONE_EAST,10,5,106,33.8,12.9
Mumbai,Western Express Highway (Andheri),MUMBAI_WEH,10,4,395,8.4,6.0
Bengaluru,M.G. Road Corridor,ZONE_CENTRAL,15,3,425,40.9,14.5
Delhi NCR,AIIMS Ring Road Junction,DELHI_SOUTH,0,1,128,27.7,20.4
Bengaluru,Whitefield ITPB Main Road,ZONE_EAST,21,5,57,32.5,13.4
Bengaluru,Central Silk Board Junction,ZONE_SOUTH,19,2,451,42.1,6.7
Mumbai,Bandra-Worli Sea Link Approach,MUMBAI_BANDRA,9,1,376,40.8,8.5
Bengaluru,Hebbal Flyover to Airport,ZONE_NORTH,9,6,185,19.4,6.4
Mumbai,Bandra-Worli Sea Link Approach,MUMBAI_BANDRA,8,2,387,30.8,6.2
Mumbai,Bandra-Worli Sea Link Approach,MUMBAI_BANDRA,14,1,480,30.1,8.5
Bengaluru,M.G. Road Corridor,ZONE_CENTRAL,2,4,55,37.6,31.2
Mumbai,Bandra-Worli Sea Link Approach,MUMBAI_BANDRA,1,2,279,30.7,16.6
Bengaluru,Whitefield ITPB Main Road,ZONE_EAST,12,1,261,41.2,23.3
Delhi NCR,AIIMS Ring Road Junction,DELHI_SOUTH,9,5,283,14.2,6.0
Mumbai,Western Express Highway (Andheri),MUMBAI_WEH,13,6,78,39.3,31.4
Delhi NCR,AIIMS Ring Road Junction,DELHI_SOUTH,1,2,360,15.2,6.6
Bengaluru,M.G. Road Corridor,ZONE_CENTRAL,2,4,162,46.0,31.8
Bengaluru,Hebbal Flyover to Airport,ZONE_NORTH,11,4,371,34.6,7.3
Bengaluru,Hebbal Flyover to Airport,ZONE_NORTH,17,6,310,27.0,6.8
Bengaluru,Hebbal Flyover to Airport,ZONE_NORTH,23,2,249,30.3,17.6
Mumbai,Bandra-Worli Sea Link Approach,MUMBAI_BANDRA,4,2,121,12.9,9.6
Bengaluru,Hebbal Flyover to Airport,ZONE_NORTH,21,3,51,15.1,6.3
Bengaluru,Central Silk Board Junction,ZONE_SOUTH,9,5,391,16.7,6.0
Delhi NCR,Gurgaon Cyber City Expressway,DELHI_GURGAON,15,1,89,44.5,35.0
Bengaluru,Whitefield ITPB Main Road,ZONE_EAST,14,1,381,19.5,8.0
Bengaluru,Central Silk Board Junction,ZONE_SOUTH,19,5,355,44.6,9.9
Mumbai,Bandra-Worli Sea Link Approach,MUMBAI_BANDRA,15,5,326,48.9,23.5
Bengaluru,Hebbal Flyover to Airport,ZONE_NORTH,13,5,440,27.6,9.2
Bengaluru,M.G. Road Corridor,ZONE_CENTRAL,16,2,223,49.0,30.1
Bengaluru,M.G. Road Corridor,ZONE_CENTRAL,10,6,185,15.4,6.0
Bengaluru,Hebbal Flyover to Airport,ZONE_NORTH,12,5,249,8.2,6.0
Bengaluru,M.G. Road Corridor,ZONE_CENTRAL,21,3,253,21.8,6.3
Bengaluru,Hebbal Flyover to Airport,ZONE_NORTH,9,4,128,10.1,6.0
Bengaluru,Central Silk Board Junction,ZONE_SOUTH,7,6,339,35.5,16.5
Mumbai,Bandra-Worli Sea Link Approach,MUMBAI_BANDRA,12,0,98,24.0,18.6
Mumbai,Bandra-Worli Sea Link Approach,MUMBAI_BANDRA,15,5,398,31.4,12.2
Mumbai,Bandra-Worli Sea Link Approach,MUMBAI_BANDRA,13,6,438,19.1,6.4
Mumbai,Bandra-Worli Sea Link Approach,MUMBAI_BANDRA,10,6,63,28.8,11.8
Mumbai,Western Express Highway (Andheri),MUMBAI_WEH,8,1,227,15.3,6.0
Bengaluru,Hebbal Flyover to Airport,ZONE_NORTH,8,2,410,23.4,6.0
Delhi NCR,Gurgaon Cyber City Expressway,DELHI_GURGAON,10,1,235,13.7,6.0
Delhi NCR,AIIMS Ring Road Junction,DELHI_SOUTH,20,3,161,18.6,6.4
Mumbai,Bandra-Worli Sea Link Approach,MUMBAI_BANDRA,23,5,330,48.3,23.0
Bengaluru,Hebbal Flyover to Airport,ZONE_NORTH,23,4,427,35.9,12.6
Delhi NCR,AIIMS Ring Road Junction,DELHI_SOUTH,10,1,225,48.2,14.7
Bengaluru,M.G. Road Corridor,ZONE_CENTRAL,19,2,54,36.7,15.2
Delhi NCR,AIIMS Ring Road Junction,DELHI_SOUTH,19,4,90,46.5,18.2
Delhi NCR,Gurgaon Cyber City Expressway,DELHI_GURGAON,9,3,464,29.6,6.0
Mumbai,Western Express Highway (Andheri),MUMBAI_WEH,16,3,358,48.1,21.2
Delhi NCR,AIIMS Ring Road Junction,DELHI_SOUTH,17,6,154,16.2,6.0
Mumbai,Bandra-Worli Sea Link Approach,MUMBAI_BANDRA,0,4,94,15.6,12.2
Mumbai,Bandra-Worli Sea Link Approach,MUMBAI_BANDRA,7,5,125,20.1,14.9
Bengaluru,M.G. Road Corridor,ZONE_CENTRAL,9,1,169,21.9,7.5
Bengaluru,Central Silk Board Junction,ZONE_SOUTH,9,2,374,23.8,6.0
Mumbai,Western Express Highway (Andheri),MUMBAI_WEH,10,5,97,20.4,7.9
Bengaluru,Hebbal Flyover to Airport,ZONE_NORTH,14,0,56,34.7,28.7
Mumbai,Bandra-Worli Sea Link Approach,MUMBAI_BANDRA,5,5,292,46.9,24.6
Bengaluru,Central Silk Board Junction,ZONE_SOUTH,9,5,139,24.0,8.7
Bengaluru,Central Silk Board Junction,ZONE_SOUTH,7,0,103,49.8,38.2
Bengaluru,M.G. Road Corridor,ZONE_CENTRAL,7,5,269,17.8,9.9
Bengaluru,Hebbal Flyover to Airport,ZONE_NORTH,11,0,68,33.0,13.4
Delhi NCR,Gurgaon Cyber City Expressway,DELHI_GURGAON,22,6,312,48.1,24.0
Mumbai,Western Express Highway (Andheri),MUMBAI_WEH,1,2,132,49.0,35.8
Bengaluru,M.G. Road Corridor,ZONE_CENTRAL,11,3,200,23.9,7.7
Bengaluru,Whitefield ITPB Main Road,ZONE_EAST,0,2,289,40.5,21.4
Delhi NCR,Gurgaon Cyber City Expressway,DELHI_GURGAON,21,6,180,32.3,10.8
Delhi NCR,AIIMS Ring Road Junction,DELHI_SOUTH,12,4,472,32.8,9.6
Bengaluru,Hebbal Flyover to Airport,ZONE_NORTH,7,0,367,30.2,12.9
Delhi NCR,AIIMS Ring Road Junction,DELHI_SOUTH,9,3,273,8.1,6.0
Bengaluru,Whitefield ITPB Main Road,ZONE_EAST,17,0,432,19.6,6.0
Bengaluru,Central Silk Board Junction,ZONE_SOUTH,16,6,401,28.2,10.8
Delhi NCR,AIIMS Ring Road Junction,DELHI_SOUTH,17,1,221,11.0,6.0
Delhi NCR,Gurgaon Cyber City Expressway,DELHI_GURGAON,20,3,67,22.6,9.2
Bengaluru,M.G. Road Corridor,ZONE_CENTRAL,19,5,234,18.0,6.0
Bengaluru,Whitefield ITPB Main Road,ZONE_EAST,7,6,132,35.5,25.9
Bengaluru,Whitefield ITPB Main Road,ZONE_EAST,5,3,104,39.3,30.1
Bengaluru,Central Silk Board Junction,ZONE_SOUTH,1,6,64,22.9,18.7
Bengaluru,Central Silk Board Junction,ZONE_SOUTH,20,6,394,43.6,8.6
Bengaluru,Hebbal Flyover to Airport,ZONE_NORTH,20,0,58,49.7,20.5
Mumbai,Western Express Highway (Andheri),MUMBAI_WEH,2,1,242,31.8,18.7
Bengaluru,Central Silk Board Junction,ZONE_SOUTH,2,1,433,31.5,10.8
Bengaluru,M.G. Road Corridor,ZONE_CENTRAL,18,6,298,49.2,12.7
Bengaluru,Hebbal Flyover to Airport,ZONE_NORTH,12,2,302,18.0,9.2
Bengaluru,Hebbal Flyover to Airport,ZONE_NORTH,20,3,440,48.4,8.1
Delhi NCR,Gurgaon Cyber City Expressway,DELHI_GURGAON,15,2,358,36.7,16.1
Mumbai,Bandra-Worli Sea Link Approach,MUMBAI_BANDRA,10,4,376,39.0,8.1
Bengaluru,M.G. Road Corridor,ZONE_CENTRAL,15,6,306,47.5,24.1
Mumbai,Western Express Highway (Andheri),MUMBAI_WEH,16,4,448,22.7,7.4
Delhi NCR,Gurgaon Cyber City Expressway,DELHI_GURGAON,5,5,297,8.0,6.0
Bengaluru,Whitefield ITPB Main Road,ZONE_EAST,15,0,235,34.0,20.3
Delhi NCR,AIIMS Ring Road Junction,DELHI_SOUTH,3,6,392,10.8,6.0
Bengaluru,Hebbal Flyover to Airport,ZONE_NORTH,8,5,74,39.4,15.9
Delhi NCR,AIIMS Ring Road Junction,DELHI_SOUTH,9,4,433,38.7,6.6
Bengaluru,M.G. Road Corridor,ZONE_CENTRAL,3,5,469,10.7,6.0
Mumbai,Bandra-Worli Sea Link Approach,MUMBAI_BANDRA,16,2,457,29.0,9.1
Bengaluru,M.G. Road Corridor,ZONE_CENTRAL,9,1,479,14.6,6.0
Delhi NCR,Gurgaon Cyber City Expressway,DELHI_GURGAON,7,1,312,47.6,23.7
Bengaluru,M.G. Road Corridor,ZONE_CENTRAL,1,4,275,10.6,6.0
Bengaluru,Hebbal Flyover to Airport,ZONE_NORTH,18,0,215,19.4,6.0
Delhi NCR,Gurgaon Cyber City Expressway,DELHI_GURGAON,12,1,345,21.8,10.0
Bengaluru,M.G. Road Corridor,ZONE_CENTRAL,11,1,250,24.5,7.1
Bengaluru,M.G. Road Corridor,ZONE_CENTRAL,20,2,333,20.9,6.0
Delhi NCR,Gurgaon Cyber City Expressway,DELHI_GURGAON,20,5,405,32.8,6.2
Delhi NCR,AIIMS Ring Road Junction,DELHI_SOUTH,7,0,276,18.8,10.2
Bengaluru,Central Silk Board Junction,ZONE_SOUTH,23,5,410,48.9,18.2
Delhi NCR,AIIMS Ring Road Junction,DELHI_SOUTH,11,1,76,25.8,10.3
Delhi NCR,AIIMS Ring Road Junction,DELHI_SOUTH,0,1,478,15.8,6.0
Mumbai,Bandra-Worli Sea Link Approach,MUMBAI_BANDRA,14,4,285,39.8,21.2
Delhi NCR,Gurgaon Cyber City Expressway,DELHI_GURGAON,14,6,143,16.6,11.9
Bengaluru,Central Silk Board Junction,ZONE_SOUTH,8,1,351,12.1,6.0
Bengaluru,Hebbal Flyover to Airport,ZONE_NORTH,5,1,219,39.3,24.3
Bengaluru,Hebbal Flyover to Airport,ZONE_NORTH,0,5,112,26.6,20.1
Mumbai,Bandra-Worli Sea Link Approach,MUMBAI_BANDRA,14,6,427,20.8,7.3
Bengaluru,Central Silk Board Junction,ZONE_SOUTH,12,1,289,42.4,22.4
Bengaluru,Whitefield ITPB Main Road,ZONE_EAST,19,3,174,48.4,16.4
Bengaluru,Whitefield ITPB Main Road,ZONE_EAST,21,1,325,46.6,11.2
Bengaluru,Central Silk Board Junction,ZONE_SOUTH,3,6,415,20.7,7.6
Bengaluru,Central Silk Board Junction,ZONE_SOUTH,19,6,99,22.6,8.7
Mumbai,Bandra-Worli Sea Link Approach,MUMBAI_BANDRA,14,0,300,35.9,18.5
Bengaluru,Hebbal Flyover to Airport,ZONE_NORTH,9,4,394,43.8,8.6
Bengaluru,Whitefield ITPB Main Road,ZONE_EAST,2,1,129,14.6,10.7
Mumbai,Bandra-Worli Sea Link Approach,MUMBAI_BANDRA,13,4,370,31.2,13.2
Bengaluru,Central Silk Board Junction,ZONE_SOUTH,11,1,149,45.5,16.1
Delhi NCR,AIIMS Ring Road Junction,DELHI_SOUTH,16,6,54,13.9,11.5
Bengaluru,M.G. Road Corridor,ZONE_CENTRAL,17,1,90,24.6,9.6
Bengaluru,Whitefield ITPB Main Road,ZONE_EAST,6,4,306,49.9,25.3
Delhi NCR,Gurgaon Cyber City Expressway,DELHI_GURGAON,10,0,414,12.5,6.0
Delhi NCR,Gurgaon Cyber City Expressway,DELHI_GURGAON,22,3,158,19.2,13.4
Bengaluru,Whitefield ITPB Main Road,ZONE_EAST,10,5,360,22.0,6.0
Mumbai,Bandra-Worli Sea Link Approach,MUMBAI_BANDRA,8,4,85,49.7,19.6
Delhi NCR,AIIMS Ring Road Junction,DELHI_SOUTH,18,4,423,25.2,6.0
Delhi NCR,Gurgaon Cyber City Expressway,DELHI_GURGAON,1,4,349,12.5,6.0
Mumbai,Bandra-Worli Sea Link Approach,MUMBAI_BANDRA,17,4,244,34.5,10.1
Delhi NCR,Gurgaon Cyber City Expressway,DELHI_GURGAON,13,5,111,49.0,37.1
Bengaluru,Central Silk Board Junction,ZONE_SOUTH,10,1,145,21.4,7.6
Bengaluru,Central Silk Board Junction,ZONE_SOUTH,7,5,386,29.0,11.7
Mumbai,Western Express Highway (Andheri),MUMBAI_WEH,14,5,169,13.6,9.3
Bengaluru,Whitefield ITPB Main Road,ZONE_EAST,17,0,429,35.0,6.1
Delhi NCR,AIIMS Ring Road Junction,DELHI_SOUTH,5,1,454,42.1,13.3
Bengaluru,Central Silk Board Junction,ZONE_SOUTH,3,4,467,19.2,6.0
Bengaluru,Central Silk Board Junction,ZONE_SOUTH,5,5,297,37.5,19.4
Bengaluru,Whitefield ITPB Main Road,ZONE_EAST,16,0,145,14.5,10.3
Bengaluru,M.G. Road Corridor,ZONE_CENTRAL,16,2,213,46.3,29.0
Bengaluru,M.G. Road Corridor,ZONE_CENTRAL,16,0,128,11.0,8.1
Bengaluru,Central Silk Board Junction,ZONE_SOUTH,19,3,423,13.2,6.0
Bengaluru,Whitefield ITPB Main Road,ZONE_EAST,4,0,292,43.5,22.8
Bengaluru,Hebbal Flyover to Airport,ZONE_NORTH,0,2,476,12.5,6.0
Bengaluru,Central Silk Board Junction,ZONE_SOUTH,4,3,371,18.4,7.8
Delhi NCR,AIIMS Ring Road Junction,DELHI_SOUTH,9,1,452,37.1,6.0
Mumbai,Western Express Highway (Andheri),MUMBAI_WEH,23,1,187,12.1,8.0
Bengaluru,M.G. Road Corridor,ZONE_CENTRAL,4,5,141,45.2,32.5
Bengaluru,Central Silk Board Junction,ZONE_SOUTH,6,6,91,13.9,10.9
Bengaluru,Central Silk Board Junction,ZONE_SOUTH,17,5,188,49.1,16.2
Delhi NCR,AIIMS Ring Road Junction,DELHI_SOUTH,13,6,218,26.7,16.5
Delhi NCR,AIIMS Ring Road Junction,DELHI_SOUTH,19,6,370,45.6,9.7
Bengaluru,Hebbal Flyover to Airport,ZONE_NORTH,7,0,320,26.7,13.0
Mumbai,Bandra-Worli Sea Link Approach,MUMBAI_BANDRA,15,6,86,9.2,7.3
Bengaluru,Central Silk Board Junction,ZONE_SOUTH,3,3,141,21.5,15.5
Bengaluru,Central Silk Board Junction,ZONE_SOUTH,12,4,137,11.1,8.0
Mumbai,Bandra-Worli Sea Link Approach,MUMBAI_BANDRA,3,0,193,42.9,28.0
Bengaluru,M.G. Road Corridor,ZONE_CENTRAL,22,6,183,25.9,17.2
Bengaluru,Central Silk Board Junction,ZONE_SOUTH,2,1,403,29.9,11.4
Mumbai,Western Express Highway (Andheri),MUMBAI_WEH,10,3,318,41.9,10.3
Mumbai,Western Express Highway (Andheri),MUMBAI_WEH,23,1,249,36.8,21.3
Mumbai,Western Express Highway (Andheri),MUMBAI_WEH,0,5,51,34.8,29.0
Bengaluru,Whitefield ITPB Main Road,ZONE_EAST,0,5,376,50.0,20.8
Delhi NCR,AIIMS Ring Road Junction,DELHI_SOUTH,12,4,213,29.0,18.2
Delhi NCR,Gurgaon Cyber City Expressway,DELHI_GURGAON,4,3,224,14.9,9.1
Bengaluru,Hebbal Flyover to Airport,ZONE_NORTH,13,3,372,49.2,20.7
Bengaluru,Central Silk Board Junction,ZONE_SOUTH,6,0,217,27.8,17.3
Mumbai,Western Express Highway (Andheri),MUMBAI_WEH,2,5,94,11.1,8.6
Delhi NCR,Gurgaon Cyber City Expressway,DELHI_GURGAON,17,5,189,48.8,16.0
Mumbai,Bandra-Worli Sea Link Approach,MUMBAI_BANDRA,15,4,380,32.9,13.5
Bengaluru,Central Silk Board Junction,ZONE_SOUTH,4,3,154,48.8,34.3
Bengaluru,Whitefield ITPB Main Road,ZONE_EAST,5,2,331,45.4,21.5
Bengaluru,M.G. Road Corridor,ZONE_CENTRAL,21,5,148,42.2,15.0
Mumbai,Bandra-Worli Sea Link Approach,MUMBAI_BANDRA,17,5,356,48.7,10.8
Delhi NCR,AIIMS Ring Road Junction,DELHI_SOUTH,20,1,196,37.9,12.3
Bengaluru,Whitefield ITPB Main Road,ZONE_EAST,8,4,417,10.7,6.0
Mumbai,Bandra-Worli Sea Link Approach,MUMBAI_BANDRA,16,3,138,16.4,11.9
Bengaluru,Hebbal Flyover to Airport,ZONE_NORTH,1,5,352,19.4,8.7
Mumbai,Western Express Highway (Andheri),MUMBAI_WEH,8,5,319,23.3,6.0
Delhi NCR,AIIMS Ring Road Junction,DELHI_SOUTH,22,5,105,20.0,15.3
Bengaluru,M.G. Road Corridor,ZONE_CENTRAL,17,2,390,33.7,6.7
Mumbai,Western Express Highway (Andheri),MUMBAI_WEH,4,5,165,39.8,27.4
Bengaluru,Hebbal Flyover to Airport,ZONE_NORTH,7,1,286,18.6,9.9
Delhi NCR,Gurgaon Cyber City Expressway,DELHI_GURGAON,10,6,97,24.1,9.3
Bengaluru,Central Silk Board Junction,ZONE_SOUTH,16,1,150,33.5,23.7
Bengaluru,Hebbal Flyover to Airport,ZONE_NORTH,0,4,364,35.9,15.5
Bengaluru,Hebbal Flyover to Airport,ZONE_NORTH,2,5,79,34.0,27.1
Bengaluru,Hebbal Flyover to Airport,ZONE_NORTH,23,6,193,45.2,29.5
Bengaluru,Central Silk Board Junction,ZONE_SOUTH,9,5,62,22.0,9.0
Bengaluru,Hebbal Flyover to Airport,ZONE_NORTH,3,3,59,40.8,33.6
Bengaluru,Whitefield ITPB Main Road,ZONE_EAST,8,2,187,42.0,13.9
Bengaluru,Hebbal Flyover to Airport,ZONE_NORTH,1,0,252,43.7,25.2
Bengaluru,Whitefield ITPB Main Road,ZONE_EAST,2,2,153,49.7,35.0
Bengaluru,Hebbal Flyover to Airport,ZONE_NORTH,0,6,264,16.3,9.1
Bengaluru,Central Silk Board Junction,ZONE_SOUTH,2,2,249,45.7,26.5
Bengaluru,Hebbal Flyover to Airport,ZONE_NORTH,16,1,66,36.2,29.5
Bengaluru,M.G. Road Corridor,ZONE_CENTRAL,22,5,146,21.1,15.0
Delhi NCR,AIIMS Ring Road Junction,DELHI_SOUTH,16,4,208,45.1,28.5
Delhi NCR,Gurgaon Cyber City Expressway,DELHI_GURGAON,22,6,193,34.1,22.2
Delhi NCR,Gurgaon Cyber City Expressway,DELHI_GURGAON,0,1,356,33.0,14.6
Bengaluru,Hebbal Flyover to Airport,ZONE_NORTH,0,3,467,18.1,6.0
Delhi NCR,AIIMS Ring Road Junction,DELHI_SOUTH,18,5,262,37.2,10.5
Delhi NCR,AIIMS Ring Road Junction,DELHI_SOUTH,13,5,376,22.8,9.5
Mumbai,Bandra-Worli Sea Link Approach,MUMBAI_BANDRA,3,5,241,15.5,9.1
Delhi NCR,Gurgaon Cyber City Expressway,DELHI_GURGAON,4,4,422,39.3,14.0
Mumbai,Western Express Highway (Andheri),MUMBAI_WEH,7,0,348,37.2,16.8
Mumbai,Bandra-Worli Sea Link Approach,MUMBAI_BANDRA,0,5,386,14.6,6.0
Mumbai,Western Express Highway (Andheri),MUMBAI_WEH,18,5,168,29.5,10.1
Delhi NCR,Gurgaon Cyber City Expressway,DELHI_GURGAON,12,5,376,31.1,13.0
Bengaluru,Central Silk Board Junction,ZONE_SOUTH,16,4,195,14.4,9.3
Mumbai,Western Express Highway (Andheri),MUMBAI_WEH,5,0,267,27.2,15.1
Delhi NCR,AIIMS Ring Road Junction,DELHI_SOUTH,12,1,148,46.6,33.1
Bengaluru,M.G. Road Corridor,ZONE_CENTRAL,16,6,294,43.0,22.4
Delhi NCR,Gurgaon Cyber City Expressway,DELHI_GURGAON,23,0,320,9.9,6.0
Mumbai,Western Express Highway (Andheri),MUMBAI_WEH,23,0,219,26.2,16.2
Delhi NCR,AIIMS Ring Road Junction,DELHI_SOUTH,7,2,455,27.2,8.6
Delhi NCR,Gurgaon Cyber City Expressway,DELHI_GURGAON,0,2,356,45.0,19.9
Bengaluru,Central Silk Board Junction,ZONE_SOUTH,5,1,272,38.7,21.3
Bengaluru,M.G. Road Corridor,ZONE_CENTRAL,23,3,66,18.7,15.2
Bengaluru,Central Silk Board Junction,ZONE_SOUTH,1,0,349,27.3,12.3
Bengaluru,Central Silk Board Junction,ZONE_SOUTH,1,6,215,32.5,20.3
Bengaluru,Whitefield ITPB Main Road,ZONE_EAST,15,6,146,34.7,24.7
Mumbai,Bandra-Worli Sea Link Approach,MUMBAI_BANDRA,20,4,413,16.4,6.0
Delhi NCR,Gurgaon Cyber City Expressway,DELHI_GURGAON,3,4,251,35.0,20.2
Bengaluru,Whitefield ITPB Main Road,ZONE_EAST,9,1,311,40.6,10.2
Mumbai,Western Express Highway (Andheri),MUMBAI_WEH,23,2,115,28.3,21.3
Mumbai,Bandra-Worli Sea Link Approach,MUMBAI_BANDRA,10,1,172,33.4,11.3
Delhi NCR,Gurgaon Cyber City Expressway,DELHI_GURGAON,5,5,182,10.7,7.1
Delhi NCR,Gurgaon Cyber City Expressway,DELHI_GURGAON,21,2,459,41.9,6.5
Bengaluru,M.G. Road Corridor,ZONE_CENTRAL,7,0,229,15.4,9.3
Bengaluru,Hebbal Flyover to Airport,ZONE_NORTH,0,3,250,18.5,10.7
Mumbai,Western Express Highway (Andheri),MUMBAI_WEH,18,0,268,18.8,6.0
Bengaluru,M.G. Road Corridor,ZONE_CENTRAL,17,0,168,32.2,11.0
Bengaluru,Hebbal Flyover to Airport,ZONE_NORTH,8,5,389,27.8,6.0
Bengaluru,Whitefield ITPB Main Road,ZONE_EAST,9,5,109,8.4,6.0
Delhi NCR,AIIMS Ring Road Junction,DELHI_SOUTH,21,4,390,24.7,6.0
Bengaluru,Central Silk Board Junction,ZONE_SOUTH,12,1,63,46.8,38.3
Bengaluru,M.G. Road Corridor,ZONE_CENTRAL,2,5,134,28.9,21.0
Mumbai,Western Express Highway (Andheri),MUMBAI_WEH,1,4,54,42.6,35.4
Delhi NCR,AIIMS Ring Road Junction,DELHI_SOUTH,19,5,464,24.5,6.0
Bengaluru,Central Silk Board Junction,ZONE_SOUTH,11,6,469,21.5,6.0
Delhi NCR,Gurgaon Cyber City Expressway,DELHI_GURGAON,22,2,130,24.6,18.0
Bengaluru,Hebbal Flyover to Airport,ZONE_NORTH,8,2,446,18.4,6.0
Mumbai,Bandra-Worli Sea Link Approach,MUMBAI_BANDRA,9,6,290,49.9,13.2
Bengaluru,Whitefield ITPB Main Road,ZONE_EAST,5,0,404,28.4,10.8
Bengaluru,Central Silk Board Junction,ZONE_SOUTH,1,4,460,47.1,14.5
Delhi NCR,Gurgaon Cyber City Expressway,DELHI_GURGAON,15,5,208,43.8,27.7
Delhi NCR,AIIMS Ring Road Junction,DELHI_SOUTH,3,4,321,39.8,19.4
Mumbai,Bandra-Worli Sea Link Approach,MUMBAI_BANDRA,15,3,62,21.9,18.0
Bengaluru,Central Silk Board Junction,ZONE_SOUTH,14,4,403,24.6,9.4
Bengaluru,Hebbal Flyover to Airport,ZONE_NORTH,17,3,128,16.2,6.0
Bengaluru,Hebbal Flyover to Airport,ZONE_NORTH,10,5,308,41.5,10.5
Delhi NCR,AIIMS Ring Road Junction,DELHI_SOUTH,13,2,161,29.0,20.1
Bengaluru,Hebbal Flyover to Airport,ZONE_NORTH,9,2,327,30.0,7.2
Bengaluru,Central Silk Board Junction,ZONE_SOUTH,9,5,452,44.6,7.1
Delhi NCR,AIIMS Ring Road Junction,DELHI_SOUTH,13,1,282,47.5,25.5
Bengaluru,Hebbal Flyover to Airport,ZONE_NORTH,16,5,126,15.8,11.7
Mumbai,Bandra-Worli Sea Link Approach,MUMBAI_BANDRA,12,1,58,41.8,34.5
Bengaluru,M.G. Road Corridor,ZONE_CENTRAL,16,0,130,47.0,34.4
Mumbai,Western Express Highway (Andheri),MUMBAI_WEH,13,3,143,45.3,32.4
Bengaluru,Central Silk Board Junction,ZONE_SOUTH,16,5,217,27.6,17.1
Bengaluru,M.G. Road Corridor,ZONE_CENTRAL,6,1,274,19.3,10.6
Mumbai,Bandra-Worli Sea Link Approach,MUMBAI_BANDRA,20,1,327,49.5,11.9
Delhi NCR,Gurgaon Cyber City Expressway,DELHI_GURGAON,13,6,405,38.6,14.6
Bengaluru,Hebbal Flyover to Airport,ZONE_NORTH,23,1,131,23.1,16.9
Mumbai,Bandra-Worli Sea Link Approach,MUMBAI_BANDRA,16,5,317,9.7,6.0
Bengaluru,Central Silk Board Junction,ZONE_SOUTH,4,1,215,23.7,14.8
Bengaluru,M.G. Road Corridor,ZONE_CENTRAL,10,3,233,43.3,13.0
Delhi NCR,AIIMS Ring Road Junction,DELHI_SOUTH,7,1,311,41.5,20.8
Bengaluru,M.G. Road Corridor,ZONE_CENTRAL,14,6,407,26.6,10.0
Bengaluru,M.G. Road Corridor,ZONE_CENTRAL,7,6,102,30.3,23.3
Bengaluru,Whitefield ITPB Main Road,ZONE_EAST,7,5,338,40.0,18.6
Bengaluru,M.G. Road Corridor,ZONE_CENTRAL,22,0,429,13.7,6.0
Delhi NCR,Gurgaon Cyber City Expressway,DELHI_GURGAON,6,6,396,20.4,8.0
Bengaluru,Central Silk Board Junction,ZONE_SOUTH,16,5,79,47.1,37.6
Delhi NCR,Gurgaon Cyber City Expressway,DELHI_GURGAON,11,3,155,14.4,6.0
Delhi NCR,Gurgaon Cyber City Expressway,DELHI_GURGAON,17,4,397,30.4,6.0
Delhi NCR,AIIMS Ring Road Junction,DELHI_SOUTH,2,0,258,28.1,16.0
Bengaluru,Central Silk Board Junction,ZONE_SOUTH,3,4,135,17.3,12.6
Bengaluru,Whitefield ITPB Main Road,ZONE_EAST,9,2,82,16.6,6.6
Delhi NCR,AIIMS Ring Road Junction,DELHI_SOUTH,19,0,117,40.2,15.1
Bengaluru,M.G. Road Corridor,ZONE_CENTRAL,0,2,369,48.3,20.6
Bengaluru,Hebbal Flyover to Airport,ZONE_NORTH,2,6,339,32.3,15.0
Mumbai,Bandra-Worli Sea Link Approach,MUMBAI_BANDRA,23,1,233,41.1,24.7
Bengaluru,M.G. Road Corridor,ZONE_CENTRAL,12,0,60,49.6,40.8
Delhi NCR,AIIMS Ring Road Junction,DELHI_SOUTH,0,1,435,20.6,7.0
Delhi NCR,Gurgaon Cyber City Expressway,DELHI_GURGAON,7,1,176,45.6,30.7
Mumbai,Western Express Highway (Andheri),MUMBAI_WEH,5,5,434,22.3,7.6
Bengaluru,M.G. Road Corridor,ZONE_CENTRAL,20,2,161,36.8,12.8
Bengaluru,Whitefield ITPB Main Road,ZONE_EAST,20,0,233,43.4,13.0
Bengaluru,Hebbal Flyover to Airport,ZONE_NORTH,6,0,201,29.4,18.9
Delhi NCR,AIIMS Ring Road Junction,DELHI_SOUTH,2,0,384,33.3,13.5
Delhi NCR,AIIMS Ring Road Junction,DELHI_SOUTH,8,5,75,40.2,16.2
Delhi NCR,AIIMS Ring Road Junction,DELHI_SOUTH,3,3,210,28.6,18.0
Mumbai,Bandra-Worli Sea Link Approach,MUMBAI_BANDRA,22,4,118,47.5,35.5
Bengaluru,Hebbal Flyover to Airport,ZONE_NORTH,19,3,392,46.1,9.1
Bengaluru,Hebbal Flyover to Airport,ZONE_NORTH,15,4,69,49.4,40.1
Bengaluru,M.G. Road Corridor,ZONE_CENTRAL,3,4,294,27.0,14.1
Delhi NCR,AIIMS Ring Road Junction,DELHI_SOUTH,10,6,353,47.6,10.6
Mumbai,Bandra-Worli Sea Link Approach,MUMBAI_BANDRA,6,1,188,39.3,25.9
Mumbai,Western Express Highway (Andheri),MUMBAI_WEH,23,4,259,22.9,13.0
Bengaluru,Central Silk Board Junction,ZONE_SOUTH,11,3,237,41.7,12.4
Delhi NCR,AIIMS Ring Road Junction,DELHI_SOUTH,14,2,358,26.2,11.5
Delhi NCR,AIIMS Ring Road Junction,DELHI_SOUTH,13,1,162,20.9,14.5
Bengaluru,Central Silk Board Junction,ZONE_SOUTH,10,5,321,39.2,9.6
Bengaluru,M.G. Road Corridor,ZONE_CENTRAL,15,1,231,23.8,14.4
Bengaluru,Whitefield ITPB Main Road,ZONE_EAST,16,1,65,16.5,13.5
Bengaluru,Central Silk Board Junction,ZONE_SOUTH,3,5,422,46.7,16.7
Bengaluru,Whitefield ITPB Main Road,ZONE_EAST,13,0,385,48.8,19.8
Mumbai,Western Express Highway (Andheri),MUMBAI_WEH,4,5,227,42.7,26.0
Delhi NCR,AIIMS Ring Road Junction,DELHI_SOUTH,5,1,403,42.7,16.3
Bengaluru,Hebbal Flyover to Airport,ZONE_NORTH,4,6,343,39.2,18.0
Delhi NCR,Gurgaon Cyber City Expressway,DELHI_GURGAON,8,3,115,33.4,12.6
Mumbai,Western Express Highway (Andheri),MUMBAI_WEH,18,0,101,38.9,15.0
Bengaluru,Hebbal Flyover to Airport,ZONE_NORTH,11,6,172,16.3,6.0
Mumbai,Bandra-Worli Sea Link Approach,MUMBAI_BANDRA,0,1,217,39.7,24.7
Delhi NCR,AIIMS Ring Road Junction,DELHI_SOUTH,6,2,330,38.5,18.3
Mumbai,Bandra-Worli Sea Link Approach,MUMBAI_BANDRA,9,6,258,27.7,7.9
Bengaluru,Whitefield ITPB Main Road,ZONE_EAST,5,1,300,39.4,20.3
Mumbai,Bandra-Worli Sea Link Approach,MUMBAI_BANDRA,9,4,415,36.4,6.7
Delhi NCR,AIIMS Ring Road Junction,DELHI_SOUTH,0,3,330,19.8,9.4
Mumbai,Bandra-Worli Sea Link Approach,MUMBAI_BANDRA,2,0,258,19.8,11.3
Bengaluru,M.G. Road Corridor,ZONE_CENTRAL,8,1,228,33.2,10.1
Mumbai,Bandra-Worli Sea Link Approach,MUMBAI_BANDRA,15,6,105,49.1,37.6
Delhi NCR,AIIMS Ring Road Junction,DELHI_SOUTH,15,3,242,18.6,11.0
Delhi NCR,Gurgaon Cyber City Expressway,DELHI_GURGAON,17,1,201,41.2,13.2
Bengaluru,Whitefield ITPB Main Road,ZONE_EAST,23,4,86,41.6,32.8
Bengaluru,M.G. Road Corridor,ZONE_CENTRAL,20,2,193,19.0,6.2
Mumbai,Bandra-Worli Sea Link Approach,MUMBAI_BANDRA,17,4,245,8.0,6.0
Mumbai,Bandra-Worli Sea Link Approach,MUMBAI_BANDRA,17,5,65,49.0,20.0
Bengaluru,M.G. Road Corridor,ZONE_CENTRAL,0,3,309,19.5,9.8
Bengaluru,Central Silk Board Junction,ZONE_SOUTH,18,5,265,39.9,11.2
Mumbai,Bandra-Worli Sea Link Approach,MUMBAI_BANDRA,13,6,92,13.0,10.2
Bengaluru,M.G. Road Corridor,ZONE_CENTRAL,10,1,408,37.9,7.1
Mumbai,Bandra-Worli Sea Link Approach,MUMBAI_BANDRA,2,1,363,12.0,6.0
Delhi NCR,AIIMS Ring Road Junction,DELHI_SOUTH,1,6,229,36.8,22.3
Bengaluru,Whitefield ITPB Main Road,ZONE_EAST,21,3,385,34.7,7.0
Bengaluru,M.G. Road Corridor,ZONE_CENTRAL,18,1,97,40.4,15.7
Delhi NCR,Gurgaon Cyber City Expressway,DELHI_GURGAON,23,0,260,11.1,6.3
Delhi NCR,AIIMS Ring Road Junction,DELHI_SOUTH,20,0,456,42.3,6.6
Mumbai,Western Express Highway (Andheri),MUMBAI_WEH,4,4,229,15.9,9.6
Mumbai,Bandra-Worli Sea Link Approach,MUMBAI_BANDRA,10,3,285,27.8,7.4
Bengaluru,Central Silk Board Junction,ZONE_SOUTH,22,5,195,23.3,15.1
Delhi NCR,AIIMS Ring Road Junction,DELHI_SOUTH,18,3,274,22.3,6.1
Bengaluru,M.G. Road Corridor,ZONE_CENTRAL,19,2,229,26.7,8.1
Bengaluru,Whitefield ITPB Main Road,ZONE_EAST,16,1,409,34.9,13.1
Bengaluru,Central Silk Board Junction,ZONE_SOUTH,13,2,426,28.5,10.0
Mumbai,Western Express Highway (Andheri),MUMBAI_WEH,13,4,91,12.1,9.5
Mumbai,Western Express Highway (Andheri),MUMBAI_WEH,18,5,425,49.0,8.7
Bengaluru,Whitefield ITPB Main Road,ZONE_EAST,8,6,180,47.9,16.0
Delhi NCR,AIIMS Ring Road Junction,DELHI_SOUTH,5,6,378,46.4,19.2
Delhi NCR,Gurgaon Cyber City Expressway,DELHI_GURGAON,12,3,308,25.7,13.0
Mumbai,Western Express Highway (Andheri),MUMBAI_WEH,8,4,212,25.7,8.1
Bengaluru,Central Silk Board Junction,ZONE_SOUTH,0,3,456,46.1,14.5
Bengaluru,M.G. Road Corridor,ZONE_CENTRAL,9,4,193,14.8,6.0
Mumbai,Western Express Highway (Andheri),MUMBAI_WEH,1,3,457,8.4,6.0
Delhi NCR,Gurgaon Cyber City Expressway,DELHI_GURGAON,15,1,200,21.5,13.8
Bengaluru,M.G. Road Corridor,ZONE_CENTRAL,16,4,269,38.5,21.3
Bengaluru,M.G. Road Corridor,ZONE_CENTRAL,12,4,179,21.4,14.3
Bengaluru,M.G. Road Corridor,ZONE_CENTRAL,19,0,366,23.1,6.0
Bengaluru,Central Silk Board Junction,ZONE_SOUTH,23,2,462,10.4,6.0
Mumbai,Western Express Highway (Andheri),MUMBAI_WEH,0,6,250,35.1,20.3
Bengaluru,Central Silk Board Junction,ZONE_SOUTH,16,5,139,39.5,28.5
Mumbai,Western Express Highway (Andheri),MUMBAI_WEH,20,1,414,38.6,7.1
Bengaluru,M.G. Road Corridor,ZONE_CENTRAL,19,4,161,36.7,12.7
